,harmonised_code,nuts,nuts_0,nuts_1,nuts_2,nuts_3,harmonised_name,nuts3_name,nuts2_name,nuts1_name
0,M_75,FR101,FR,1,0,1,Paris,Paris,Île-de-France,Île-de-France
1,M_77,FR102,FR,1,0,2,Seine Et Marne,Seine-et-Marne,Île-de-France,Île-de-France
2,M_78,FR103,FR,1,0,3,Yvelines,Yvelines,Île-de-France,Île-de-France
3,M_91,FR104,FR,1,0,4,Essonne,Essonne,Île-de-France,Île-de-France
4,M_92,FR105,FR,1,0,5,Hauts De Seine,Hauts-de-Seine,Île-de-France,Île-de-France
5,M_93,FR106,FR,1,0,6,Seine Saint-Denis,Seine-Saint-Denis,Île-de-France,Île-de-France
6,M_94,FR107,FR,1,0,7,Val De Marne,Val-de-Marne,Île-de-France,Île-de-France
7,M_95,FR108,FR,1,0,8,Val D'Oise,Val-d’Oise,Île-de-France,Île-de-France
8,M_18,FRB01,FR,B,0,1,Cher,Cher,Centre-Val de Loire,Centre-Val de Loire
9,M_28,FRB02,FR,B,0,2,Eure Et Loir,Eure-et-Loir,Centre-Val de Loire,Centre-Val de Loire
10,M_36,FRB03,FR,B,0,3,Indre,Indre,Centre-Val de Loire,Centre-Val de Loire
11,M_37,FRB04,FR,B,0,4,Indre Et Loire,Indre-et-Loire,Centre-Val de Loire,Centre-Val de Loire
12,M_41,FRB05,FR,B,0,5,Loir Et Cher,Loir-et-Cher,Centre-Val de Loire,Centre-Val de Loire
13,M_45,FRB06,FR,B,0,6,Loiret,Loiret,Centre-Val de Loire,Centre-Val de Loire
14,M_21,FRC11,FR,C,1,1,Cote D'Or,Côte-d’Or,Bourgogne,Bourgogne-Franche-Comté
15,M_58,FRC12,FR,C,1,2,Nievre,Nièvre,Bourgogne,Bourgogne-Franche-Comté
16,M_71,FRC13,FR,C,1,3,Saone Et Loire,Saône-et-Loire,Bourgogne,Bourgogne-Franche-Comté
17,M_89,FRC14,FR,C,1,4,Yonne,Yonne,Bourgogne,Bourgogne-Franche-Comté
18,M_25,FRC21,FR,C,2,1,Doubs,Doubs,Franche-Comté,Bourgogne-Franche-Comté
19,M_39,FRC22,FR,C,2,2,Jura,Jura,Franche-Comté,Bourgogne-Franche-Comté
20,M_70,FRC23,FR,C,2,3,Haute Saone,Haute-Saône,Franche-Comté,Bourgogne-Franche-Comté
21,M_90,FRC24,FR,C,2,4,Territoire De Belfort,Territoire de Belfort,Franche-Comté,Bourgogne-Franche-Comté
22,M_14,FRD11,FR,D,1,1,Calvados,Calvados,Lower Normandy,Normandy
23,M_50,FRD12,FR,D,1,2,Manche,Manche,Lower Normandy,Normandy
24,M_61,FRD13,FR,D,1,3,Orne,Orne,Lower Normandy,Normandy
25,M_27,FRD21,FR,D,2,1,Eure,Eure,Upper Normandy,Normandy
26,M_76,FRD22,FR,D,2,2,Seine Maritime,Seine-Maritime,Upper Normandy,Normandy
27,M_59,FRE11,FR,E,1,1,Nord,Nord,Nord-Pas-de-Calais,Hauts-de-France
28,M_62,FRE12,FR,E,1,2,Pas De Calais,Pas-de-Calais,Nord-Pas-de-Calais,Hauts-de-France
29,M_02,FRE21,FR,E,2,1,Aisne,Aisne,Picardy,Hauts-de-France
30,M_60,FRE22,FR,E,2,2,Oise,Oise,Picardy,Hauts-de-France
31,M_80,FRE23,FR,E,2,3,Somme,Somme,Picardy,Hauts-de-France
32,M_67,FRF11,FR,F,1,1,Bas Rhin,Bas-Rhin,Alsace,Grand Est
33,M_68,FRF12,FR,F,1,2,Haut Rhin,Haut-Rhin,Alsace,Grand Est
34,M_08,FRF21,FR,F,2,1,Ardennes,Ardennes,Champagne-Ardenne,Grand Est
35,M_10,FRF22,FR,F,2,2,Aube,Aube,Champagne-Ardenne,Grand Est
36,M_51,FRF23,FR,F,2,3,Marne,Marne,Champagne-Ardenne,Grand Est
37,M_52,FRF24,FR,F,2,4,Haute Marne,Haute-Marne,Champagne-Ardenne,Grand Est
38,M_54,FRF31,FR,F,3,1,Meurthe Et Moselle,Meurthe-et-Moselle,Lorraine,Grand Est
39,M_55,FRF32,FR,F,3,2,Meuse,Meuse,Lorraine,Grand Est
40,M_57,FRF33,FR,F,3,3,Moselle,Moselle,Lorraine,Grand Est
41,M_88,FRF34,FR,F,3,4,Vosges,Vosges,Lorraine,Grand Est
42,M_44,FRG01,FR,G,0,1,Loire Atlantique,Loire-Atlantique,Pays de la Loire,Pays de la Loire
43,M_49,FRG02,FR,G,0,2,Maine Et Loire,Maine-et-Loire,Pays de la Loire,Pays de la Loire
44,M_53,FRG03,FR,G,0,3,Mayenne,Mayenne,Pays de la Loire,Pays de la Loire
45,M_72,FRG04,FR,G,0,4,Sarthe,Sarthe,Pays de la Loire,Pays de la Loire
46,M_85,FRG05,FR,G,0,5,Vendee,Vendée,Pays de la Loire,Pays de la Loire
47,M_22,FRH01,FR,H,0,1,Cotes D'Armor,Côtes-d’Armor,Brittany,Brittany
48,M_29,FRH02,FR,H,0,2,Finistere,Finistère,Brittany,Brittany
49,M_35,FRH03,FR,H,0,3,Ille Et Vilaine,Ille-et-Vilaine,Brittany,Brittany
50,M_56,FRH04,FR,H,0,4,Morbihan,Morbihan,Brittany,Brittany
51,M_24,FRI11,FR,I,1,1,Dordogne,Dordogne,Aquitaine,Nouvelle-Aquitaine
52,M_33,FRI12,FR,I,1,2,Gironde,Gironde,Aquitaine,Nouvelle-Aquitaine
53,M_40,FRI13,FR,I,1,3,Landes,Landes,Aquitaine,Nouvelle-Aquitaine
54,M_47,FRI14,FR,I,1,4,Lot Et Garonne,Lot-et-Garonne,Aquitaine,Nouvelle-Aquitaine
55,M_64,FRI15,FR,I,1,5,Pyrenees Atlantiques,Pyrénées-Atlantiques,Aquitaine,Nouvelle-Aquitaine
56,M_19,FRI21,FR,I,2,1,Correze,Corrèze,Limousin,Nouvelle-Aquitaine
57,M_23,FRI22,FR,I,2,2,Creuse,Creuse,Limousin,Nouvelle-Aquitaine
58,M_87,FRI23,FR,I,2,3,Haute Vienne,Haute-Vienne,Limousin,Nouvelle-Aquitaine
59,M_16,FRI31,FR,I,3,1,Charente,Charente,Poitou-Charentes,Nouvelle-Aquitaine
60,M_17,FRI32,FR,I,3,2,Charente-Maritime,Charente-Maritime,Poitou-Charentes,Nouvelle-Aquitaine
61,M_79,FRI33,FR,I,3,3,Deux Sevres,Deux-Sèvres,Poitou-Charentes,Nouvelle-Aquitaine
62,M_86,FRI34,FR,I,3,4,Vienne,Vienne,Poitou-Charentes,Nouvelle-Aquitaine
63,M_11,FRJ11,FR,J,1,1,Aude,Aude,Languedoc-Roussillon,Occitania
64,M_30,FRJ12,FR,J,1,2,Gard,Gard,Languedoc-Roussillon,Occitania
65,M_34,FRJ13,FR,J,1,3,Herault,Hérault,Languedoc-Roussillon,Occitania
66,M_48,FRJ14,FR,J,1,4,Lozere,Lozère,Languedoc-Roussillon,Occitania
67,M_66,FRJ15,FR,J,1,5,Pyrenees Orientales,Pyrénées-Orientales,Languedoc-Roussillon,Occitania
68,M_09,FRJ21,FR,J,2,1,Ariege,Ariège,Midi-Pyrénées,Occitania
69,M_12,FRJ22,FR,J,2,2,Aveyron,Aveyron,Midi-Pyrénées,Occitania
70,M_31,FRJ23,FR,J,2,3,Haute Garonne,Haute-Garonne,Midi-Pyrénées,Occitania
71,M_32,FRJ24,FR,J,2,4,Gers,Gers,Midi-Pyrénées,Occitania
72,M_46,FRJ25,FR,J,2,5,Lot,Lot,Midi-Pyrénées,Occitania
73,M_65,FRJ26,FR,J,2,6,Hautes-Pyrénées,Hautes-Pyrénées,Midi-Pyrénées,Occitania
74,M_81,FRJ27,FR,J,2,7,Tarn,Tarn,Midi-Pyrénées,Occitania
75,M_82,FRJ28,FR,J,2,8,Tarn Et Garonne,Tarn-et-Garonne,Midi-Pyrénées,Occitania
76,M_03,FRK11,FR,K,1,1,Allier,Allier,Auvergne,Auvergne-Rhône-Alpes
77,M_15,FRK12,FR,K,1,2,Cantal,Cantal,Auvergne,Auvergne-Rhône-Alpes
78,M_43,FRK13,FR,K,1,3,Haute Loire,Haute-Loire,Auvergne,Auvergne-Rhône-Alpes
79,M_63,FRK14,FR,K,1,4,Puy De Dome,Puy-de-Dôme,Auvergne,Auvergne-Rhône-Alpes
80,M_01,FRK21,FR,K,2,1,Ain,Ain,Rhône-Alpes,Auvergne-Rhône-Alpes
81,M_07,FRK22,FR,K,2,2,Ardeche,Ardèche,Rhône-Alpes,Auvergne-Rhône-Alpes
82,M_26,FRK23,FR,K,2,3,Drome,Drôme,Rhône-Alpes,Auvergne-Rhône-Alpes
83,M_38,FRK24,FR,K,2,4,Isere,Isère,Rhône-Alpes,Auvergne-Rhône-Alpes
84,M_42,FRK25,FR,K,2,5,Loire,Loire,Rhône-Alpes,Auvergne-Rhône-Alpes
85,M_69,FRK26,FR,K,2,6,Rhone,Rhône,Rhône-Alpes,Auvergne-Rhône-Alpes
86,M_73,FRK27,FR,K,2,7,Savoie,Savoie,Rhône-Alpes,Auvergne-Rhône-Alpes
87,M_74,FRK28,FR,K,2,8,Haute Savoie,Haute-Savoie,Rhône-Alpes,Auvergne-Rhône-Alpes
88,M_04,FRL01,FR,L,0,1,Alpes De Haute Provence,Alpes-de-Haute-Provence,Provence-Alpes-Côte d’Azur,Provence-Alpes-Côte d’Azur
89,M_05,FRL02,FR,L,0,2,Hautes Alpes,Hautes-Alpes,Provence-Alpes-Côte d’Azur,Provence-Alpes-Côte d’Azur
90,M_06,FRL03,FR,L,0,3,Alpes Maritimes,Alpes-Maritimes,Provence-Alpes-Côte d’Azur,Provence-Alpes-Côte d’Azur
91,M_13,FRL04,FR,L,0,4,Bouches Du Rhone,Bouches-du-Rhône,Provence-Alpes-Côte d’Azur,Provence-Alpes-Côte d’Azur
92,M_83,FRL05,FR,L,0,5,Var,Var,Provence-Alpes-Côte d’Azur,Provence-Alpes-Côte d’Azur
93,M_84,FRL06,FR,L,0,6,Vaucluse,Vaucluse,Provence-Alpes-Côte d’Azur,Provence-Alpes-Côte d’Azur
94,M_2A,FRM01,FR,M,0,1,Corse Sud,Corse-du-Sud,Corsica,Corsica
95,M_2B,FRM02,FR,M,0,2,Haute Corse,Haute-Corse,Corsica,Corsica
96,M_977,FRY10,FR,Y,1,0,Saint-Barthélemy,Guadeloupe et Saint Martin,Guadeloupe,Départements d’Outre Mer
97,M_971,FRY10,FR,Y,1,0,Guadeloupe,Guadeloupe et Saint Martin,Guadeloupe,Départements d’Outre Mer
98,M_ZA,FRY10,FR,Y,1,0,Guadeloupe,Guadeloupe et Saint Martin,Guadeloupe,Départements d’Outre Mer
99,M_ZX,FRY10,FR,Y,1,0,Saint-Martin/Saint-Barthélemy,Guadeloupe et Saint Martin,Guadeloupe,Départements d’Outre Mer
100,M_ZB,FRY20,FR,Y,2,0,Martinique,Martinique,Martinique,Départements d’Outre Mer
101,M_972,FRY20,FR,Y,2,0,Martinique,Martinique,Martinique,Départements d’Outre Mer
102,M_ZC,FRY30,FR,Y,3,0,Guyane,French Guiana,French Guiana,Départements d’Outre Mer
103,M_973,FRY30,FR,Y,3,0,Guyane,French Guiana,French Guiana,Départements d’Outre Mer
104,M_ZD,FRY40,FR,Y,4,0,La Reunion,La Réunion,La Réunion,Départements d’Outre Mer
105,M_974,FRY40,FR,Y,4,0,La Réunion,La Réunion,La Réunion,Départements d’Outre Mer
106,M_ZM,FRY50,FR,Y,5,0,Mayotte,Mayotte,Mayotte,Départements d’Outre Mer
107,M_976,FRY50,FR,Y,5,0,Mayotte,Mayotte,Mayotte,Départements d’Outre Mer
108,M_ZN,,,,,,Nouvelle Caledonie,,,
109,M_988,,,,,,Nouvelle-Calédonie,,,
110,M_ZP,,,,,,Polynesie Francaise,,,
111,M_987,,,,,,Polynésie Française,,,
112,M_ZS,,,,,,Saint Pierre Et Miquelon,,,
113,M_975,,,,,,Saint-Pierre-Et-Miquelon,,,
114,M_ZT,,,,,,Special,,,
115,M_ZY,,,,,,Special,,,
116,M_99,,,,,,Special,,,
117,M_ZW,,,,,,Wallis Et Futuna,,,
118,M_986,,,,,,Wallis Et Futuna,,,
119,M_ZZ,,,,,,Français Établis Hors De France,,,
