,election_date,election_type,harmonised_code,harmonised_name,type,name,votes
0,2009_06_07,european,ITC11,torino,0,eligible_voters,1829613.0
1,2009_06_07,european,ITC11,torino,1,issued_ballots,1262086.0
2,2009_06_07,european,ITC11,torino,2,ald,3911.0
3,2009_06_07,european,ITC11,torino,2,idv,127678.0
4,2009_06_07,european,ITC11,torino,2,ft,11091.0
5,2009_06_07,european,ITC11,torino,2,fn,4949.0
6,2009_06_07,european,ITC11,torino,2,pdl,359708.0
7,2009_06_07,european,ITC11,torino,2,ldmpa,9232.0
8,2009_06_07,european,ITC11,torino,2,lega,140024.0
9,2009_06_07,european,ITC11,torino,2,ldm,1616.0
10,2009_06_07,european,ITC11,torino,2,bonino,40253.0
11,2009_06_07,european,ITC11,torino,2,pcl,9988.0
12,2009_06_07,european,ITC11,torino,2,pd,330630.0
13,2009_06_07,european,ITC11,torino,2,rc,46135.0
14,2009_06_07,european,ITC11,torino,2,sel,32975.0
15,2009_06_07,european,ITC11,torino,2,udc,72849.0
16,2009_06_07,european,ITC11,torino,2,vda,3167.0
17,2009_06_07,european,ITC12,vercelli,0,eligible_voters,148117.0
18,2009_06_07,european,ITC12,vercelli,1,issued_ballots,110148.0
19,2009_06_07,european,ITC12,vercelli,2,ald,281.0
20,2009_06_07,european,ITC12,vercelli,2,idv,6353.0
21,2009_06_07,european,ITC12,vercelli,2,ft,957.0
22,2009_06_07,european,ITC12,vercelli,2,fn,477.0
23,2009_06_07,european,ITC12,vercelli,2,pdl,38580.0
24,2009_06_07,european,ITC12,vercelli,2,ldmpa,1347.0
25,2009_06_07,european,ITC12,vercelli,2,lega,18234.0
26,2009_06_07,european,ITC12,vercelli,2,ldm,137.0
27,2009_06_07,european,ITC12,vercelli,2,bonino,3001.0
28,2009_06_07,european,ITC12,vercelli,2,pcl,1113.0
29,2009_06_07,european,ITC12,vercelli,2,pd,22155.0
30,2009_06_07,european,ITC12,vercelli,2,rc,2974.0
31,2009_06_07,european,ITC12,vercelli,2,sel,1818.0
32,2009_06_07,european,ITC12,vercelli,2,udc,5142.0
33,2009_06_07,european,ITC12,vercelli,2,vda,301.0
34,2009_06_07,european,ITC13,biella,0,eligible_voters,145561.0
35,2009_06_07,european,ITC13,biella,1,issued_ballots,111201.0
36,2009_06_07,european,ITC13,biella,2,ald,327.0
37,2009_06_07,european,ITC13,biella,2,idv,6220.0
38,2009_06_07,european,ITC13,biella,2,ft,909.0
39,2009_06_07,european,ITC13,biella,2,fn,308.0
40,2009_06_07,european,ITC13,biella,2,pdl,38109.0
41,2009_06_07,european,ITC13,biella,2,ldmpa,802.0
42,2009_06_07,european,ITC13,biella,2,lega,17399.0
43,2009_06_07,european,ITC13,biella,2,ldm,98.0
44,2009_06_07,european,ITC13,biella,2,bonino,3286.0
45,2009_06_07,european,ITC13,biella,2,pcl,895.0
46,2009_06_07,european,ITC13,biella,2,pd,24419.0
47,2009_06_07,european,ITC13,biella,2,rc,3012.0
48,2009_06_07,european,ITC13,biella,2,sel,1497.0
49,2009_06_07,european,ITC13,biella,2,udc,4769.0
50,2009_06_07,european,ITC13,biella,2,vda,1216.0
51,2009_06_07,european,ITC14,verbanocusioossola,0,eligible_voters,140793.0
52,2009_06_07,european,ITC14,verbanocusioossola,1,issued_ballots,100334.0
53,2009_06_07,european,ITC14,verbanocusioossola,2,ald,261.0
54,2009_06_07,european,ITC14,verbanocusioossola,2,idv,5671.0
55,2009_06_07,european,ITC14,verbanocusioossola,2,ft,675.0
56,2009_06_07,european,ITC14,verbanocusioossola,2,fn,312.0
57,2009_06_07,european,ITC14,verbanocusioossola,2,pdl,34955.0
58,2009_06_07,european,ITC14,verbanocusioossola,2,ldmpa,484.0
59,2009_06_07,european,ITC14,verbanocusioossola,2,lega,18780.0
60,2009_06_07,european,ITC14,verbanocusioossola,2,ldm,110.0
61,2009_06_07,european,ITC14,verbanocusioossola,2,bonino,2423.0
62,2009_06_07,european,ITC14,verbanocusioossola,2,pcl,687.0
63,2009_06_07,european,ITC14,verbanocusioossola,2,pd,20804.0
64,2009_06_07,european,ITC14,verbanocusioossola,2,rc,3000.0
65,2009_06_07,european,ITC14,verbanocusioossola,2,sel,1748.0
66,2009_06_07,european,ITC14,verbanocusioossola,2,udc,3800.0
67,2009_06_07,european,ITC14,verbanocusioossola,2,vda,207.0
68,2009_06_07,european,ITC15,novara,0,eligible_voters,196928.0
69,2009_06_07,european,ITC15,novara,1,issued_ballots,142556.0
70,2009_06_07,european,ITC15,novara,2,ald,292.0
71,2009_06_07,european,ITC15,novara,2,idv,9167.0
72,2009_06_07,european,ITC15,novara,2,ft,1042.0
73,2009_06_07,european,ITC15,novara,2,fn,594.0
74,2009_06_07,european,ITC15,novara,2,pdl,48239.0
75,2009_06_07,european,ITC15,novara,2,ldmpa,1486.0
76,2009_06_07,european,ITC15,novara,2,lega,24624.0
77,2009_06_07,european,ITC15,novara,2,ldm,152.0
78,2009_06_07,european,ITC15,novara,2,bonino,3657.0
79,2009_06_07,european,ITC15,novara,2,pcl,1040.0
80,2009_06_07,european,ITC15,novara,2,pd,29055.0
81,2009_06_07,european,ITC15,novara,2,rc,3750.0
82,2009_06_07,european,ITC15,novara,2,sel,2965.0
83,2009_06_07,european,ITC15,novara,2,udc,7045.0
84,2009_06_07,european,ITC15,novara,2,vda,160.0
85,2009_06_07,european,ITC16,cuneo,0,eligible_voters,462398.0
86,2009_06_07,european,ITC16,cuneo,1,issued_ballots,350192.0
87,2009_06_07,european,ITC16,cuneo,2,ald,1191.0
88,2009_06_07,european,ITC16,cuneo,2,idv,22472.0
89,2009_06_07,european,ITC16,cuneo,2,ft,2244.0
90,2009_06_07,european,ITC16,cuneo,2,fn,1528.0
91,2009_06_07,european,ITC16,cuneo,2,pdl,95656.0
92,2009_06_07,european,ITC16,cuneo,2,ldmpa,2192.0
93,2009_06_07,european,ITC16,cuneo,2,lega,78662.0
94,2009_06_07,european,ITC16,cuneo,2,ldm,430.0
95,2009_06_07,european,ITC16,cuneo,2,bonino,10719.0
96,2009_06_07,european,ITC16,cuneo,2,pcl,1718.0
97,2009_06_07,european,ITC16,cuneo,2,pd,56942.0
98,2009_06_07,european,ITC16,cuneo,2,rc,6146.0
99,2009_06_07,european,ITC16,cuneo,2,sel,5067.0
100,2009_06_07,european,ITC16,cuneo,2,udc,27572.0
101,2009_06_07,european,ITC16,cuneo,2,vda,470.0
102,2009_06_07,european,ITC17,asti,0,eligible_voters,173978.0
103,2009_06_07,european,ITC17,asti,1,issued_ballots,120617.0
104,2009_06_07,european,ITC17,asti,2,ald,275.0
105,2009_06_07,european,ITC17,asti,2,idv,8732.0
106,2009_06_07,european,ITC17,asti,2,ft,890.0
107,2009_06_07,european,ITC17,asti,2,fn,582.0
108,2009_06_07,european,ITC17,asti,2,pdl,38118.0
109,2009_06_07,european,ITC17,asti,2,ldmpa,813.0
110,2009_06_07,european,ITC17,asti,2,lega,20877.0
111,2009_06_07,european,ITC17,asti,2,ldm,175.0
112,2009_06_07,european,ITC17,asti,2,bonino,2902.0
113,2009_06_07,european,ITC17,asti,2,pcl,970.0
114,2009_06_07,european,ITC17,asti,2,pd,25585.0
115,2009_06_07,european,ITC17,asti,2,rc,3020.0
116,2009_06_07,european,ITC17,asti,2,sel,1607.0
117,2009_06_07,european,ITC17,asti,2,udc,7664.0
118,2009_06_07,european,ITC17,asti,2,vda,250.0
119,2009_06_07,european,ITC18,alessandria,0,eligible_voters,359615.0
120,2009_06_07,european,ITC18,alessandria,1,issued_ballots,260074.0
121,2009_06_07,european,ITC18,alessandria,2,ald,462.0
122,2009_06_07,european,ITC18,alessandria,2,idv,16471.0
123,2009_06_07,european,ITC18,alessandria,2,ft,1936.0
124,2009_06_07,european,ITC18,alessandria,2,fn,1245.0
125,2009_06_07,european,ITC18,alessandria,2,pdl,86722.0
126,2009_06_07,european,ITC18,alessandria,2,ldmpa,1633.0
127,2009_06_07,european,ITC18,alessandria,2,lega,37137.0
128,2009_06_07,european,ITC18,alessandria,2,ldm,264.0
129,2009_06_07,european,ITC18,alessandria,2,bonino,6868.0
130,2009_06_07,european,ITC18,alessandria,2,pcl,2158.0
131,2009_06_07,european,ITC18,alessandria,2,pd,60536.0
132,2009_06_07,european,ITC18,alessandria,2,rc,8469.0
133,2009_06_07,european,ITC18,alessandria,2,sel,6029.0
134,2009_06_07,european,ITC18,alessandria,2,udc,12715.0
135,2009_06_07,european,ITC18,alessandria,2,vda,460.0
136,2009_06_07,european,ITC20,valle daosta,0,eligible_voters,102764.0
137,2009_06_07,european,ITC20,valle daosta,1,issued_ballots,60391.0
138,2009_06_07,european,ITC20,valle daosta,2,ald,10320.0
139,2009_06_07,european,ITC20,valle daosta,2,idv,2297.0
140,2009_06_07,european,ITC20,valle daosta,2,ft,197.0
141,2009_06_07,european,ITC20,valle daosta,2,fn,131.0
142,2009_06_07,european,ITC20,valle daosta,2,pdl,8103.0
143,2009_06_07,european,ITC20,valle daosta,2,ldmpa,140.0
144,2009_06_07,european,ITC20,valle daosta,2,lega,2445.0
145,2009_06_07,european,ITC20,valle daosta,2,ldm,56.0
146,2009_06_07,european,ITC20,valle daosta,2,bonino,1109.0
147,2009_06_07,european,ITC20,valle daosta,2,pcl,296.0
148,2009_06_07,european,ITC20,valle daosta,2,pd,7161.0
149,2009_06_07,european,ITC20,valle daosta,2,rc,1270.0
150,2009_06_07,european,ITC20,valle daosta,2,sel,455.0
151,2009_06_07,european,ITC20,valle daosta,2,udc,1093.0
152,2009_06_07,european,ITC20,valle daosta,2,vda,20686.0
153,2009_06_07,european,ITC31,imperia,0,eligible_voters,179288.0
154,2009_06_07,european,ITC31,imperia,1,issued_ballots,123945.0
155,2009_06_07,european,ITC31,imperia,2,ald,203.0
156,2009_06_07,european,ITC31,imperia,2,idv,8234.0
157,2009_06_07,european,ITC31,imperia,2,ft,800.0
158,2009_06_07,european,ITC31,imperia,2,fn,584.0
159,2009_06_07,european,ITC31,imperia,2,pdl,51156.0
160,2009_06_07,european,ITC31,imperia,2,ldmpa,668.0
161,2009_06_07,european,ITC31,imperia,2,lega,15778.0
162,2009_06_07,european,ITC31,imperia,2,ldm,206.0
163,2009_06_07,european,ITC31,imperia,2,bonino,4168.0
164,2009_06_07,european,ITC31,imperia,2,pcl,888.0
165,2009_06_07,european,ITC31,imperia,2,pd,21497.0
166,2009_06_07,european,ITC31,imperia,2,rc,3128.0
167,2009_06_07,european,ITC31,imperia,2,sel,2242.0
168,2009_06_07,european,ITC31,imperia,2,udc,6973.0
169,2009_06_07,european,ITC31,imperia,2,vda,224.0
170,2009_06_07,european,ITC32,savona,0,eligible_voters,125347.0
171,2009_06_07,european,ITC32,savona,1,issued_ballots,89429.0
172,2009_06_07,european,ITC32,savona,2,ald,117.0
173,2009_06_07,european,ITC32,savona,2,idv,6355.0
174,2009_06_07,european,ITC32,savona,2,ft,581.0
175,2009_06_07,european,ITC32,savona,2,fn,379.0
176,2009_06_07,european,ITC32,savona,2,pdl,33747.0
177,2009_06_07,european,ITC32,savona,2,ldmpa,535.0
178,2009_06_07,european,ITC32,savona,2,lega,11169.0
179,2009_06_07,european,ITC32,savona,2,ldm,148.0
180,2009_06_07,european,ITC32,savona,2,bonino,2277.0
181,2009_06_07,european,ITC32,savona,2,pcl,812.0
182,2009_06_07,european,ITC32,savona,2,pd,17758.0
183,2009_06_07,european,ITC32,savona,2,rc,2372.0
184,2009_06_07,european,ITC32,savona,2,sel,1543.0
185,2009_06_07,european,ITC32,savona,2,udc,4243.0
186,2009_06_07,european,ITC32,savona,2,vda,137.0
187,2009_06_07,european,ITC33,genova,0,eligible_voters,754128.0
188,2009_06_07,european,ITC33,genova,1,issued_ballots,462547.0
189,2009_06_07,european,ITC33,genova,2,ald,733.0
190,2009_06_07,european,ITC33,genova,2,idv,42491.0
191,2009_06_07,european,ITC33,genova,2,ft,2279.0
192,2009_06_07,european,ITC33,genova,2,fn,2131.0
193,2009_06_07,european,ITC33,genova,2,pdl,139935.0
194,2009_06_07,european,ITC33,genova,2,ldmpa,2394.0
195,2009_06_07,european,ITC33,genova,2,lega,39059.0
196,2009_06_07,european,ITC33,genova,2,ldm,507.0
197,2009_06_07,european,ITC33,genova,2,bonino,12817.0
198,2009_06_07,european,ITC33,genova,2,pcl,4915.0
199,2009_06_07,european,ITC33,genova,2,pd,146613.0
200,2009_06_07,european,ITC33,genova,2,rc,18612.0
201,2009_06_07,european,ITC33,genova,2,sel,10485.0
202,2009_06_07,european,ITC33,genova,2,udc,22431.0
203,2009_06_07,european,ITC33,genova,2,vda,625.0
204,2009_06_07,european,ITC34,la spezia,0,eligible_voters,182562.0
205,2009_06_07,european,ITC34,la spezia,1,issued_ballots,122241.0
206,2009_06_07,european,ITC34,la spezia,2,ald,162.0
207,2009_06_07,european,ITC34,la spezia,2,idv,8911.0
208,2009_06_07,european,ITC34,la spezia,2,ft,798.0
209,2009_06_07,european,ITC34,la spezia,2,fn,409.0
210,2009_06_07,european,ITC34,la spezia,2,pdl,38305.0
211,2009_06_07,european,ITC34,la spezia,2,ldmpa,810.0
212,2009_06_07,european,ITC34,la spezia,2,lega,9094.0
213,2009_06_07,european,ITC34,la spezia,2,ldm,950.0
214,2009_06_07,european,ITC34,la spezia,2,bonino,2733.0
215,2009_06_07,european,ITC34,la spezia,2,pcl,1181.0
216,2009_06_07,european,ITC34,la spezia,2,pd,40543.0
217,2009_06_07,european,ITC34,la spezia,2,rc,5375.0
218,2009_06_07,european,ITC34,la spezia,2,sel,3245.0
219,2009_06_07,european,ITC34,la spezia,2,udc,4486.0
220,2009_06_07,european,ITC34,la spezia,2,vda,109.0
221,2009_06_07,european,ITC41,varese,0,eligible_voters,692452.0
222,2009_06_07,european,ITC41,varese,1,issued_ballots,475174.0
223,2009_06_07,european,ITC41,varese,2,ald,892.0
224,2009_06_07,european,ITC41,varese,2,idv,29373.0
225,2009_06_07,european,ITC41,varese,2,ft,2957.0
226,2009_06_07,european,ITC41,varese,2,fn,2439.0
227,2009_06_07,european,ITC41,varese,2,pdl,156676.0
228,2009_06_07,european,ITC41,varese,2,ldmpa,4524.0
229,2009_06_07,european,ITC41,varese,2,lega,120019.0
230,2009_06_07,european,ITC41,varese,2,ldm,576.0
231,2009_06_07,european,ITC41,varese,2,bonino,11255.0
232,2009_06_07,european,ITC41,varese,2,pcl,3386.0
233,2009_06_07,european,ITC41,varese,2,pd,82808.0
234,2009_06_07,european,ITC41,varese,2,rc,10626.0
235,2009_06_07,european,ITC41,varese,2,sel,7464.0
236,2009_06_07,european,ITC41,varese,2,udc,23729.0
237,2009_06_07,european,ITC41,varese,2,vda,533.0
238,2009_06_07,european,ITC42,como,0,eligible_voters,454606.0
239,2009_06_07,european,ITC42,como,1,issued_ballots,322698.0
240,2009_06_07,european,ITC42,como,2,ald,672.0
241,2009_06_07,european,ITC42,como,2,idv,18468.0
242,2009_06_07,european,ITC42,como,2,ft,2173.0
243,2009_06_07,european,ITC42,como,2,fn,1929.0
244,2009_06_07,european,ITC42,como,2,pdl,112662.0
245,2009_06_07,european,ITC42,como,2,ldmpa,2921.0
246,2009_06_07,european,ITC42,como,2,lega,81914.0
247,2009_06_07,european,ITC42,como,2,ldm,358.0
248,2009_06_07,european,ITC42,como,2,bonino,7774.0
249,2009_06_07,european,ITC42,como,2,pcl,2034.0
250,2009_06_07,european,ITC42,como,2,pd,50923.0
251,2009_06_07,european,ITC42,como,2,rc,6304.0
252,2009_06_07,european,ITC42,como,2,sel,4864.0
253,2009_06_07,european,ITC42,como,2,udc,16026.0
254,2009_06_07,european,ITC42,como,2,vda,350.0
255,2009_06_07,european,ITC43,lecco,0,eligible_voters,255215.0
256,2009_06_07,european,ITC43,lecco,1,issued_ballots,194869.0
257,2009_06_07,european,ITC43,lecco,2,ald,341.0
258,2009_06_07,european,ITC43,lecco,2,idv,10490.0
259,2009_06_07,european,ITC43,lecco,2,ft,897.0
260,2009_06_07,european,ITC43,lecco,2,fn,828.0
261,2009_06_07,european,ITC43,lecco,2,pdl,58258.0
262,2009_06_07,european,ITC43,lecco,2,ldmpa,1356.0
263,2009_06_07,european,ITC43,lecco,2,lega,48461.0
264,2009_06_07,european,ITC43,lecco,2,ldm,167.0
265,2009_06_07,european,ITC43,lecco,2,bonino,4347.0
266,2009_06_07,european,ITC43,lecco,2,pcl,876.0
267,2009_06_07,european,ITC43,lecco,2,pd,41105.0
268,2009_06_07,european,ITC43,lecco,2,rc,4176.0
269,2009_06_07,european,ITC43,lecco,2,sel,4116.0
270,2009_06_07,european,ITC43,lecco,2,udc,10294.0
271,2009_06_07,european,ITC43,lecco,2,vda,148.0
272,2009_06_07,european,ITC44,sondrio,0,eligible_voters,152034.0
273,2009_06_07,european,ITC44,sondrio,1,issued_ballots,108034.0
274,2009_06_07,european,ITC44,sondrio,2,ald,195.0
275,2009_06_07,european,ITC44,sondrio,2,idv,4816.0
276,2009_06_07,european,ITC44,sondrio,2,ft,397.0
277,2009_06_07,european,ITC44,sondrio,2,fn,403.0
278,2009_06_07,european,ITC44,sondrio,2,pdl,24878.0
279,2009_06_07,european,ITC44,sondrio,2,ldmpa,681.0
280,2009_06_07,european,ITC44,sondrio,2,lega,39795.0
281,2009_06_07,european,ITC44,sondrio,2,ldm,112.0
282,2009_06_07,european,ITC44,sondrio,2,bonino,2065.0
283,2009_06_07,european,ITC44,sondrio,2,pcl,415.0
284,2009_06_07,european,ITC44,sondrio,2,pd,13637.0
285,2009_06_07,european,ITC44,sondrio,2,rc,1863.0
286,2009_06_07,european,ITC44,sondrio,2,sel,1282.0
287,2009_06_07,european,ITC44,sondrio,2,udc,4259.0
288,2009_06_07,european,ITC44,sondrio,2,vda,57.0
289,2009_06_07,european,ITC46,bergamo,0,eligible_voters,824683.0
290,2009_06_07,european,ITC46,bergamo,1,issued_ballots,646295.0
291,2009_06_07,european,ITC46,bergamo,2,ald,964.0
292,2009_06_07,european,ITC46,bergamo,2,idv,39380.0
293,2009_06_07,european,ITC46,bergamo,2,ft,3362.0
294,2009_06_07,european,ITC46,bergamo,2,fn,3539.0
295,2009_06_07,european,ITC46,bergamo,2,pdl,184011.0
296,2009_06_07,european,ITC46,bergamo,2,ldmpa,6272.0
297,2009_06_07,european,ITC46,bergamo,2,lega,204369.0
298,2009_06_07,european,ITC46,bergamo,2,ldm,829.0
299,2009_06_07,european,ITC46,bergamo,2,bonino,12653.0
300,2009_06_07,european,ITC46,bergamo,2,pcl,2997.0
301,2009_06_07,european,ITC46,bergamo,2,pd,104020.0
302,2009_06_07,european,ITC46,bergamo,2,rc,13031.0
303,2009_06_07,european,ITC46,bergamo,2,sel,11195.0
304,2009_06_07,european,ITC46,bergamo,2,udc,33423.0
305,2009_06_07,european,ITC46,bergamo,2,vda,408.0
306,2009_06_07,european,ITC47,brescia,0,eligible_voters,908215.0
307,2009_06_07,european,ITC47,brescia,1,issued_ballots,716243.0
308,2009_06_07,european,ITC47,brescia,2,ald,921.0
309,2009_06_07,european,ITC47,brescia,2,idv,38008.0
310,2009_06_07,european,ITC47,brescia,2,ft,3418.0
311,2009_06_07,european,ITC47,brescia,2,fn,4685.0
312,2009_06_07,european,ITC47,brescia,2,pdl,210408.0
313,2009_06_07,european,ITC47,brescia,2,ldmpa,5524.0
314,2009_06_07,european,ITC47,brescia,2,lega,198940.0
315,2009_06_07,european,ITC47,brescia,2,ldm,1184.0
316,2009_06_07,european,ITC47,brescia,2,bonino,14201.0
317,2009_06_07,european,ITC47,brescia,2,pcl,4370.0
318,2009_06_07,european,ITC47,brescia,2,pd,134703.0
319,2009_06_07,european,ITC47,brescia,2,rc,15221.0
320,2009_06_07,european,ITC47,brescia,2,sel,12004.0
321,2009_06_07,european,ITC47,brescia,2,svp,4.0
322,2009_06_07,european,ITC47,brescia,2,udc,42396.0
323,2009_06_07,european,ITC47,brescia,2,vda,366.0
324,2009_06_07,european,ITC48,pavia,0,eligible_voters,426201.0
325,2009_06_07,european,ITC48,pavia,1,issued_ballots,316687.0
326,2009_06_07,european,ITC48,pavia,2,ald,544.0
327,2009_06_07,european,ITC48,pavia,2,idv,18913.0
328,2009_06_07,european,ITC48,pavia,2,ft,2808.0
329,2009_06_07,european,ITC48,pavia,2,fn,2252.0
330,2009_06_07,european,ITC48,pavia,2,pdl,112761.0
331,2009_06_07,european,ITC48,pavia,2,ldmpa,3078.0
332,2009_06_07,european,ITC48,pavia,2,lega,55745.0
333,2009_06_07,european,ITC48,pavia,2,ldm,590.0
334,2009_06_07,european,ITC48,pavia,2,bonino,8442.0
335,2009_06_07,european,ITC48,pavia,2,pcl,3292.0
336,2009_06_07,european,ITC48,pavia,2,pd,64060.0
337,2009_06_07,european,ITC48,pavia,2,rc,9223.0
338,2009_06_07,european,ITC48,pavia,2,sel,4921.0
339,2009_06_07,european,ITC48,pavia,2,udc,13892.0
340,2009_06_07,european,ITC48,pavia,2,vda,486.0
341,2009_06_07,european,ITC49,lodi,0,eligible_voters,170478.0
342,2009_06_07,european,ITC49,lodi,1,issued_ballots,132878.0
343,2009_06_07,european,ITC49,lodi,2,ald,155.0
344,2009_06_07,european,ITC49,lodi,2,idv,7093.0
345,2009_06_07,european,ITC49,lodi,2,ft,714.0
346,2009_06_07,european,ITC49,lodi,2,fn,1556.0
347,2009_06_07,european,ITC49,lodi,2,pdl,42913.0
348,2009_06_07,european,ITC49,lodi,2,ldmpa,1194.0
349,2009_06_07,european,ITC49,lodi,2,lega,26984.0
350,2009_06_07,european,ITC49,lodi,2,ldm,139.0
351,2009_06_07,european,ITC49,lodi,2,bonino,2599.0
352,2009_06_07,european,ITC49,lodi,2,pcl,1433.0
353,2009_06_07,european,ITC49,lodi,2,pd,28883.0
354,2009_06_07,european,ITC49,lodi,2,rc,4104.0
355,2009_06_07,european,ITC49,lodi,2,sel,2185.0
356,2009_06_07,european,ITC49,lodi,2,udc,6299.0
357,2009_06_07,european,ITC49,lodi,2,vda,108.0
358,2009_06_07,european,ITC4A,cremona,0,eligible_voters,277558.0
359,2009_06_07,european,ITC4A,cremona,1,issued_ballots,216476.0
360,2009_06_07,european,ITC4A,cremona,2,ald,300.0
361,2009_06_07,european,ITC4A,cremona,2,idv,10090.0
362,2009_06_07,european,ITC4A,cremona,2,ft,1349.0
363,2009_06_07,european,ITC4A,cremona,2,fn,1243.0
364,2009_06_07,european,ITC4A,cremona,2,pdl,69056.0
365,2009_06_07,european,ITC4A,cremona,2,ldmpa,2076.0
366,2009_06_07,european,ITC4A,cremona,2,lega,45356.0
367,2009_06_07,european,ITC4A,cremona,2,ldm,216.0
368,2009_06_07,european,ITC4A,cremona,2,bonino,4425.0
369,2009_06_07,european,ITC4A,cremona,2,pcl,1775.0
370,2009_06_07,european,ITC4A,cremona,2,pd,47714.0
371,2009_06_07,european,ITC4A,cremona,2,rc,6647.0
372,2009_06_07,european,ITC4A,cremona,2,sel,3715.0
373,2009_06_07,european,ITC4A,cremona,2,udc,11804.0
374,2009_06_07,european,ITC4A,cremona,2,vda,164.0
375,2009_06_07,european,ITC4B,mantova,0,eligible_voters,236303.0
376,2009_06_07,european,ITC4B,mantova,1,issued_ballots,172538.0
377,2009_06_07,european,ITC4B,mantova,2,ald,203.0
378,2009_06_07,european,ITC4B,mantova,2,idv,9141.0
379,2009_06_07,european,ITC4B,mantova,2,ft,1113.0
380,2009_06_07,european,ITC4B,mantova,2,fn,719.0
381,2009_06_07,european,ITC4B,mantova,2,pdl,42886.0
382,2009_06_07,european,ITC4B,mantova,2,ldmpa,1037.0
383,2009_06_07,european,ITC4B,mantova,2,lega,29771.0
384,2009_06_07,european,ITC4B,mantova,2,ldm,181.0
385,2009_06_07,european,ITC4B,mantova,2,bonino,3138.0
386,2009_06_07,european,ITC4B,mantova,2,pcl,2018.0
387,2009_06_07,european,ITC4B,mantova,2,pd,47902.0
388,2009_06_07,european,ITC4B,mantova,2,rc,4446.0
389,2009_06_07,european,ITC4B,mantova,2,sel,2701.0
390,2009_06_07,european,ITC4B,mantova,2,udc,8177.0
391,2009_06_07,european,ITC4B,mantova,2,vda,120.0
392,2009_06_07,european,ITC4C,milano,0,eligible_voters,2390847.0
393,2009_06_07,european,ITC4C,milano,1,issued_ballots,1664899.0
394,2009_06_07,european,ITC4C,milano,2,ald,1835.0
395,2009_06_07,european,ITC4C,milano,2,idv,124680.0
396,2009_06_07,european,ITC4C,milano,2,ft,7845.0
397,2009_06_07,european,ITC4C,milano,2,fn,7988.0
398,2009_06_07,european,ITC4C,milano,2,pdl,583780.0
399,2009_06_07,european,ITC4C,milano,2,ldmpa,13610.0
400,2009_06_07,european,ITC4C,milano,2,lega,235127.0
401,2009_06_07,european,ITC4C,milano,2,ldm,2070.0
402,2009_06_07,european,ITC4C,milano,2,bonino,62169.0
403,2009_06_07,european,ITC4C,milano,2,pcl,9182.0
404,2009_06_07,european,ITC4C,milano,2,pd,396798.0
405,2009_06_07,european,ITC4C,milano,2,rc,56767.0
406,2009_06_07,european,ITC4C,milano,2,sel,40319.0
407,2009_06_07,european,ITC4C,milano,2,udc,68279.0
408,2009_06_07,european,ITC4C,milano,2,vda,1245.0
409,2009_06_07,european,ITC4D,monza e della brianza,0,eligible_voters,658637.0
410,2009_06_07,european,ITC4D,monza e della brianza,1,issued_ballots,493876.0
411,2009_06_07,european,ITC4D,monza e della brianza,2,ald,677.0
412,2009_06_07,european,ITC4D,monza e della brianza,2,idv,30867.0
413,2009_06_07,european,ITC4D,monza e della brianza,2,ft,2271.0
414,2009_06_07,european,ITC4D,monza e della brianza,2,fn,2580.0
415,2009_06_07,european,ITC4D,monza e della brianza,2,pdl,175770.0
416,2009_06_07,european,ITC4D,monza e della brianza,2,ldmpa,3841.0
417,2009_06_07,european,ITC4D,monza e della brianza,2,lega,97472.0
418,2009_06_07,european,ITC4D,monza e della brianza,2,ldm,475.0
419,2009_06_07,european,ITC4D,monza e della brianza,2,bonino,13014.0
420,2009_06_07,european,ITC4D,monza e della brianza,2,pcl,2822.0
421,2009_06_07,european,ITC4D,monza e della brianza,2,pd,103019.0
422,2009_06_07,european,ITC4D,monza e della brianza,2,rc,11224.0
423,2009_06_07,european,ITC4D,monza e della brianza,2,sel,8898.0
424,2009_06_07,european,ITC4D,monza e della brianza,2,udc,23308.0
425,2009_06_07,european,ITC4D,monza e della brianza,2,vda,348.0
426,2009_06_07,european,ITF11,laquila,0,eligible_voters,269721.0
427,2009_06_07,european,ITF11,laquila,1,issued_ballots,114055.0
428,2009_06_07,european,ITF11,laquila,2,idv,10920.0
429,2009_06_07,european,ITF11,laquila,2,ft,735.0
430,2009_06_07,european,ITF11,laquila,2,fn,843.0
431,2009_06_07,european,ITF11,laquila,2,pdl,56935.0
432,2009_06_07,european,ITF11,laquila,2,ldmpa,1196.0
433,2009_06_07,european,ITF11,laquila,2,lega,835.0
434,2009_06_07,european,ITF11,laquila,2,ldm,189.0
435,2009_06_07,european,ITF11,laquila,2,bonino,1995.0
436,2009_06_07,european,ITF11,laquila,2,pd,23918.0
437,2009_06_07,european,ITF11,laquila,2,rc,3168.0
438,2009_06_07,european,ITF11,laquila,2,sel,2626.0
439,2009_06_07,european,ITF11,laquila,2,udc,4735.0
440,2009_06_07,european,ITF12,teramo,0,eligible_voters,260639.0
441,2009_06_07,european,ITF12,teramo,1,issued_ballots,188218.0
442,2009_06_07,european,ITF12,teramo,2,idv,19822.0
443,2009_06_07,european,ITF12,teramo,2,ft,1717.0
444,2009_06_07,european,ITF12,teramo,2,fn,918.0
445,2009_06_07,european,ITF12,teramo,2,pdl,72319.0
446,2009_06_07,european,ITF12,teramo,2,ldmpa,1069.0
447,2009_06_07,european,ITF12,teramo,2,lega,2713.0
448,2009_06_07,european,ITF12,teramo,2,ldm,298.0
449,2009_06_07,european,ITF12,teramo,2,bonino,4467.0
450,2009_06_07,european,ITF12,teramo,2,pd,40326.0
451,2009_06_07,european,ITF12,teramo,2,rc,8955.0
452,2009_06_07,european,ITF12,teramo,2,sel,5119.0
453,2009_06_07,european,ITF12,teramo,2,udc,9584.0
454,2009_06_07,european,ITF13,pescara,0,eligible_voters,267872.0
455,2009_06_07,european,ITF13,pescara,1,issued_ballots,183777.0
456,2009_06_07,european,ITF13,pescara,2,idv,24070.0
457,2009_06_07,european,ITF13,pescara,2,ft,1319.0
458,2009_06_07,european,ITF13,pescara,2,fn,1139.0
459,2009_06_07,european,ITF13,pescara,2,pdl,73416.0
460,2009_06_07,european,ITF13,pescara,2,ldmpa,1212.0
461,2009_06_07,european,ITF13,pescara,2,lega,2199.0
462,2009_06_07,european,ITF13,pescara,2,ldm,878.0
463,2009_06_07,european,ITF13,pescara,2,bonino,4439.0
464,2009_06_07,european,ITF13,pescara,2,pd,37406.0
465,2009_06_07,european,ITF13,pescara,2,rc,7581.0
466,2009_06_07,european,ITF13,pescara,2,sel,3953.0
467,2009_06_07,european,ITF13,pescara,2,udc,8316.0
468,2009_06_07,european,ITF14,chieti,0,eligible_voters,359637.0
469,2009_06_07,european,ITF14,chieti,1,issued_ballots,231393.0
470,2009_06_07,european,ITF14,chieti,2,idv,34253.0
471,2009_06_07,european,ITF14,chieti,2,ft,2344.0
472,2009_06_07,european,ITF14,chieti,2,fn,2406.0
473,2009_06_07,european,ITF14,chieti,2,pdl,85511.0
474,2009_06_07,european,ITF14,chieti,2,ldmpa,2277.0
475,2009_06_07,european,ITF14,chieti,2,lega,2660.0
476,2009_06_07,european,ITF14,chieti,2,ldm,603.0
477,2009_06_07,european,ITF14,chieti,2,bonino,4088.0
478,2009_06_07,european,ITF14,chieti,2,pd,42350.0
479,2009_06_07,european,ITF14,chieti,2,rc,7877.0
480,2009_06_07,european,ITF14,chieti,2,sel,5684.0
481,2009_06_07,european,ITF14,chieti,2,udc,15776.0
482,2009_06_07,european,ITF21,isernia,0,eligible_voters,88689.0
483,2009_06_07,european,ITF21,isernia,1,issued_ballots,59975.0
484,2009_06_07,european,ITF21,isernia,2,idv,11333.0
485,2009_06_07,european,ITF21,isernia,2,ft,590.0
486,2009_06_07,european,ITF21,isernia,2,fn,243.0
487,2009_06_07,european,ITF21,isernia,2,pdl,25050.0
488,2009_06_07,european,ITF21,isernia,2,ldmpa,743.0
489,2009_06_07,european,ITF21,isernia,2,lega,354.0
490,2009_06_07,european,ITF21,isernia,2,ldm,286.0
491,2009_06_07,european,ITF21,isernia,2,bonino,704.0
492,2009_06_07,european,ITF21,isernia,2,pd,5445.0
493,2009_06_07,european,ITF21,isernia,2,rc,1066.0
494,2009_06_07,european,ITF21,isernia,2,sel,2066.0
495,2009_06_07,european,ITF21,isernia,2,udc,3004.0
496,2009_06_07,european,ITF22,campobasso,0,eligible_voters,219993.0
497,2009_06_07,european,ITF22,campobasso,1,issued_ballots,134406.0
498,2009_06_07,european,ITF22,campobasso,2,idv,36691.0
499,2009_06_07,european,ITF22,campobasso,2,ft,981.0
500,2009_06_07,european,ITF22,campobasso,2,fn,562.0
501,2009_06_07,european,ITF22,campobasso,2,pdl,46797.0
502,2009_06_07,european,ITF22,campobasso,2,ldmpa,2818.0
503,2009_06_07,european,ITF22,campobasso,2,lega,774.0
504,2009_06_07,european,ITF22,campobasso,2,ldm,239.0
505,2009_06_07,european,ITF22,campobasso,2,bonino,1893.0
506,2009_06_07,european,ITF22,campobasso,2,pd,15691.0
507,2009_06_07,european,ITF22,campobasso,2,rc,3693.0
508,2009_06_07,european,ITF22,campobasso,2,sel,4272.0
509,2009_06_07,european,ITF22,campobasso,2,udc,6379.0
510,2009_06_07,european,ITF31,caserta,0,eligible_voters,724966.0
511,2009_06_07,european,ITF31,caserta,1,issued_ballots,415152.0
512,2009_06_07,european,ITF31,caserta,2,idv,37182.0
513,2009_06_07,european,ITF31,caserta,2,ft,2673.0
514,2009_06_07,european,ITF31,caserta,2,fn,1223.0
515,2009_06_07,european,ITF31,caserta,2,pdl,183181.0
516,2009_06_07,european,ITF31,caserta,2,ldmpa,8302.0
517,2009_06_07,european,ITF31,caserta,2,lega,2338.0
518,2009_06_07,european,ITF31,caserta,2,ldm,1506.0
519,2009_06_07,european,ITF31,caserta,2,bonino,4451.0
520,2009_06_07,european,ITF31,caserta,2,pd,75708.0
521,2009_06_07,european,ITF31,caserta,2,rc,10825.0
522,2009_06_07,european,ITF31,caserta,2,sel,18634.0
523,2009_06_07,european,ITF31,caserta,2,udc,36217.0
524,2009_06_07,european,ITF32,benevento,0,eligible_voters,264091.0
525,2009_06_07,european,ITF32,benevento,1,issued_ballots,166145.0
526,2009_06_07,european,ITF32,benevento,2,idv,15676.0
527,2009_06_07,european,ITF32,benevento,2,ft,1078.0
528,2009_06_07,european,ITF32,benevento,2,fn,1476.0
529,2009_06_07,european,ITF32,benevento,2,pdl,75576.0
530,2009_06_07,european,ITF32,benevento,2,ldmpa,4420.0
531,2009_06_07,european,ITF32,benevento,2,lega,622.0
532,2009_06_07,european,ITF32,benevento,2,ldm,384.0
533,2009_06_07,european,ITF32,benevento,2,bonino,1851.0
534,2009_06_07,european,ITF32,benevento,2,pd,31391.0
535,2009_06_07,european,ITF32,benevento,2,rc,3654.0
536,2009_06_07,european,ITF32,benevento,2,sel,4825.0
537,2009_06_07,european,ITF32,benevento,2,udc,9870.0
538,2009_06_07,european,ITF33,napoli,0,eligible_voters,2401912.0
539,2009_06_07,european,ITF33,napoli,1,issued_ballots,1466325.0
540,2009_06_07,european,ITF33,napoli,2,idv,121156.0
541,2009_06_07,european,ITF33,napoli,2,ft,8302.0
542,2009_06_07,european,ITF33,napoli,2,fn,2691.0
543,2009_06_07,european,ITF33,napoli,2,pdl,578513.0
544,2009_06_07,european,ITF33,napoli,2,ldmpa,50307.0
545,2009_06_07,european,ITF33,napoli,2,lega,6281.0
546,2009_06_07,european,ITF33,napoli,2,ldm,3325.0
547,2009_06_07,european,ITF33,napoli,2,bonino,23525.0
548,2009_06_07,european,ITF33,napoli,2,pd,330015.0
549,2009_06_07,european,ITF33,napoli,2,rc,56572.0
550,2009_06_07,european,ITF33,napoli,2,sel,58139.0
551,2009_06_07,european,ITF33,napoli,2,udc,106373.0
552,2009_06_07,european,ITF34,avellino,0,eligible_voters,391954.0
553,2009_06_07,european,ITF34,avellino,1,issued_ballots,278613.0
554,2009_06_07,european,ITF34,avellino,2,idv,20260.0
555,2009_06_07,european,ITF34,avellino,2,ft,2324.0
556,2009_06_07,european,ITF34,avellino,2,fn,1265.0
557,2009_06_07,european,ITF34,avellino,2,pdl,86130.0
558,2009_06_07,european,ITF34,avellino,2,ldmpa,12295.0
559,2009_06_07,european,ITF34,avellino,2,lega,1251.0
560,2009_06_07,european,ITF34,avellino,2,ldm,681.0
561,2009_06_07,european,ITF34,avellino,2,bonino,3776.0
562,2009_06_07,european,ITF34,avellino,2,pd,59093.0
563,2009_06_07,european,ITF34,avellino,2,rc,9050.0
564,2009_06_07,european,ITF34,avellino,2,sel,9543.0
565,2009_06_07,european,ITF34,avellino,2,udc,37437.0
566,2009_06_07,european,ITF35,salerno,0,eligible_voters,923157.0
567,2009_06_07,european,ITF35,salerno,1,issued_ballots,677839.0
568,2009_06_07,european,ITF35,salerno,2,idv,48625.0
569,2009_06_07,european,ITF35,salerno,2,ft,7051.0
570,2009_06_07,european,ITF35,salerno,2,fn,2401.0
571,2009_06_07,european,ITF35,salerno,2,pdl,257810.0
572,2009_06_07,european,ITF35,salerno,2,ldmpa,22888.0
573,2009_06_07,european,ITF35,salerno,2,lega,2359.0
574,2009_06_07,european,ITF35,salerno,2,ldm,7928.0
575,2009_06_07,european,ITF35,salerno,2,bonino,9903.0
576,2009_06_07,european,ITF35,salerno,2,pd,140403.0
577,2009_06_07,european,ITF35,salerno,2,rc,20887.0
578,2009_06_07,european,ITF35,salerno,2,sel,28630.0
579,2009_06_07,european,ITF35,salerno,2,udc,47246.0
580,2009_06_07,european,ITF43,taranto,0,eligible_voters,488787.0
581,2009_06_07,european,ITF43,taranto,1,issued_ballots,321242.0
582,2009_06_07,european,ITF43,taranto,2,idv,23450.0
583,2009_06_07,european,ITF43,taranto,2,ft,2482.0
584,2009_06_07,european,ITF43,taranto,2,fn,899.0
585,2009_06_07,european,ITF43,taranto,2,pdl,108133.0
586,2009_06_07,european,ITF43,taranto,2,ldmpa,30639.0
587,2009_06_07,european,ITF43,taranto,2,lega,1520.0
588,2009_06_07,european,ITF43,taranto,2,ldm,761.0
589,2009_06_07,european,ITF43,taranto,2,bonino,4314.0
590,2009_06_07,european,ITF43,taranto,2,pd,61926.0
591,2009_06_07,european,ITF43,taranto,2,rc,11796.0
592,2009_06_07,european,ITF43,taranto,2,sel,17417.0
593,2009_06_07,european,ITF43,taranto,2,udc,23026.0
594,2009_06_07,european,ITF44,brindisi,0,eligible_voters,333278.0
595,2009_06_07,european,ITF44,brindisi,1,issued_ballots,249642.0
596,2009_06_07,european,ITF44,brindisi,2,idv,19208.0
597,2009_06_07,european,ITF44,brindisi,2,ft,2671.0
598,2009_06_07,european,ITF44,brindisi,2,fn,648.0
599,2009_06_07,european,ITF44,brindisi,2,pdl,89978.0
600,2009_06_07,european,ITF44,brindisi,2,ldmpa,7417.0
601,2009_06_07,european,ITF44,brindisi,2,lega,460.0
602,2009_06_07,european,ITF44,brindisi,2,ldm,1639.0
603,2009_06_07,european,ITF44,brindisi,2,bonino,3285.0
604,2009_06_07,european,ITF44,brindisi,2,pd,44245.0
605,2009_06_07,european,ITF44,brindisi,2,rc,8402.0
606,2009_06_07,european,ITF44,brindisi,2,sel,15104.0
607,2009_06_07,european,ITF44,brindisi,2,udc,21867.0
608,2009_06_07,european,ITF45,lecce,0,eligible_voters,620778.0
609,2009_06_07,european,ITF45,lecce,1,issued_ballots,443516.0
610,2009_06_07,european,ITF45,lecce,2,idv,29837.0
611,2009_06_07,european,ITF45,lecce,2,ft,6386.0
612,2009_06_07,european,ITF45,lecce,2,fn,2126.0
613,2009_06_07,european,ITF45,lecce,2,pdl,165564.0
614,2009_06_07,european,ITF45,lecce,2,ldmpa,3852.0
615,2009_06_07,european,ITF45,lecce,2,lega,827.0
616,2009_06_07,european,ITF45,lecce,2,ldm,1409.0
617,2009_06_07,european,ITF45,lecce,2,bonino,6977.0
618,2009_06_07,european,ITF45,lecce,2,pd,87510.0
619,2009_06_07,european,ITF45,lecce,2,rc,12525.0
620,2009_06_07,european,ITF45,lecce,2,sel,23541.0
621,2009_06_07,european,ITF45,lecce,2,udc,44215.0
622,2009_06_07,european,ITF46,foggia,0,eligible_voters,518211.0
623,2009_06_07,european,ITF46,foggia,1,issued_ballots,312883.0
624,2009_06_07,european,ITF46,foggia,2,idv,30960.0
625,2009_06_07,european,ITF46,foggia,2,ft,2295.0
626,2009_06_07,european,ITF46,foggia,2,fn,2263.0
627,2009_06_07,european,ITF46,foggia,2,pdl,115797.0
628,2009_06_07,european,ITF46,foggia,2,ldmpa,3940.0
629,2009_06_07,european,ITF46,foggia,2,lega,915.0
630,2009_06_07,european,ITF46,foggia,2,ldm,887.0
631,2009_06_07,european,ITF46,foggia,2,bonino,4159.0
632,2009_06_07,european,ITF46,foggia,2,pd,62866.0
633,2009_06_07,european,ITF46,foggia,2,rc,8514.0
634,2009_06_07,european,ITF46,foggia,2,sel,15851.0
635,2009_06_07,european,ITF46,foggia,2,udc,31487.0
636,2009_06_07,european,ITF47,bari,0,eligible_voters,1050721.0
637,2009_06_07,european,ITF47,bari,1,issued_ballots,731166.0
638,2009_06_07,european,ITF47,bari,2,idv,61302.0
639,2009_06_07,european,ITF47,bari,2,ft,4673.0
640,2009_06_07,european,ITF47,bari,2,fn,2270.0
641,2009_06_07,european,ITF47,bari,2,pdl,291083.0
642,2009_06_07,european,ITF47,bari,2,ldmpa,14917.0
643,2009_06_07,european,ITF47,bari,2,lega,1974.0
644,2009_06_07,european,ITF47,bari,2,ldm,2594.0
645,2009_06_07,european,ITF47,bari,2,bonino,10978.0
646,2009_06_07,european,ITF47,bari,2,pd,145529.0
647,2009_06_07,european,ITF47,bari,2,rc,17150.0
648,2009_06_07,european,ITF47,bari,2,sel,56708.0
649,2009_06_07,european,ITF47,bari,2,udc,43747.0
650,2009_06_07,european,ITF48,barlettaandriatrani,0,eligible_voters,311510.0
651,2009_06_07,european,ITF48,barlettaandriatrani,1,issued_ballots,212969.0
652,2009_06_07,european,ITF48,barlettaandriatrani,2,idv,15833.0
653,2009_06_07,european,ITF48,barlettaandriatrani,2,ft,2080.0
654,2009_06_07,european,ITF48,barlettaandriatrani,2,fn,463.0
655,2009_06_07,european,ITF48,barlettaandriatrani,2,pdl,97211.0
656,2009_06_07,european,ITF48,barlettaandriatrani,2,ldmpa,3536.0
657,2009_06_07,european,ITF48,barlettaandriatrani,2,lega,500.0
658,2009_06_07,european,ITF48,barlettaandriatrani,2,ldm,454.0
659,2009_06_07,european,ITF48,barlettaandriatrani,2,bonino,2588.0
660,2009_06_07,european,ITF48,barlettaandriatrani,2,pd,34883.0
661,2009_06_07,european,ITF48,barlettaandriatrani,2,rc,7799.0
662,2009_06_07,european,ITF48,barlettaandriatrani,2,sel,10992.0
663,2009_06_07,european,ITF48,barlettaandriatrani,2,udc,17824.0
664,2009_06_07,european,ITF51,potenza,0,eligible_voters,372893.0
665,2009_06_07,european,ITF51,potenza,1,issued_ballots,251313.0
666,2009_06_07,european,ITF51,potenza,2,idv,26044.0
667,2009_06_07,european,ITF51,potenza,2,ft,3252.0
668,2009_06_07,european,ITF51,potenza,2,fn,794.0
669,2009_06_07,european,ITF51,potenza,2,pdl,67411.0
670,2009_06_07,european,ITF51,potenza,2,ldmpa,5159.0
671,2009_06_07,european,ITF51,potenza,2,lega,1430.0
672,2009_06_07,european,ITF51,potenza,2,ldm,1834.0
673,2009_06_07,european,ITF51,potenza,2,bonino,4062.0
674,2009_06_07,european,ITF51,potenza,2,pd,62932.0
675,2009_06_07,european,ITF51,potenza,2,rc,10079.0
676,2009_06_07,european,ITF51,potenza,2,sel,11500.0
677,2009_06_07,european,ITF51,potenza,2,udc,16870.0
678,2009_06_07,european,ITF52,matera,0,eligible_voters,165595.0
679,2009_06_07,european,ITF52,matera,1,issued_ballots,114224.0
680,2009_06_07,european,ITF52,matera,2,idv,11934.0
681,2009_06_07,european,ITF52,matera,2,ft,1228.0
682,2009_06_07,european,ITF52,matera,2,fn,277.0
683,2009_06_07,european,ITF52,matera,2,pdl,35580.0
684,2009_06_07,european,ITF52,matera,2,ldmpa,1563.0
685,2009_06_07,european,ITF52,matera,2,lega,321.0
686,2009_06_07,european,ITF52,matera,2,ldm,319.0
687,2009_06_07,european,ITF52,matera,2,bonino,1634.0
688,2009_06_07,european,ITF52,matera,2,pd,27635.0
689,2009_06_07,european,ITF52,matera,2,rc,3760.0
690,2009_06_07,european,ITF52,matera,2,sel,4932.0
691,2009_06_07,european,ITF52,matera,2,udc,7112.0
692,2009_06_07,european,ITF61,cosenza,0,eligible_voters,590949.0
693,2009_06_07,european,ITF61,cosenza,1,issued_ballots,402417.0
694,2009_06_07,european,ITF61,cosenza,2,idv,33399.0
695,2009_06_07,european,ITF61,cosenza,2,ft,4039.0
696,2009_06_07,european,ITF61,cosenza,2,fn,1409.0
697,2009_06_07,european,ITF61,cosenza,2,pdl,112681.0
698,2009_06_07,european,ITF61,cosenza,2,ldmpa,15058.0
699,2009_06_07,european,ITF61,cosenza,2,lega,3013.0
700,2009_06_07,european,ITF61,cosenza,2,ldm,2364.0
701,2009_06_07,european,ITF61,cosenza,2,bonino,4288.0
702,2009_06_07,european,ITF61,cosenza,2,pd,84645.0
703,2009_06_07,european,ITF61,cosenza,2,rc,20573.0
704,2009_06_07,european,ITF61,cosenza,2,sel,25560.0
705,2009_06_07,european,ITF61,cosenza,2,udc,32578.0
706,2009_06_07,european,ITF62,crotone,0,eligible_voters,141957.0
707,2009_06_07,european,ITF62,crotone,1,issued_ballots,96649.0
708,2009_06_07,european,ITF62,crotone,2,idv,8742.0
709,2009_06_07,european,ITF62,crotone,2,ft,865.0
710,2009_06_07,european,ITF62,crotone,2,fn,338.0
711,2009_06_07,european,ITF62,crotone,2,pdl,28273.0
712,2009_06_07,european,ITF62,crotone,2,ldmpa,2391.0
713,2009_06_07,european,ITF62,crotone,2,lega,685.0
714,2009_06_07,european,ITF62,crotone,2,ldm,619.0
715,2009_06_07,european,ITF62,crotone,2,bonino,939.0
716,2009_06_07,european,ITF62,crotone,2,pd,18780.0
717,2009_06_07,european,ITF62,crotone,2,rc,5623.0
718,2009_06_07,european,ITF62,crotone,2,sel,6840.0
719,2009_06_07,european,ITF62,crotone,2,udc,7613.0
720,2009_06_07,european,ITF63,catanzaro,0,eligible_voters,331893.0
721,2009_06_07,european,ITF63,catanzaro,1,issued_ballots,153226.0
722,2009_06_07,european,ITF63,catanzaro,2,idv,15049.0
723,2009_06_07,european,ITF63,catanzaro,2,ft,1543.0
724,2009_06_07,european,ITF63,catanzaro,2,fn,568.0
725,2009_06_07,european,ITF63,catanzaro,2,pdl,53123.0
726,2009_06_07,european,ITF63,catanzaro,2,ldmpa,5885.0
727,2009_06_07,european,ITF63,catanzaro,2,lega,1432.0
728,2009_06_07,european,ITF63,catanzaro,2,ldm,286.0
729,2009_06_07,european,ITF63,catanzaro,2,bonino,1904.0
730,2009_06_07,european,ITF63,catanzaro,2,pd,36083.0
731,2009_06_07,european,ITF63,catanzaro,2,rc,6921.0
732,2009_06_07,european,ITF63,catanzaro,2,sel,5522.0
733,2009_06_07,european,ITF63,catanzaro,2,udc,11398.0
734,2009_06_07,european,ITF64,vibo valentia,0,eligible_voters,160838.0
735,2009_06_07,european,ITF64,vibo valentia,1,issued_ballots,68777.0
736,2009_06_07,european,ITF64,vibo valentia,2,idv,5074.0
737,2009_06_07,european,ITF64,vibo valentia,2,ft,421.0
738,2009_06_07,european,ITF64,vibo valentia,2,fn,216.0
739,2009_06_07,european,ITF64,vibo valentia,2,pdl,21963.0
740,2009_06_07,european,ITF64,vibo valentia,2,ldmpa,2227.0
741,2009_06_07,european,ITF64,vibo valentia,2,lega,311.0
742,2009_06_07,european,ITF64,vibo valentia,2,ldm,724.0
743,2009_06_07,european,ITF64,vibo valentia,2,bonino,596.0
744,2009_06_07,european,ITF64,vibo valentia,2,pd,21106.0
745,2009_06_07,european,ITF64,vibo valentia,2,rc,2810.0
746,2009_06_07,european,ITF64,vibo valentia,2,sel,1589.0
747,2009_06_07,european,ITF64,vibo valentia,2,udc,5514.0
748,2009_06_07,european,ITF65,reggio calabria,0,eligible_voters,479491.0
749,2009_06_07,european,ITF65,reggio calabria,1,issued_ballots,220955.0
750,2009_06_07,european,ITF65,reggio calabria,2,idv,13115.0
751,2009_06_07,european,ITF65,reggio calabria,2,ft,2142.0
752,2009_06_07,european,ITF65,reggio calabria,2,fn,552.0
753,2009_06_07,european,ITF65,reggio calabria,2,pdl,72737.0
754,2009_06_07,european,ITF65,reggio calabria,2,ldmpa,13049.0
755,2009_06_07,european,ITF65,reggio calabria,2,lega,2517.0
756,2009_06_07,european,ITF65,reggio calabria,2,ldm,1912.0
757,2009_06_07,european,ITF65,reggio calabria,2,bonino,2033.0
758,2009_06_07,european,ITF65,reggio calabria,2,pd,51097.0
759,2009_06_07,european,ITF65,reggio calabria,2,rc,16584.0
760,2009_06_07,european,ITF65,reggio calabria,2,sel,8824.0
761,2009_06_07,european,ITF65,reggio calabria,2,udc,18870.0
762,2009_06_07,european,ITG11,trapani,0,eligible_voters,361861.0
763,2009_06_07,european,ITG11,trapani,1,issued_ballots,176219.0
764,2009_06_07,european,ITG11,trapani,2,idv,10480.0
765,2009_06_07,european,ITG11,trapani,2,ft,1018.0
766,2009_06_07,european,ITG11,trapani,2,pdl,58764.0
767,2009_06_07,european,ITG11,trapani,2,ldmpa,19616.0
768,2009_06_07,european,ITG11,trapani,2,lega,418.0
769,2009_06_07,european,ITG11,trapani,2,ldm,285.0
770,2009_06_07,european,ITG11,trapani,2,bonino,2618.0
771,2009_06_07,european,ITG11,trapani,2,pd,34946.0
772,2009_06_07,european,ITG11,trapani,2,rc,3336.0
773,2009_06_07,european,ITG11,trapani,2,sel,3703.0
774,2009_06_07,european,ITG11,trapani,2,udc,17916.0
775,2009_06_07,european,ITG12,palermo,0,eligible_voters,1054112.0
776,2009_06_07,european,ITG12,palermo,1,issued_ballots,502365.0
777,2009_06_07,european,ITG12,palermo,2,idv,54344.0
778,2009_06_07,european,ITG12,palermo,2,ft,2403.0
779,2009_06_07,european,ITG12,palermo,2,pdl,167298.0
780,2009_06_07,european,ITG12,palermo,2,ldmpa,36152.0
781,2009_06_07,european,ITG12,palermo,2,lega,1311.0
782,2009_06_07,european,ITG12,palermo,2,ldm,664.0
783,2009_06_07,european,ITG12,palermo,2,bonino,8822.0
784,2009_06_07,european,ITG12,palermo,2,pd,87937.0
785,2009_06_07,european,ITG12,palermo,2,rc,9971.0
786,2009_06_07,european,ITG12,palermo,2,sel,9320.0
787,2009_06_07,european,ITG12,palermo,2,udc,75252.0
788,2009_06_07,european,ITG13,messina,0,eligible_voters,536625.0
789,2009_06_07,european,ITG13,messina,1,issued_ballots,259408.0
790,2009_06_07,european,ITG13,messina,2,idv,13105.0
791,2009_06_07,european,ITG13,messina,2,ft,1248.0
792,2009_06_07,european,ITG13,messina,2,pdl,93527.0
793,2009_06_07,european,ITG13,messina,2,ldmpa,38347.0
794,2009_06_07,european,ITG13,messina,2,lega,662.0
795,2009_06_07,european,ITG13,messina,2,ldm,275.0
796,2009_06_07,european,ITG13,messina,2,bonino,3345.0
797,2009_06_07,european,ITG13,messina,2,pd,48797.0
798,2009_06_07,european,ITG13,messina,2,rc,4778.0
799,2009_06_07,european,ITG13,messina,2,sel,5396.0
800,2009_06_07,european,ITG13,messina,2,udc,29217.0
801,2009_06_07,european,ITG14,agrigento,0,eligible_voters,384351.0
802,2009_06_07,european,ITG14,agrigento,1,issued_ballots,190224.0
803,2009_06_07,european,ITG14,agrigento,2,idv,6417.0
804,2009_06_07,european,ITG14,agrigento,2,ft,814.0
805,2009_06_07,european,ITG14,agrigento,2,pdl,60315.0
806,2009_06_07,european,ITG14,agrigento,2,ldmpa,27044.0
807,2009_06_07,european,ITG14,agrigento,2,lega,681.0
808,2009_06_07,european,ITG14,agrigento,2,ldm,761.0
809,2009_06_07,european,ITG14,agrigento,2,bonino,1802.0
810,2009_06_07,european,ITG14,agrigento,2,pd,41915.0
811,2009_06_07,european,ITG14,agrigento,2,rc,3073.0
812,2009_06_07,european,ITG14,agrigento,2,sel,4031.0
813,2009_06_07,european,ITG14,agrigento,2,udc,23460.0
814,2009_06_07,european,ITG15,caltanissetta,0,eligible_voters,229941.0
815,2009_06_07,european,ITG15,caltanissetta,1,issued_ballots,121976.0
816,2009_06_07,european,ITG15,caltanissetta,2,idv,9279.0
817,2009_06_07,european,ITG15,caltanissetta,2,ft,532.0
818,2009_06_07,european,ITG15,caltanissetta,2,pdl,34625.0
819,2009_06_07,european,ITG15,caltanissetta,2,ldmpa,14770.0
820,2009_06_07,european,ITG15,caltanissetta,2,lega,213.0
821,2009_06_07,european,ITG15,caltanissetta,2,ldm,168.0
822,2009_06_07,european,ITG15,caltanissetta,2,bonino,1222.0
823,2009_06_07,european,ITG15,caltanissetta,2,pd,34022.0
824,2009_06_07,european,ITG15,caltanissetta,2,rc,2014.0
825,2009_06_07,european,ITG15,caltanissetta,2,sel,1660.0
826,2009_06_07,european,ITG15,caltanissetta,2,udc,10299.0
827,2009_06_07,european,ITG16,enna,0,eligible_voters,157264.0
828,2009_06_07,european,ITG16,enna,1,issued_ballots,74758.0
829,2009_06_07,european,ITG16,enna,2,idv,2941.0
830,2009_06_07,european,ITG16,enna,2,ft,408.0
831,2009_06_07,european,ITG16,enna,2,pdl,18405.0
832,2009_06_07,european,ITG16,enna,2,ldmpa,11041.0
833,2009_06_07,european,ITG16,enna,2,lega,124.0
834,2009_06_07,european,ITG16,enna,2,ldm,280.0
835,2009_06_07,european,ITG16,enna,2,bonino,716.0
836,2009_06_07,european,ITG16,enna,2,pd,19368.0
837,2009_06_07,european,ITG16,enna,2,rc,1860.0
838,2009_06_07,european,ITG16,enna,2,sel,1134.0
839,2009_06_07,european,ITG16,enna,2,udc,10439.0
840,2009_06_07,european,ITG17,catania,0,eligible_voters,920575.0
841,2009_06_07,european,ITG17,catania,1,issued_ballots,476145.0
842,2009_06_07,european,ITG17,catania,2,ald,1.0
843,2009_06_07,european,ITG17,catania,2,idv,21982.0
844,2009_06_07,european,ITG17,catania,2,ft,3738.0
845,2009_06_07,european,ITG17,catania,2,fn,0.0
846,2009_06_07,european,ITG17,catania,2,pdl,164573.0
847,2009_06_07,european,ITG17,catania,2,ldmpa,111507.0
848,2009_06_07,european,ITG17,catania,2,lega,999.0
849,2009_06_07,european,ITG17,catania,2,ldm,641.0
850,2009_06_07,european,ITG17,catania,2,bonino,7572.0
851,2009_06_07,european,ITG17,catania,2,pcl,0.0
852,2009_06_07,european,ITG17,catania,2,pd,81012.0
853,2009_06_07,european,ITG17,catania,2,rc,10898.0
854,2009_06_07,european,ITG17,catania,2,sel,8373.0
855,2009_06_07,european,ITG17,catania,2,udc,20542.0
856,2009_06_07,european,ITG17,catania,2,vda,0.0
857,2009_06_07,european,ITG18,ragusa,0,eligible_voters,251746.0
858,2009_06_07,european,ITG18,ragusa,1,issued_ballots,124039.0
859,2009_06_07,european,ITG18,ragusa,2,idv,6495.0
860,2009_06_07,european,ITG18,ragusa,2,ft,599.0
861,2009_06_07,european,ITG18,ragusa,2,pdl,40039.0
862,2009_06_07,european,ITG18,ragusa,2,ldmpa,14151.0
863,2009_06_07,european,ITG18,ragusa,2,lega,248.0
864,2009_06_07,european,ITG18,ragusa,2,ldm,106.0
865,2009_06_07,european,ITG18,ragusa,2,bonino,1391.0
866,2009_06_07,european,ITG18,ragusa,2,pd,29484.0
867,2009_06_07,european,ITG18,ragusa,2,rc,2366.0
868,2009_06_07,european,ITG18,ragusa,2,sel,3489.0
869,2009_06_07,european,ITG18,ragusa,2,udc,13211.0
870,2009_06_07,european,ITG19,siracusa,0,eligible_voters,253773.0
871,2009_06_07,european,ITG19,siracusa,1,issued_ballots,115204.0
872,2009_06_07,european,ITG19,siracusa,2,idv,6787.0
873,2009_06_07,european,ITG19,siracusa,2,ft,521.0
874,2009_06_07,european,ITG19,siracusa,2,pdl,34960.0
875,2009_06_07,european,ITG19,siracusa,2,ldmpa,12170.0
876,2009_06_07,european,ITG19,siracusa,2,lega,309.0
877,2009_06_07,european,ITG19,siracusa,2,ldm,217.0
878,2009_06_07,european,ITG19,siracusa,2,bonino,1573.0
879,2009_06_07,european,ITG19,siracusa,2,pd,25281.0
880,2009_06_07,european,ITG19,siracusa,2,rc,2923.0
881,2009_06_07,european,ITG19,siracusa,2,sel,2228.0
882,2009_06_07,european,ITG19,siracusa,2,udc,16167.0
883,2009_06_07,european,ITG2D,sassari,0,eligible_voters,409314.0
884,2009_06_07,european,ITG2D,sassari,1,issued_ballots,165434.0
885,2009_06_07,european,ITG2D,sassari,2,idv,18535.0
886,2009_06_07,european,ITG2D,sassari,2,ft,1047.0
887,2009_06_07,european,ITG2D,sassari,2,pdl,53152.0
888,2009_06_07,european,ITG2D,sassari,2,ldmpa,3721.0
889,2009_06_07,european,ITG2D,sassari,2,lega,1392.0
890,2009_06_07,european,ITG2D,sassari,2,ldm,792.0
891,2009_06_07,european,ITG2D,sassari,2,bonino,4207.0
892,2009_06_07,european,ITG2D,sassari,2,pd,58463.0
893,2009_06_07,european,ITG2D,sassari,2,rc,6241.0
894,2009_06_07,european,ITG2D,sassari,2,sel,3906.0
895,2009_06_07,european,ITG2D,sassari,2,udc,6333.0
896,2009_06_07,european,ITG2E,nuoro,0,eligible_voters,183332.0
897,2009_06_07,european,ITG2E,nuoro,1,issued_ballots,72447.0
898,2009_06_07,european,ITG2E,nuoro,2,idv,5186.0
899,2009_06_07,european,ITG2E,nuoro,2,ft,299.0
900,2009_06_07,european,ITG2E,nuoro,2,pdl,22267.0
901,2009_06_07,european,ITG2E,nuoro,2,ldmpa,637.0
902,2009_06_07,european,ITG2E,nuoro,2,lega,1203.0
903,2009_06_07,european,ITG2E,nuoro,2,ldm,133.0
904,2009_06_07,european,ITG2E,nuoro,2,bonino,1073.0
905,2009_06_07,european,ITG2E,nuoro,2,pd,29400.0
906,2009_06_07,european,ITG2E,nuoro,2,rc,4226.0
907,2009_06_07,european,ITG2E,nuoro,2,sel,2042.0
908,2009_06_07,european,ITG2E,nuoro,2,udc,3011.0
909,2009_06_07,european,ITG2F,cagliari,0,eligible_voters,359124.0
910,2009_06_07,european,ITG2F,cagliari,1,issued_ballots,153013.0
911,2009_06_07,european,ITG2F,cagliari,2,idv,12625.0
912,2009_06_07,european,ITG2F,cagliari,2,ft,806.0
913,2009_06_07,european,ITG2F,cagliari,2,pdl,61686.0
914,2009_06_07,european,ITG2F,cagliari,2,ldmpa,872.0
915,2009_06_07,european,ITG2F,cagliari,2,lega,642.0
916,2009_06_07,european,ITG2F,cagliari,2,ldm,543.0
917,2009_06_07,european,ITG2F,cagliari,2,bonino,5863.0
918,2009_06_07,european,ITG2F,cagliari,2,pd,47648.0
919,2009_06_07,european,ITG2F,cagliari,2,rc,6462.0
920,2009_06_07,european,ITG2F,cagliari,2,sel,4398.0
921,2009_06_07,european,ITG2F,cagliari,2,udc,6948.0
922,2009_06_07,european,ITG2G,oristano,0,eligible_voters,142826.0
923,2009_06_07,european,ITG2G,oristano,1,issued_ballots,56952.0
924,2009_06_07,european,ITG2G,oristano,2,idv,4050.0
925,2009_06_07,european,ITG2G,oristano,2,ft,358.0
926,2009_06_07,european,ITG2G,oristano,2,pdl,22248.0
927,2009_06_07,european,ITG2G,oristano,2,ldmpa,1220.0
928,2009_06_07,european,ITG2G,oristano,2,lega,251.0
929,2009_06_07,european,ITG2G,oristano,2,ldm,240.0
930,2009_06_07,european,ITG2G,oristano,2,bonino,1247.0
931,2009_06_07,european,ITG2G,oristano,2,pd,17756.0
932,2009_06_07,european,ITG2G,oristano,2,rc,2259.0
933,2009_06_07,european,ITG2G,oristano,2,sel,1215.0
934,2009_06_07,european,ITG2G,oristano,2,udc,2847.0
935,2009_06_07,european,ITG2H,sud sardegna,0,eligible_voters,313376.0
936,2009_06_07,european,ITG2H,sud sardegna,1,issued_ballots,128521.0
937,2009_06_07,european,ITG2H,sud sardegna,2,idv,8360.0
938,2009_06_07,european,ITG2H,sud sardegna,2,ft,1019.0
939,2009_06_07,european,ITG2H,sud sardegna,2,pdl,42792.0
940,2009_06_07,european,ITG2H,sud sardegna,2,ldmpa,943.0
941,2009_06_07,european,ITG2H,sud sardegna,2,lega,602.0
942,2009_06_07,european,ITG2H,sud sardegna,2,ldm,288.0
943,2009_06_07,european,ITG2H,sud sardegna,2,bonino,2429.0
944,2009_06_07,european,ITG2H,sud sardegna,2,pd,43129.0
945,2009_06_07,european,ITG2H,sud sardegna,2,rc,7241.0
946,2009_06_07,european,ITG2H,sud sardegna,2,sel,4736.0
947,2009_06_07,european,ITG2H,sud sardegna,2,udc,10661.0
948,2009_06_07,european,ITH10,bolzano,0,eligible_voters,374236.0
949,2009_06_07,european,ITH10,bolzano,1,issued_ballots,235459.0
950,2009_06_07,european,ITH10,bolzano,2,idv,14926.0
951,2009_06_07,european,ITH10,bolzano,2,ft,1250.0
952,2009_06_07,european,ITH10,bolzano,2,fn,463.0
953,2009_06_07,european,ITH10,bolzano,2,pdl,28537.0
954,2009_06_07,european,ITH10,bolzano,2,ldmpa,750.0
955,2009_06_07,european,ITH10,bolzano,2,lega,10652.0
956,2009_06_07,european,ITH10,bolzano,2,ldm,164.0
957,2009_06_07,european,ITH10,bolzano,2,bonino,3777.0
958,2009_06_07,european,ITH10,bolzano,2,pcl,497.0
959,2009_06_07,european,ITH10,bolzano,2,pd,16097.0
960,2009_06_07,european,ITH10,bolzano,2,rc,1631.0
961,2009_06_07,european,ITH10,bolzano,2,sel,24351.0
962,2009_06_07,european,ITH10,bolzano,2,svp,115628.0
963,2009_06_07,european,ITH10,bolzano,2,udc,3617.0
964,2009_06_07,european,ITH20,trento,0,eligible_voters,349173.0
965,2009_06_07,european,ITH20,trento,1,issued_ballots,201642.0
966,2009_06_07,european,ITH20,trento,2,ald,3.0
967,2009_06_07,european,ITH20,trento,2,idv,13470.0
968,2009_06_07,european,ITH20,trento,2,ft,1282.0
969,2009_06_07,european,ITH20,trento,2,fn,496.0
970,2009_06_07,european,ITH20,trento,2,pdl,51570.0
971,2009_06_07,european,ITH20,trento,2,ldmpa,2466.0
972,2009_06_07,european,ITH20,trento,2,lega,28227.0
973,2009_06_07,european,ITH20,trento,2,ldm,221.0
974,2009_06_07,european,ITH20,trento,2,bonino,5929.0
975,2009_06_07,european,ITH20,trento,2,pcl,959.0
976,2009_06_07,european,ITH20,trento,2,pd,55628.0
977,2009_06_07,european,ITH20,trento,2,rc,3519.0
978,2009_06_07,european,ITH20,trento,2,sel,4935.0
979,2009_06_07,european,ITH20,trento,2,svp,11269.0
980,2009_06_07,european,ITH20,trento,2,udc,15062.0
981,2009_06_07,european,ITH20,trento,2,vda,0.0
982,2009_06_07,european,ITH31,verona,0,eligible_voters,675324.0
983,2009_06_07,european,ITH31,verona,1,issued_ballots,500450.0
984,2009_06_07,european,ITH31,verona,2,idv,32075.0
985,2009_06_07,european,ITH31,verona,2,ft,3415.0
986,2009_06_07,european,ITH31,verona,2,fn,2630.0
987,2009_06_07,european,ITH31,verona,2,pdl,138023.0
988,2009_06_07,european,ITH31,verona,2,ldmpa,2310.0
989,2009_06_07,european,ITH31,verona,2,lega,163153.0
990,2009_06_07,european,ITH31,verona,2,ldm,537.0
991,2009_06_07,european,ITH31,verona,2,bonino,10413.0
992,2009_06_07,european,ITH31,verona,2,pcl,1809.0
993,2009_06_07,european,ITH31,verona,2,pd,81911.0
994,2009_06_07,european,ITH31,verona,2,rc,6538.0
995,2009_06_07,european,ITH31,verona,2,sel,6836.0
996,2009_06_07,european,ITH31,verona,2,svp,522.0
997,2009_06_07,european,ITH31,verona,2,udc,31222.0
998,2009_06_07,european,ITH32,vicenza,0,eligible_voters,648066.0
999,2009_06_07,european,ITH32,vicenza,1,issued_ballots,481225.0
1000,2009_06_07,european,ITH32,vicenza,2,idv,30563.0
1001,2009_06_07,european,ITH32,vicenza,2,ft,2728.0
1002,2009_06_07,european,ITH32,vicenza,2,fn,1961.0
1003,2009_06_07,european,ITH32,vicenza,2,pdl,134364.0
1004,2009_06_07,european,ITH32,vicenza,2,ldmpa,2309.0
1005,2009_06_07,european,ITH32,vicenza,2,lega,153106.0
1006,2009_06_07,european,ITH32,vicenza,2,ldm,539.0
1007,2009_06_07,european,ITH32,vicenza,2,bonino,10449.0
1008,2009_06_07,european,ITH32,vicenza,2,pcl,2249.0
1009,2009_06_07,european,ITH32,vicenza,2,pd,82585.0
1010,2009_06_07,european,ITH32,vicenza,2,rc,6314.0
1011,2009_06_07,european,ITH32,vicenza,2,sel,6556.0
1012,2009_06_07,european,ITH32,vicenza,2,svp,718.0
1013,2009_06_07,european,ITH32,vicenza,2,udc,29231.0
1014,2009_06_07,european,ITH33,belluno,0,eligible_voters,165769.0
1015,2009_06_07,european,ITH33,belluno,1,issued_ballots,103113.0
1016,2009_06_07,european,ITH33,belluno,2,idv,7110.0
1017,2009_06_07,european,ITH33,belluno,2,ft,663.0
1018,2009_06_07,european,ITH33,belluno,2,fn,402.0
1019,2009_06_07,european,ITH33,belluno,2,pdl,26521.0
1020,2009_06_07,european,ITH33,belluno,2,ldmpa,1017.0
1021,2009_06_07,european,ITH33,belluno,2,lega,25846.0
1022,2009_06_07,european,ITH33,belluno,2,ldm,114.0
1023,2009_06_07,european,ITH33,belluno,2,bonino,2679.0
1024,2009_06_07,european,ITH33,belluno,2,pcl,683.0
1025,2009_06_07,european,ITH33,belluno,2,pd,19566.0
1026,2009_06_07,european,ITH33,belluno,2,rc,2170.0
1027,2009_06_07,european,ITH33,belluno,2,sel,2279.0
1028,2009_06_07,european,ITH33,belluno,2,svp,1029.0
1029,2009_06_07,european,ITH33,belluno,2,udc,7167.0
1030,2009_06_07,european,ITH34,treviso,0,eligible_voters,696960.0
1031,2009_06_07,european,ITH34,treviso,1,issued_ballots,482345.0
1032,2009_06_07,european,ITH34,treviso,2,idv,35993.0
1033,2009_06_07,european,ITH34,treviso,2,ft,2665.0
1034,2009_06_07,european,ITH34,treviso,2,fn,2582.0
1035,2009_06_07,european,ITH34,treviso,2,pdl,125619.0
1036,2009_06_07,european,ITH34,treviso,2,ldmpa,2531.0
1037,2009_06_07,european,ITH34,treviso,2,lega,159699.0
1038,2009_06_07,european,ITH34,treviso,2,ldm,643.0
1039,2009_06_07,european,ITH34,treviso,2,bonino,11228.0
1040,2009_06_07,european,ITH34,treviso,2,pcl,2243.0
1041,2009_06_07,european,ITH34,treviso,2,pd,84161.0
1042,2009_06_07,european,ITH34,treviso,2,rc,6211.0
1043,2009_06_07,european,ITH34,treviso,2,sel,5504.0
1044,2009_06_07,european,ITH34,treviso,2,svp,602.0
1045,2009_06_07,european,ITH34,treviso,2,udc,25678.0
1046,2009_06_07,european,ITH35,venezia,0,eligible_voters,679534.0
1047,2009_06_07,european,ITH35,venezia,1,issued_ballots,473439.0
1048,2009_06_07,european,ITH35,venezia,2,idv,38258.0
1049,2009_06_07,european,ITH35,venezia,2,ft,2768.0
1050,2009_06_07,european,ITH35,venezia,2,fn,1679.0
1051,2009_06_07,european,ITH35,venezia,2,pdl,134617.0
1052,2009_06_07,european,ITH35,venezia,2,ldmpa,2699.0
1053,2009_06_07,european,ITH35,venezia,2,lega,91986.0
1054,2009_06_07,european,ITH35,venezia,2,ldm,694.0
1055,2009_06_07,european,ITH35,venezia,2,bonino,12235.0
1056,2009_06_07,european,ITH35,venezia,2,pcl,3647.0
1057,2009_06_07,european,ITH35,venezia,2,pd,117360.0
1058,2009_06_07,european,ITH35,venezia,2,rc,13092.0
1059,2009_06_07,european,ITH35,venezia,2,sel,9225.0
1060,2009_06_07,european,ITH35,venezia,2,svp,504.0
1061,2009_06_07,european,ITH35,venezia,2,udc,24856.0
1062,2009_06_07,european,ITH36,padova,0,eligible_voters,720695.0
1063,2009_06_07,european,ITH36,padova,1,issued_ballots,556311.0
1064,2009_06_07,european,ITH36,padova,2,idv,38368.0
1065,2009_06_07,european,ITH36,padova,2,ft,2969.0
1066,2009_06_07,european,ITH36,padova,2,fn,3334.0
1067,2009_06_07,european,ITH36,padova,2,pdl,169041.0
1068,2009_06_07,european,ITH36,padova,2,ldmpa,3895.0
1069,2009_06_07,european,ITH36,padova,2,lega,125736.0
1070,2009_06_07,european,ITH36,padova,2,ldm,713.0
1071,2009_06_07,european,ITH36,padova,2,bonino,15186.0
1072,2009_06_07,european,ITH36,padova,2,pcl,2645.0
1073,2009_06_07,european,ITH36,padova,2,pd,112077.0
1074,2009_06_07,european,ITH36,padova,2,rc,8609.0
1075,2009_06_07,european,ITH36,padova,2,sel,8416.0
1076,2009_06_07,european,ITH36,padova,2,svp,531.0
1077,2009_06_07,european,ITH36,padova,2,udc,40152.0
1078,2009_06_07,european,ITH37,rovigo,0,eligible_voters,207308.0
1079,2009_06_07,european,ITH37,rovigo,1,issued_ballots,157409.0
1080,2009_06_07,european,ITH37,rovigo,2,idv,8138.0
1081,2009_06_07,european,ITH37,rovigo,2,ft,1241.0
1082,2009_06_07,european,ITH37,rovigo,2,fn,902.0
1083,2009_06_07,european,ITH37,rovigo,2,pdl,47736.0
1084,2009_06_07,european,ITH37,rovigo,2,ldmpa,1222.0
1085,2009_06_07,european,ITH37,rovigo,2,lega,27909.0
1086,2009_06_07,european,ITH37,rovigo,2,ldm,222.0
1087,2009_06_07,european,ITH37,rovigo,2,bonino,2716.0
1088,2009_06_07,european,ITH37,rovigo,2,pcl,1463.0
1089,2009_06_07,european,ITH37,rovigo,2,pd,39975.0
1090,2009_06_07,european,ITH37,rovigo,2,rc,5072.0
1091,2009_06_07,european,ITH37,rovigo,2,sel,2415.0
1092,2009_06_07,european,ITH37,rovigo,2,svp,176.0
1093,2009_06_07,european,ITH37,rovigo,2,udc,8981.0
1094,2009_06_07,european,ITH41,pordenone,0,eligible_voters,253839.0
1095,2009_06_07,european,ITH41,pordenone,1,issued_ballots,169724.0
1096,2009_06_07,european,ITH41,pordenone,2,idv,10360.0
1097,2009_06_07,european,ITH41,pordenone,2,ft,1197.0
1098,2009_06_07,european,ITH41,pordenone,2,fn,728.0
1099,2009_06_07,european,ITH41,pordenone,2,pdl,53278.0
1100,2009_06_07,european,ITH41,pordenone,2,ldmpa,1365.0
1101,2009_06_07,european,ITH41,pordenone,2,lega,39270.0
1102,2009_06_07,european,ITH41,pordenone,2,ldm,168.0
1103,2009_06_07,european,ITH41,pordenone,2,bonino,4219.0
1104,2009_06_07,european,ITH41,pordenone,2,pcl,869.0
1105,2009_06_07,european,ITH41,pordenone,2,pd,35712.0
1106,2009_06_07,european,ITH41,pordenone,2,rc,2614.0
1107,2009_06_07,european,ITH41,pordenone,2,sel,2251.0
1108,2009_06_07,european,ITH41,pordenone,2,svp,292.0
1109,2009_06_07,european,ITH41,pordenone,2,udc,9494.0
1110,2009_06_07,european,ITH42,udine,0,eligible_voters,455592.0
1111,2009_06_07,european,ITH42,udine,1,issued_ballots,304805.0
1112,2009_06_07,european,ITH42,udine,2,idv,18520.0
1113,2009_06_07,european,ITH42,udine,2,ft,3170.0
1114,2009_06_07,european,ITH42,udine,2,fn,1782.0
1115,2009_06_07,european,ITH42,udine,2,pdl,91073.0
1116,2009_06_07,european,ITH42,udine,2,ldmpa,4472.0
1117,2009_06_07,european,ITH42,udine,2,lega,54969.0
1118,2009_06_07,european,ITH42,udine,2,ldm,411.0
1119,2009_06_07,european,ITH42,udine,2,bonino,8055.0
1120,2009_06_07,european,ITH42,udine,2,pcl,2100.0
1121,2009_06_07,european,ITH42,udine,2,pd,74640.0
1122,2009_06_07,european,ITH42,udine,2,rc,5153.0
1123,2009_06_07,european,ITH42,udine,2,sel,3824.0
1124,2009_06_07,european,ITH42,udine,2,svp,844.0
1125,2009_06_07,european,ITH42,udine,2,udc,20862.0
1126,2009_06_07,european,ITH43,gorizia,0,eligible_voters,119114.0
1127,2009_06_07,european,ITH43,gorizia,1,issued_ballots,79859.0
1128,2009_06_07,european,ITH43,gorizia,2,idv,6755.0
1129,2009_06_07,european,ITH43,gorizia,2,ft,792.0
1130,2009_06_07,european,ITH43,gorizia,2,fn,461.0
1131,2009_06_07,european,ITH43,gorizia,2,pdl,21129.0
1132,2009_06_07,european,ITH43,gorizia,2,ldmpa,973.0
1133,2009_06_07,european,ITH43,gorizia,2,lega,8740.0
1134,2009_06_07,european,ITH43,gorizia,2,ldm,120.0
1135,2009_06_07,european,ITH43,gorizia,2,bonino,2336.0
1136,2009_06_07,european,ITH43,gorizia,2,pcl,795.0
1137,2009_06_07,european,ITH43,gorizia,2,pd,24100.0
1138,2009_06_07,european,ITH43,gorizia,2,rc,2757.0
1139,2009_06_07,european,ITH43,gorizia,2,sel,2290.0
1140,2009_06_07,european,ITH43,gorizia,2,svp,1128.0
1141,2009_06_07,european,ITH43,gorizia,2,udc,4440.0
1142,2009_06_07,european,ITH44,trieste,0,eligible_voters,207818.0
1143,2009_06_07,european,ITH44,trieste,1,issued_ballots,115727.0
1144,2009_06_07,european,ITH44,trieste,2,idv,11213.0
1145,2009_06_07,european,ITH44,trieste,2,ft,1262.0
1146,2009_06_07,european,ITH44,trieste,2,fn,914.0
1147,2009_06_07,european,ITH44,trieste,2,pdl,39384.0
1148,2009_06_07,european,ITH44,trieste,2,ldmpa,910.0
1149,2009_06_07,european,ITH44,trieste,2,lega,8721.0
1150,2009_06_07,european,ITH44,trieste,2,ldm,258.0
1151,2009_06_07,european,ITH44,trieste,2,bonino,4496.0
1152,2009_06_07,european,ITH44,trieste,2,pcl,890.0
1153,2009_06_07,european,ITH44,trieste,2,pd,29128.0
1154,2009_06_07,european,ITH44,trieste,2,rc,5534.0
1155,2009_06_07,european,ITH44,trieste,2,sel,2195.0
1156,2009_06_07,european,ITH44,trieste,2,svp,2060.0
1157,2009_06_07,european,ITH44,trieste,2,udc,5802.0
1158,2009_06_07,european,ITH51,piacenza,0,eligible_voters,222158.0
1159,2009_06_07,european,ITH51,piacenza,1,issued_ballots,165470.0
1160,2009_06_07,european,ITH51,piacenza,2,idv,10614.0
1161,2009_06_07,european,ITH51,piacenza,2,ft,1276.0
1162,2009_06_07,european,ITH51,piacenza,2,fn,2441.0
1163,2009_06_07,european,ITH51,piacenza,2,pdl,53694.0
1164,2009_06_07,european,ITH51,piacenza,2,ldmpa,1454.0
1165,2009_06_07,european,ITH51,piacenza,2,lega,26284.0
1166,2009_06_07,european,ITH51,piacenza,2,ldm,244.0
1167,2009_06_07,european,ITH51,piacenza,2,bonino,4069.0
1168,2009_06_07,european,ITH51,piacenza,2,pcl,1781.0
1169,2009_06_07,european,ITH51,piacenza,2,pd,40277.0
1170,2009_06_07,european,ITH51,piacenza,2,rc,4998.0
1171,2009_06_07,european,ITH51,piacenza,2,sel,2483.0
1172,2009_06_07,european,ITH51,piacenza,2,svp,181.0
1173,2009_06_07,european,ITH51,piacenza,2,udc,7482.0
1174,2009_06_07,european,ITH52,parma,0,eligible_voters,323374.0
1175,2009_06_07,european,ITH52,parma,1,issued_ballots,233382.0
1176,2009_06_07,european,ITH52,parma,2,idv,15733.0
1177,2009_06_07,european,ITH52,parma,2,ft,2188.0
1178,2009_06_07,european,ITH52,parma,2,fn,848.0
1179,2009_06_07,european,ITH52,parma,2,pdl,63055.0
1180,2009_06_07,european,ITH52,parma,2,ldmpa,2764.0
1181,2009_06_07,european,ITH52,parma,2,lega,33064.0
1182,2009_06_07,european,ITH52,parma,2,ldm,228.0
1183,2009_06_07,european,ITH52,parma,2,bonino,6488.0
1184,2009_06_07,european,ITH52,parma,2,pcl,2672.0
1185,2009_06_07,european,ITH52,parma,2,pd,72414.0
1186,2009_06_07,european,ITH52,parma,2,rc,7659.0
1187,2009_06_07,european,ITH52,parma,2,sel,4399.0
1188,2009_06_07,european,ITH52,parma,2,svp,262.0
1189,2009_06_07,european,ITH52,parma,2,udc,11386.0
1190,2009_06_07,european,ITH53,reggio nellemilia,0,eligible_voters,384399.0
1191,2009_06_07,european,ITH53,reggio nellemilia,1,issued_ballots,302504.0
1192,2009_06_07,european,ITH53,reggio nellemilia,2,idv,21016.0
1193,2009_06_07,european,ITH53,reggio nellemilia,2,ft,1286.0
1194,2009_06_07,european,ITH53,reggio nellemilia,2,fn,964.0
1195,2009_06_07,european,ITH53,reggio nellemilia,2,pdl,61900.0
1196,2009_06_07,european,ITH53,reggio nellemilia,2,ldmpa,1806.0
1197,2009_06_07,european,ITH53,reggio nellemilia,2,lega,38261.0
1198,2009_06_07,european,ITH53,reggio nellemilia,2,ldm,240.0
1199,2009_06_07,european,ITH53,reggio nellemilia,2,bonino,6654.0
1200,2009_06_07,european,ITH53,reggio nellemilia,2,pcl,3211.0
1201,2009_06_07,european,ITH53,reggio nellemilia,2,pd,125800.0
1202,2009_06_07,european,ITH53,reggio nellemilia,2,rc,9862.0
1203,2009_06_07,european,ITH53,reggio nellemilia,2,sel,5562.0
1204,2009_06_07,european,ITH53,reggio nellemilia,2,svp,251.0
1205,2009_06_07,european,ITH53,reggio nellemilia,2,udc,13882.0
1206,2009_06_07,european,ITH54,modena,0,eligible_voters,526859.0
1207,2009_06_07,european,ITH54,modena,1,issued_ballots,409736.0
1208,2009_06_07,european,ITH54,modena,2,idv,27141.0
1209,2009_06_07,european,ITH54,modena,2,ft,2374.0
1210,2009_06_07,european,ITH54,modena,2,fn,1583.0
1211,2009_06_07,european,ITH54,modena,2,pdl,99765.0
1212,2009_06_07,european,ITH54,modena,2,ldmpa,1751.0
1213,2009_06_07,european,ITH54,modena,2,lega,50527.0
1214,2009_06_07,european,ITH54,modena,2,ldm,394.0
1215,2009_06_07,european,ITH54,modena,2,bonino,8900.0
1216,2009_06_07,european,ITH54,modena,2,pcl,3793.0
1217,2009_06_07,european,ITH54,modena,2,pd,162924.0
1218,2009_06_07,european,ITH54,modena,2,rc,10780.0
1219,2009_06_07,european,ITH54,modena,2,sel,6949.0
1220,2009_06_07,european,ITH54,modena,2,svp,346.0
1221,2009_06_07,european,ITH54,modena,2,udc,17518.0
1222,2009_06_07,european,ITH55,bologna,0,eligible_voters,748046.0
1223,2009_06_07,european,ITH55,bologna,1,issued_ballots,587768.0
1224,2009_06_07,european,ITH55,bologna,2,idv,47285.0
1225,2009_06_07,european,ITH55,bologna,2,ft,3639.0
1226,2009_06_07,european,ITH55,bologna,2,fn,2528.0
1227,2009_06_07,european,ITH55,bologna,2,pdl,149277.0
1228,2009_06_07,european,ITH55,bologna,2,ldmpa,2414.0
1229,2009_06_07,european,ITH55,bologna,2,lega,41205.0
1230,2009_06_07,european,ITH55,bologna,2,ldm,857.0
1231,2009_06_07,european,ITH55,bologna,2,bonino,20223.0
1232,2009_06_07,european,ITH55,bologna,2,pcl,4776.0
1233,2009_06_07,european,ITH55,bologna,2,pd,239231.0
1234,2009_06_07,european,ITH55,bologna,2,rc,15540.0
1235,2009_06_07,european,ITH55,bologna,2,sel,14500.0
1236,2009_06_07,european,ITH55,bologna,2,svp,524.0
1237,2009_06_07,european,ITH55,bologna,2,udc,26536.0
1238,2009_06_07,european,ITH56,ferrara,0,eligible_voters,266019.0
1239,2009_06_07,european,ITH56,ferrara,1,issued_ballots,205158.0
1240,2009_06_07,european,ITH56,ferrara,2,idv,10271.0
1241,2009_06_07,european,ITH56,ferrara,2,ft,1556.0
1242,2009_06_07,european,ITH56,ferrara,2,fn,786.0
1243,2009_06_07,european,ITH56,ferrara,2,pdl,63302.0
1244,2009_06_07,european,ITH56,ferrara,2,ldmpa,1051.0
1245,2009_06_07,european,ITH56,ferrara,2,lega,20093.0
1246,2009_06_07,european,ITH56,ferrara,2,ldm,229.0
1247,2009_06_07,european,ITH56,ferrara,2,bonino,5001.0
1248,2009_06_07,european,ITH56,ferrara,2,pcl,1665.0
1249,2009_06_07,european,ITH56,ferrara,2,pd,75929.0
1250,2009_06_07,european,ITH56,ferrara,2,rc,6306.0
1251,2009_06_07,european,ITH56,ferrara,2,sel,3288.0
1252,2009_06_07,european,ITH56,ferrara,2,svp,181.0
1253,2009_06_07,european,ITH56,ferrara,2,udc,7426.0
1254,2009_06_07,european,ITH57,ravenna,0,eligible_voters,304287.0
1255,2009_06_07,european,ITH57,ravenna,1,issued_ballots,229185.0
1256,2009_06_07,european,ITH57,ravenna,2,idv,16547.0
1257,2009_06_07,european,ITH57,ravenna,2,ft,1465.0
1258,2009_06_07,european,ITH57,ravenna,2,fn,1188.0
1259,2009_06_07,european,ITH57,ravenna,2,pdl,56153.0
1260,2009_06_07,european,ITH57,ravenna,2,ldmpa,1008.0
1261,2009_06_07,european,ITH57,ravenna,2,lega,21414.0
1262,2009_06_07,european,ITH57,ravenna,2,ldm,244.0
1263,2009_06_07,european,ITH57,ravenna,2,bonino,5082.0
1264,2009_06_07,european,ITH57,ravenna,2,pcl,2504.0
1265,2009_06_07,european,ITH57,ravenna,2,pd,92226.0
1266,2009_06_07,european,ITH57,ravenna,2,rc,7466.0
1267,2009_06_07,european,ITH57,ravenna,2,sel,4947.0
1268,2009_06_07,european,ITH57,ravenna,2,svp,224.0
1269,2009_06_07,european,ITH57,ravenna,2,udc,11387.0
1270,2009_06_07,european,ITH58,forlicesena,0,eligible_voters,307435.0
1271,2009_06_07,european,ITH58,forlicesena,1,issued_ballots,239961.0
1272,2009_06_07,european,ITH58,forlicesena,2,idv,15893.0
1273,2009_06_07,european,ITH58,forlicesena,2,ft,1760.0
1274,2009_06_07,european,ITH58,forlicesena,2,fn,961.0
1275,2009_06_07,european,ITH58,forlicesena,2,pdl,66312.0
1276,2009_06_07,european,ITH58,forlicesena,2,ldmpa,926.0
1277,2009_06_07,european,ITH58,forlicesena,2,lega,25015.0
1278,2009_06_07,european,ITH58,forlicesena,2,ldm,273.0
1279,2009_06_07,european,ITH58,forlicesena,2,bonino,5379.0
1280,2009_06_07,european,ITH58,forlicesena,2,pcl,2516.0
1281,2009_06_07,european,ITH58,forlicesena,2,pd,87407.0
1282,2009_06_07,european,ITH58,forlicesena,2,rc,7441.0
1283,2009_06_07,european,ITH58,forlicesena,2,sel,4177.0
1284,2009_06_07,european,ITH58,forlicesena,2,svp,179.0
1285,2009_06_07,european,ITH58,forlicesena,2,udc,12009.0
1286,2009_06_07,european,ITH59,rimini,0,eligible_voters,250971.0
1287,2009_06_07,european,ITH59,rimini,1,issued_ballots,185717.0
1288,2009_06_07,european,ITH59,rimini,2,idv,14509.0
1289,2009_06_07,european,ITH59,rimini,2,ft,1727.0
1290,2009_06_07,european,ITH59,rimini,2,fn,752.0
1291,2009_06_07,european,ITH59,rimini,2,pdl,60628.0
1292,2009_06_07,european,ITH59,rimini,2,ldmpa,935.0
1293,2009_06_07,european,ITH59,rimini,2,lega,16379.0
1294,2009_06_07,european,ITH59,rimini,2,ldm,184.0
1295,2009_06_07,european,ITH59,rimini,2,bonino,4622.0
1296,2009_06_07,european,ITH59,rimini,2,pcl,2005.0
1297,2009_06_07,european,ITH59,rimini,2,pd,59735.0
1298,2009_06_07,european,ITH59,rimini,2,rc,5288.0
1299,2009_06_07,european,ITH59,rimini,2,sel,3379.0
1300,2009_06_07,european,ITH59,rimini,2,svp,117.0
1301,2009_06_07,european,ITH59,rimini,2,udc,8136.0
1302,2009_06_07,european,ITI11,massacarrara,0,eligible_voters,155787.0
1303,2009_06_07,european,ITI11,massacarrara,1,issued_ballots,96667.0
1304,2009_06_07,european,ITI11,massacarrara,2,idv,6068.0
1305,2009_06_07,european,ITI11,massacarrara,2,ft,744.0
1306,2009_06_07,european,ITI11,massacarrara,2,fn,409.0
1307,2009_06_07,european,ITI11,massacarrara,2,pdl,30727.0
1308,2009_06_07,european,ITI11,massacarrara,2,ldmpa,991.0
1309,2009_06_07,european,ITI11,massacarrara,2,lega,4838.0
1310,2009_06_07,european,ITI11,massacarrara,2,ldm,88.0
1311,2009_06_07,european,ITI11,massacarrara,2,bonino,2014.0
1312,2009_06_07,european,ITI11,massacarrara,2,pcl,898.0
1313,2009_06_07,european,ITI11,massacarrara,2,pd,27987.0
1314,2009_06_07,european,ITI11,massacarrara,2,rc,6048.0
1315,2009_06_07,european,ITI11,massacarrara,2,sel,5683.0
1316,2009_06_07,european,ITI11,massacarrara,2,udc,4645.0
1317,2009_06_07,european,ITI12,lucca,0,eligible_voters,332073.0
1318,2009_06_07,european,ITI12,lucca,1,issued_ballots,212947.0
1319,2009_06_07,european,ITI12,lucca,2,idv,14403.0
1320,2009_06_07,european,ITI12,lucca,2,ft,2076.0
1321,2009_06_07,european,ITI12,lucca,2,fn,1155.0
1322,2009_06_07,european,ITI12,lucca,2,pdl,78020.0
1323,2009_06_07,european,ITI12,lucca,2,ldmpa,897.0
1324,2009_06_07,european,ITI12,lucca,2,lega,12192.0
1325,2009_06_07,european,ITI12,lucca,2,ldm,223.0
1326,2009_06_07,european,ITI12,lucca,2,bonino,5203.0
1327,2009_06_07,european,ITI12,lucca,2,pcl,1846.0
1328,2009_06_07,european,ITI12,lucca,2,pd,57037.0
1329,2009_06_07,european,ITI12,lucca,2,rc,9276.0
1330,2009_06_07,european,ITI12,lucca,2,sel,5594.0
1331,2009_06_07,european,ITI12,lucca,2,udc,12327.0
1332,2009_06_07,european,ITI13,pistoia,0,eligible_voters,224157.0
1333,2009_06_07,european,ITI13,pistoia,1,issued_ballots,163302.0
1334,2009_06_07,european,ITI13,pistoia,2,idv,10404.0
1335,2009_06_07,european,ITI13,pistoia,2,ft,1461.0
1336,2009_06_07,european,ITI13,pistoia,2,fn,823.0
1337,2009_06_07,european,ITI13,pistoia,2,pdl,53742.0
1338,2009_06_07,european,ITI13,pistoia,2,ldmpa,794.0
1339,2009_06_07,european,ITI13,pistoia,2,lega,7961.0
1340,2009_06_07,european,ITI13,pistoia,2,ldm,144.0
1341,2009_06_07,european,ITI13,pistoia,2,bonino,3404.0
1342,2009_06_07,european,ITI13,pistoia,2,pcl,1540.0
1343,2009_06_07,european,ITI13,pistoia,2,pd,54110.0
1344,2009_06_07,european,ITI13,pistoia,2,rc,8403.0
1345,2009_06_07,european,ITI13,pistoia,2,sel,4607.0
1346,2009_06_07,european,ITI13,pistoia,2,udc,7251.0
1347,2009_06_07,european,ITI14,firenze,0,eligible_voters,736786.0
1348,2009_06_07,european,ITI14,firenze,1,issued_ballots,561283.0
1349,2009_06_07,european,ITI14,firenze,2,idv,39628.0
1350,2009_06_07,european,ITI14,firenze,2,ft,3292.0
1351,2009_06_07,european,ITI14,firenze,2,fn,2131.0
1352,2009_06_07,european,ITI14,firenze,2,pdl,148336.0
1353,2009_06_07,european,ITI14,firenze,2,ldmpa,1626.0
1354,2009_06_07,european,ITI14,firenze,2,lega,16761.0
1355,2009_06_07,european,ITI14,firenze,2,ldm,634.0
1356,2009_06_07,european,ITI14,firenze,2,bonino,18279.0
1357,2009_06_07,european,ITI14,firenze,2,pcl,5002.0
1358,2009_06_07,european,ITI14,firenze,2,pd,233707.0
1359,2009_06_07,european,ITI14,firenze,2,rc,27177.0
1360,2009_06_07,european,ITI14,firenze,2,sel,20528.0
1361,2009_06_07,european,ITI14,firenze,2,udc,24447.0
1362,2009_06_07,european,ITI15,prato,0,eligible_voters,186330.0
1363,2009_06_07,european,ITI15,prato,1,issued_ballots,140889.0
1364,2009_06_07,european,ITI15,prato,2,idv,9375.0
1365,2009_06_07,european,ITI15,prato,2,ft,961.0
1366,2009_06_07,european,ITI15,prato,2,fn,570.0
1367,2009_06_07,european,ITI15,prato,2,pdl,47075.0
1368,2009_06_07,european,ITI15,prato,2,ldmpa,449.0
1369,2009_06_07,european,ITI15,prato,2,lega,8399.0
1370,2009_06_07,european,ITI15,prato,2,ldm,294.0
1371,2009_06_07,european,ITI15,prato,2,bonino,3085.0
1372,2009_06_07,european,ITI15,prato,2,pcl,903.0
1373,2009_06_07,european,ITI15,prato,2,pd,50553.0
1374,2009_06_07,european,ITI15,prato,2,rc,4339.0
1375,2009_06_07,european,ITI15,prato,2,sel,3329.0
1376,2009_06_07,european,ITI15,prato,2,udc,5838.0
1377,2009_06_07,european,ITI16,livorno,0,eligible_voters,281556.0
1378,2009_06_07,european,ITI16,livorno,1,issued_ballots,206645.0
1379,2009_06_07,european,ITI16,livorno,2,idv,14503.0
1380,2009_06_07,european,ITI16,livorno,2,ft,1549.0
1381,2009_06_07,european,ITI16,livorno,2,fn,658.0
1382,2009_06_07,european,ITI16,livorno,2,pdl,55640.0
1383,2009_06_07,european,ITI16,livorno,2,ldmpa,556.0
1384,2009_06_07,european,ITI16,livorno,2,lega,5860.0
1385,2009_06_07,european,ITI16,livorno,2,ldm,150.0
1386,2009_06_07,european,ITI16,livorno,2,bonino,4655.0
1387,2009_06_07,european,ITI16,livorno,2,pcl,2123.0
1388,2009_06_07,european,ITI16,livorno,2,pd,85529.0
1389,2009_06_07,european,ITI16,livorno,2,rc,12791.0
1390,2009_06_07,european,ITI16,livorno,2,sel,7363.0
1391,2009_06_07,european,ITI16,livorno,2,udc,6492.0
1392,2009_06_07,european,ITI17,pisa,0,eligible_voters,318054.0
1393,2009_06_07,european,ITI17,pisa,1,issued_ballots,232586.0
1394,2009_06_07,european,ITI17,pisa,2,idv,16125.0
1395,2009_06_07,european,ITI17,pisa,2,ft,2235.0
1396,2009_06_07,european,ITI17,pisa,2,fn,1301.0
1397,2009_06_07,european,ITI17,pisa,2,pdl,67267.0
1398,2009_06_07,european,ITI17,pisa,2,ldmpa,821.0
1399,2009_06_07,european,ITI17,pisa,2,lega,9276.0
1400,2009_06_07,european,ITI17,pisa,2,ldm,190.0
1401,2009_06_07,european,ITI17,pisa,2,bonino,5175.0
1402,2009_06_07,european,ITI17,pisa,2,pcl,2437.0
1403,2009_06_07,european,ITI17,pisa,2,pd,85768.0
1404,2009_06_07,european,ITI17,pisa,2,rc,12987.0
1405,2009_06_07,european,ITI17,pisa,2,sel,7649.0
1406,2009_06_07,european,ITI17,pisa,2,udc,10809.0
1407,2009_06_07,european,ITI18,arezzo,0,eligible_voters,253656.0
1408,2009_06_07,european,ITI18,arezzo,1,issued_ballots,186807.0
1409,2009_06_07,european,ITI18,arezzo,2,idv,9804.0
1410,2009_06_07,european,ITI18,arezzo,2,ft,1593.0
1411,2009_06_07,european,ITI18,arezzo,2,fn,879.0
1412,2009_06_07,european,ITI18,arezzo,2,pdl,59698.0
1413,2009_06_07,european,ITI18,arezzo,2,ldmpa,548.0
1414,2009_06_07,european,ITI18,arezzo,2,lega,10294.0
1415,2009_06_07,european,ITI18,arezzo,2,ldm,280.0
1416,2009_06_07,european,ITI18,arezzo,2,bonino,3894.0
1417,2009_06_07,european,ITI18,arezzo,2,pcl,2310.0
1418,2009_06_07,european,ITI18,arezzo,2,pd,66035.0
1419,2009_06_07,european,ITI18,arezzo,2,rc,8042.0
1420,2009_06_07,european,ITI18,arezzo,2,sel,5838.0
1421,2009_06_07,european,ITI18,arezzo,2,udc,8737.0
1422,2009_06_07,european,ITI19,siena,0,eligible_voters,65387.0
1423,2009_06_07,european,ITI19,siena,1,issued_ballots,48015.0
1424,2009_06_07,european,ITI19,siena,2,idv,2654.0
1425,2009_06_07,european,ITI19,siena,2,ft,360.0
1426,2009_06_07,european,ITI19,siena,2,fn,129.0
1427,2009_06_07,european,ITI19,siena,2,pdl,11551.0
1428,2009_06_07,european,ITI19,siena,2,ldmpa,119.0
1429,2009_06_07,european,ITI19,siena,2,lega,1519.0
1430,2009_06_07,european,ITI19,siena,2,ldm,77.0
1431,2009_06_07,european,ITI19,siena,2,bonino,1125.0
1432,2009_06_07,european,ITI19,siena,2,pcl,293.0
1433,2009_06_07,european,ITI19,siena,2,pd,15945.0
1434,2009_06_07,european,ITI19,siena,2,rc,1512.0
1435,2009_06_07,european,ITI19,siena,2,sel,1598.0
1436,2009_06_07,european,ITI19,siena,2,udc,1815.0
1437,2009_06_07,european,ITI1A,grosseto,0,eligible_voters,182935.0
1438,2009_06_07,european,ITI1A,grosseto,1,issued_ballots,136709.0
1439,2009_06_07,european,ITI1A,grosseto,2,idv,7275.0
1440,2009_06_07,european,ITI1A,grosseto,2,ft,2005.0
1441,2009_06_07,european,ITI1A,grosseto,2,fn,540.0
1442,2009_06_07,european,ITI1A,grosseto,2,pdl,47803.0
1443,2009_06_07,european,ITI1A,grosseto,2,ldmpa,880.0
1444,2009_06_07,european,ITI1A,grosseto,2,lega,4210.0
1445,2009_06_07,european,ITI1A,grosseto,2,ldm,121.0
1446,2009_06_07,european,ITI1A,grosseto,2,bonino,3107.0
1447,2009_06_07,european,ITI1A,grosseto,2,pcl,1519.0
1448,2009_06_07,european,ITI1A,grosseto,2,pd,45646.0
1449,2009_06_07,european,ITI1A,grosseto,2,rc,5770.0
1450,2009_06_07,european,ITI1A,grosseto,2,sel,4467.0
1451,2009_06_07,european,ITI1A,grosseto,2,udc,5578.0
1452,2009_06_07,european,ITI21,perugia,0,eligible_voters,506076.0
1453,2009_06_07,european,ITI21,perugia,1,issued_ballots,393820.0
1454,2009_06_07,european,ITI21,perugia,2,idv,22060.0
1455,2009_06_07,european,ITI21,perugia,2,ft,3698.0
1456,2009_06_07,european,ITI21,perugia,2,fn,2935.0
1457,2009_06_07,european,ITI21,perugia,2,pdl,130719.0
1458,2009_06_07,european,ITI21,perugia,2,ldmpa,2059.0
1459,2009_06_07,european,ITI21,perugia,2,lega,15305.0
1460,2009_06_07,european,ITI21,perugia,2,ldm,448.0
1461,2009_06_07,european,ITI21,perugia,2,bonino,8168.0
1462,2009_06_07,european,ITI21,perugia,2,pcl,3697.0
1463,2009_06_07,european,ITI21,perugia,2,pd,125777.0
1464,2009_06_07,european,ITI21,perugia,2,rc,22386.0
1465,2009_06_07,european,ITI21,perugia,2,sel,12798.0
1466,2009_06_07,european,ITI21,perugia,2,udc,20420.0
1467,2009_06_07,european,ITI22,terni,0,eligible_voters,186572.0
1468,2009_06_07,european,ITI22,terni,1,issued_ballots,145683.0
1469,2009_06_07,european,ITI22,terni,2,idv,7634.0
1470,2009_06_07,european,ITI22,terni,2,ft,1413.0
1471,2009_06_07,european,ITI22,terni,2,fn,722.0
1472,2009_06_07,european,ITI22,terni,2,pdl,50423.0
1473,2009_06_07,european,ITI22,terni,2,ldmpa,907.0
1474,2009_06_07,european,ITI22,terni,2,lega,2733.0
1475,2009_06_07,european,ITI22,terni,2,ldm,481.0
1476,2009_06_07,european,ITI22,terni,2,bonino,3660.0
1477,2009_06_07,european,ITI22,terni,2,pcl,1407.0
1478,2009_06_07,european,ITI22,terni,2,pd,45975.0
1479,2009_06_07,european,ITI22,terni,2,rc,9144.0
1480,2009_06_07,european,ITI22,terni,2,sel,5123.0
1481,2009_06_07,european,ITI22,terni,2,udc,5934.0
1482,2009_06_07,european,ITI31,pesaro e urbino,0,eligible_voters,256209.0
1483,2009_06_07,european,ITI31,pesaro e urbino,1,issued_ballots,202038.0
1484,2009_06_07,european,ITI31,pesaro e urbino,2,idv,15410.0
1485,2009_06_07,european,ITI31,pesaro e urbino,2,ft,1621.0
1486,2009_06_07,european,ITI31,pesaro e urbino,2,fn,1171.0
1487,2009_06_07,european,ITI31,pesaro e urbino,2,pdl,62669.0
1488,2009_06_07,european,ITI31,pesaro e urbino,2,ldmpa,763.0
1489,2009_06_07,european,ITI31,pesaro e urbino,2,lega,14090.0
1490,2009_06_07,european,ITI31,pesaro e urbino,2,ldm,258.0
1491,2009_06_07,european,ITI31,pesaro e urbino,2,bonino,4325.0
1492,2009_06_07,european,ITI31,pesaro e urbino,2,pcl,1962.0
1493,2009_06_07,european,ITI31,pesaro e urbino,2,pd,62972.0
1494,2009_06_07,european,ITI31,pesaro e urbino,2,rc,6600.0
1495,2009_06_07,european,ITI31,pesaro e urbino,2,sel,4477.0
1496,2009_06_07,european,ITI31,pesaro e urbino,2,udc,10006.0
1497,2009_06_07,european,ITI32,ancona,0,eligible_voters,381616.0
1498,2009_06_07,european,ITI32,ancona,1,issued_ballots,271900.0
1499,2009_06_07,european,ITI32,ancona,2,idv,24814.0
1500,2009_06_07,european,ITI32,ancona,2,ft,2381.0
1501,2009_06_07,european,ITI32,ancona,2,fn,2311.0
1502,2009_06_07,european,ITI32,ancona,2,pdl,80919.0
1503,2009_06_07,european,ITI32,ancona,2,ldmpa,1116.0
1504,2009_06_07,european,ITI32,ancona,2,lega,12055.0
1505,2009_06_07,european,ITI32,ancona,2,ldm,664.0
1506,2009_06_07,european,ITI32,ancona,2,bonino,6473.0
1507,2009_06_07,european,ITI32,ancona,2,pcl,2998.0
1508,2009_06_07,european,ITI32,ancona,2,pd,85036.0
1509,2009_06_07,european,ITI32,ancona,2,rc,11471.0
1510,2009_06_07,european,ITI32,ancona,2,sel,10320.0
1511,2009_06_07,european,ITI32,ancona,2,udc,18499.0
1512,2009_06_07,european,ITI33,macerata,0,eligible_voters,237490.0
1513,2009_06_07,european,ITI33,macerata,1,issued_ballots,170742.0
1514,2009_06_07,european,ITI33,macerata,2,idv,13451.0
1515,2009_06_07,european,ITI33,macerata,2,ft,1858.0
1516,2009_06_07,european,ITI33,macerata,2,fn,1053.0
1517,2009_06_07,european,ITI33,macerata,2,pdl,56947.0
1518,2009_06_07,european,ITI33,macerata,2,ldmpa,790.0
1519,2009_06_07,european,ITI33,macerata,2,lega,7839.0
1520,2009_06_07,european,ITI33,macerata,2,ldm,414.0
1521,2009_06_07,european,ITI33,macerata,2,bonino,3462.0
1522,2009_06_07,european,ITI33,macerata,2,pcl,1405.0
1523,2009_06_07,european,ITI33,macerata,2,pd,38466.0
1524,2009_06_07,european,ITI33,macerata,2,rc,5478.0
1525,2009_06_07,european,ITI33,macerata,2,sel,4510.0
1526,2009_06_07,european,ITI33,macerata,2,udc,15482.0
1527,2009_06_07,european,ITI34,ascoli piceno,0,eligible_voters,177397.0
1528,2009_06_07,european,ITI34,ascoli piceno,1,issued_ballots,132299.0
1529,2009_06_07,european,ITI34,ascoli piceno,2,idv,11130.0
1530,2009_06_07,european,ITI34,ascoli piceno,2,ft,1438.0
1531,2009_06_07,european,ITI34,ascoli piceno,2,fn,873.0
1532,2009_06_07,european,ITI34,ascoli piceno,2,pdl,48145.0
1533,2009_06_07,european,ITI34,ascoli piceno,2,ldmpa,846.0
1534,2009_06_07,european,ITI34,ascoli piceno,2,lega,4309.0
1535,2009_06_07,european,ITI34,ascoli piceno,2,ldm,147.0
1536,2009_06_07,european,ITI34,ascoli piceno,2,bonino,2863.0
1537,2009_06_07,european,ITI34,ascoli piceno,2,pcl,1380.0
1538,2009_06_07,european,ITI34,ascoli piceno,2,pd,31238.0
1539,2009_06_07,european,ITI34,ascoli piceno,2,rc,6447.0
1540,2009_06_07,european,ITI34,ascoli piceno,2,sel,4348.0
1541,2009_06_07,european,ITI34,ascoli piceno,2,udc,8325.0
1542,2009_06_07,european,ITI35,fermo,0,eligible_voters,144945.0
1543,2009_06_07,european,ITI35,fermo,1,issued_ballots,106615.0
1544,2009_06_07,european,ITI35,fermo,2,idv,9330.0
1545,2009_06_07,european,ITI35,fermo,2,ft,1123.0
1546,2009_06_07,european,ITI35,fermo,2,fn,533.0
1547,2009_06_07,european,ITI35,fermo,2,pdl,38710.0
1548,2009_06_07,european,ITI35,fermo,2,ldmpa,936.0
1549,2009_06_07,european,ITI35,fermo,2,lega,4570.0
1550,2009_06_07,european,ITI35,fermo,2,ldm,150.0
1551,2009_06_07,european,ITI35,fermo,2,bonino,1940.0
1552,2009_06_07,european,ITI35,fermo,2,pcl,1194.0
1553,2009_06_07,european,ITI35,fermo,2,pd,25760.0
1554,2009_06_07,european,ITI35,fermo,2,rc,4133.0
1555,2009_06_07,european,ITI35,fermo,2,sel,2881.0
1556,2009_06_07,european,ITI35,fermo,2,udc,6387.0
1557,2009_06_07,european,ITI41,viterbo,0,eligible_voters,254837.0
1558,2009_06_07,european,ITI41,viterbo,1,issued_ballots,182921.0
1559,2009_06_07,european,ITI41,viterbo,2,idv,9563.0
1560,2009_06_07,european,ITI41,viterbo,2,ft,2944.0
1561,2009_06_07,european,ITI41,viterbo,2,fn,1436.0
1562,2009_06_07,european,ITI41,viterbo,2,pdl,78240.0
1563,2009_06_07,european,ITI41,viterbo,2,ldmpa,1437.0
1564,2009_06_07,european,ITI41,viterbo,2,lega,2830.0
1565,2009_06_07,european,ITI41,viterbo,2,ldm,277.0
1566,2009_06_07,european,ITI41,viterbo,2,bonino,3941.0
1567,2009_06_07,european,ITI41,viterbo,2,pcl,1616.0
1568,2009_06_07,european,ITI41,viterbo,2,pd,45849.0
1569,2009_06_07,european,ITI41,viterbo,2,rc,6917.0
1570,2009_06_07,european,ITI41,viterbo,2,sel,6800.0
1571,2009_06_07,european,ITI41,viterbo,2,udc,10778.0
1572,2009_06_07,european,ITI42,rieti,0,eligible_voters,129412.0
1573,2009_06_07,european,ITI42,rieti,1,issued_ballots,103861.0
1574,2009_06_07,european,ITI42,rieti,2,idv,6166.0
1575,2009_06_07,european,ITI42,rieti,2,ft,1941.0
1576,2009_06_07,european,ITI42,rieti,2,fn,668.0
1577,2009_06_07,european,ITI42,rieti,2,pdl,41251.0
1578,2009_06_07,european,ITI42,rieti,2,ldmpa,1388.0
1579,2009_06_07,european,ITI42,rieti,2,lega,1224.0
1580,2009_06_07,european,ITI42,rieti,2,ldm,887.0
1581,2009_06_07,european,ITI42,rieti,2,bonino,1974.0
1582,2009_06_07,european,ITI42,rieti,2,pcl,1128.0
1583,2009_06_07,european,ITI42,rieti,2,pd,24050.0
1584,2009_06_07,european,ITI42,rieti,2,rc,4751.0
1585,2009_06_07,european,ITI42,rieti,2,sel,3955.0
1586,2009_06_07,european,ITI42,rieti,2,udc,5180.0
1587,2009_06_07,european,ITI43,roma,0,eligible_voters,3375656.0
1588,2009_06_07,european,ITI43,roma,1,issued_ballots,1992282.0
1589,2009_06_07,european,ITI43,roma,2,idv,177036.0
1590,2009_06_07,european,ITI43,roma,2,ft,18573.0
1591,2009_06_07,european,ITI43,roma,2,fn,15280.0
1592,2009_06_07,european,ITI43,roma,2,pdl,776325.0
1593,2009_06_07,european,ITI43,roma,2,ldmpa,16899.0
1594,2009_06_07,european,ITI43,roma,2,lega,18763.0
1595,2009_06_07,european,ITI43,roma,2,ldm,2804.0
1596,2009_06_07,european,ITI43,roma,2,bonino,67566.0
1597,2009_06_07,european,ITI43,roma,2,pcl,10729.0
1598,2009_06_07,european,ITI43,roma,2,pd,583715.0
1599,2009_06_07,european,ITI43,roma,2,rc,71750.0
1600,2009_06_07,european,ITI43,roma,2,sel,77623.0
1601,2009_06_07,european,ITI43,roma,2,udc,91370.0
1602,2009_06_07,european,ITI44,latina,0,eligible_voters,453067.0
1603,2009_06_07,european,ITI44,latina,1,issued_ballots,323128.0
1604,2009_06_07,european,ITI44,latina,2,idv,19235.0
1605,2009_06_07,european,ITI44,latina,2,ft,3336.0
1606,2009_06_07,european,ITI44,latina,2,fn,1929.0
1607,2009_06_07,european,ITI44,latina,2,pdl,156698.0
1608,2009_06_07,european,ITI44,latina,2,ldmpa,2980.0
1609,2009_06_07,european,ITI44,latina,2,lega,4077.0
1610,2009_06_07,european,ITI44,latina,2,ldm,2648.0
1611,2009_06_07,european,ITI44,latina,2,bonino,6225.0
1612,2009_06_07,european,ITI44,latina,2,pcl,1755.0
1613,2009_06_07,european,ITI44,latina,2,pd,58904.0
1614,2009_06_07,european,ITI44,latina,2,rc,8304.0
1615,2009_06_07,european,ITI44,latina,2,sel,6947.0
1616,2009_06_07,european,ITI44,latina,2,udc,22680.0
1617,2009_06_07,european,ITI45,frosinone,0,eligible_voters,353580.0
1618,2009_06_07,european,ITI45,frosinone,1,issued_ballots,267864.0
1619,2009_06_07,european,ITI45,frosinone,2,idv,14985.0
1620,2009_06_07,european,ITI45,frosinone,2,ft,2921.0
1621,2009_06_07,european,ITI45,frosinone,2,fn,1379.0
1622,2009_06_07,european,ITI45,frosinone,2,pdl,112742.0
1623,2009_06_07,european,ITI45,frosinone,2,ldmpa,2148.0
1624,2009_06_07,european,ITI45,frosinone,2,lega,2356.0
1625,2009_06_07,european,ITI45,frosinone,2,ldm,541.0
1626,2009_06_07,european,ITI45,frosinone,2,bonino,3616.0
1627,2009_06_07,european,ITI45,frosinone,2,pcl,2329.0
1628,2009_06_07,european,ITI45,frosinone,2,pd,58095.0
1629,2009_06_07,european,ITI45,frosinone,2,rc,9789.0
1630,2009_06_07,european,ITI45,frosinone,2,sel,7505.0
1631,2009_06_07,european,ITI45,frosinone,2,udc,19422.0
