,teryt_code,eligible_voters,issued_ballots,Duda,Trzaskowski
0,T_0201,67800,42238,20966,21281
1,T_0202,77836,48353,24383,23959
2,T_0203,66323,43970,22722,21157
3,T_0204,26736,15692,8957,6758
4,T_0205,39507,24506,13358,11179
5,T_0206,54592,36278,13131,23225
6,T_0207,33809,20896,9920,10946
7,T_0208,129045,80179,37276,43032
8,T_0209,41869,27258,15259,11950
9,T_0210,43150,26778,12096,14626
10,T_0211,79505,52898,29704,23127
11,T_0212,35812,21242,10206,11028
12,T_0213,28856,18348,10153,8219
13,T_0214,81819,52853,25524,27461
14,T_0215,58184,39995,19825,20178
15,T_0216,46926,30239,18597,11527
16,T_0217,35011,22948,13199,9830
17,T_0218,42361,27979,14656,13331
18,T_0219,120298,77535,36334,41242
19,T_0220,65963,44907,22627,22278
20,T_0221,43390,26738,11265,15507
21,T_0222,37493,23924,12847,11032
22,T_0223,114486,84465,35366,49142
23,T_0224,51235,31465,17141,14401
24,T_0225,69163,42919,20352,22514
25,T_0226,33719,21045,10788,10226
26,T_0261,60866,40401,14403,26042
27,T_0262,72273,46816,21190,25640
28,T_0264,501319,364567,121958,243387
29,T_0265,81030,49609,19628,29884
30,T_0401,45431,29625,16198,13459
31,T_0402,60724,38372,21478,16839
32,T_0403,89345,61671,24536,37128
33,T_0404,38321,23294,11618,11632
34,T_0405,35036,21583,12907,8661
35,T_0406,30558,18077,10350,7692
36,T_0407,124249,78525,36641,41865
37,T_0408,51610,30168,18164,11998
38,T_0409,36264,22445,11926,10472
39,T_0410,65229,40733,20058,20617
40,T_0411,33286,20860,13477,7399
41,T_0412,34170,20935,12569,8357
42,T_0413,31132,18997,9882,9101
43,T_0414,75066,46146,23411,22667
44,T_0415,80713,52883,25117,27798
45,T_0416,38000,24492,13980,10472
46,T_0417,26062,15437,7935,7480
47,T_0418,69407,43026,25230,17791
48,T_0419,54278,34241,17762,16418
49,T_0461,255625,177645,66131,111726
50,T_0462,67400,42706,17782,24856
51,T_0463,147733,103739,38332,65567
52,T_0464,83294,53744,21244,32477
53,T_0601,87609,54858,38924,16352
54,T_0602,80984,52665,39532,13073
55,T_0603,62527,36482,26523,10045
56,T_0604,51809,30140,21601,8577
57,T_0605,36801,25808,21795,4088
58,T_0606,52360,31644,22100,9739
59,T_0607,75402,48960,35542,13354
60,T_0608,70086,46847,33693,13015
61,T_0609,121756,83380,56890,26464
62,T_0610,44143,28986,20528,8465
63,T_0611,82375,57240,44231,12887
64,T_0612,47984,30605,22414,8182
65,T_0613,28358,17963,12228,5680
66,T_0614,91520,62447,38844,23619
67,T_0615,47193,30486,22736,7599
68,T_0616,44301,30538,21319,9204
69,T_0617,56029,37208,24088,13218
70,T_0618,68062,41111,30349,10885
71,T_0619,32637,20788,12612,8147
72,T_0620,87992,55998,42139,13982
73,T_0661,43771,28751,16160,12580
74,T_0662,48686,30411,16196,14199
75,T_0663,259924,178061,87087,91502
76,T_0664,49350,31700,17922,13774
77,T_0801,54187,35507,14092,21299
78,T_0802,42336,26095,10339,15811
79,T_0803,46410,29464,12079,17516
80,T_0804,65374,41669,18506,23153
81,T_0805,35798,22717,8756,13929
82,T_0806,38733,23487,10585,12861
83,T_0807,27433,17081,7968,9064
84,T_0808,43548,27971,11450,16458
85,T_0809,58070,37662,14924,22683
86,T_0810,60031,36380,16843,19530
87,T_0811,73286,44449,18415,26008
88,T_0812,30574,19173,10168,8978
89,T_0861,90649,60685,22330,38237
90,T_0862,103880,74491,23134,51322
91,T_1001,87411,61130,41128,19750
92,T_1002,76663,50124,30888,19243
93,T_1003,40165,27660,16421,11220
94,T_1004,40869,26580,17968,8596
95,T_1005,62772,43112,28650,14381
96,T_1006,56942,41491,21930,19571
97,T_1007,60264,43045,32372,10854
98,T_1008,92285,64547,30289,34251
99,T_1009,41216,27828,19715,8253
100,T_1010,73049,51005,37228,13731
101,T_1011,34023,22602,14498,8101
102,T_1012,89684,59922,38063,21878
103,T_1013,38491,26336,18162,8076
104,T_1014,93034,62582,40882,21854
105,T_1015,30280,22102,16455,5539
106,T_1016,90508,63202,38800,24498
107,T_1017,60747,41033,25759,15284
108,T_1018,33349,21481,13539,8040
109,T_1019,50859,34429,19944,14477
110,T_1020,129292,90860,44021,46925
111,T_1021,24260,16976,10560,6348
112,T_1061,511975,356452,129082,227780
113,T_1062,55563,38207,19494,18717
114,T_1063,36279,25864,12556,13306
115,T_1201,82520,58921,42272,16864
116,T_1202,72357,47991,35017,12961
117,T_1203,96637,65662,33447,32480
118,T_1204,46485,28209,22364,5889
119,T_1205,86663,56413,39732,16833
120,T_1206,216624,155970,91010,65508
121,T_1207,99926,70362,57003,13839
122,T_1208,39697,25928,18443,7575
123,T_1209,97834,70525,49979,20734
124,T_1210,167516,119448,94941,25308
125,T_1211,152156,97658,70848,26825
126,T_1212,87427,60972,35814,25251
127,T_1213,118755,82706,45527,37526
128,T_1214,34638,22373,16602,5795
129,T_1215,67024,44558,31055,14048
130,T_1216,156936,102650,77884,25372
131,T_1217,64930,45527,27931,17782
132,T_1218,124498,85739,53341,32638
133,T_1219,98736,70665,39977,30805
134,T_1261,602006,437803,169441,270305
135,T_1262,63371,43496,26101,17466
136,T_1263,85706,55971,28861,27361
137,T_1401,26684,19372,14544,4775
138,T_1402,70029,46731,29766,16956
139,T_1403,84495,62387,46680,15486
140,T_1404,36760,24086,15473,8627
141,T_1405,71872,53949,24382,29609
142,T_1406,77726,54479,34668,19801
143,T_1407,49136,34628,23894,10695
144,T_1408,89422,67649,29165,38596
145,T_1409,28138,17752,12988,4715
146,T_1410,25325,16768,12701,4019
147,T_1411,36292,24574,17628,6922
148,T_1412,118150,85595,50416,35200
149,T_1413,56392,36991,24475,12425
150,T_1414,61906,43205,23422,19683
151,T_1415,69547,45147,34307,10709
152,T_1416,57657,39542,28665,10807
153,T_1417,94501,70588,38330,32342
154,T_1418,137125,104810,43509,61636
155,T_1419,87621,57579,39086,18375
156,T_1420,69867,45661,30222,15382
157,T_1421,125343,94096,39469,55137
158,T_1422,40774,26235,18707,7463
159,T_1423,34357,24625,19741,4956
160,T_1424,41163,28103,18651,9450
161,T_1425,118064,81547,60729,20779
162,T_1426,64144,45421,36187,9192
163,T_1427,40892,26078,17731,8312
164,T_1428,65048,44785,26801,17967
165,T_1429,43764,30804,22581,8207
166,T_1430,31281,20483,15490,4971
167,T_1432,89850,67331,30478,37184
168,T_1433,53517,37152,26280,10850
169,T_1434,184047,135160,76139,58934
170,T_1435,59107,41368,27968,13276
171,T_1436,28937,19400,14745,4689
172,T_1437,30718,20002,13380,6616
173,T_1438,57576,40439,22369,18010
174,T_1461,39307,26003,15149,10805
175,T_1462,90610,62363,29928,32236
176,T_1463,155558,107087,59413,47819
177,T_1464,58158,41003,23778,17221
178,T_1465,1340188,1022297,332554,695559
179,T_1498,384,383,110,250
180,T_1499,525355,35131,107647,308304
181,T_1601,68554,43046,22912,20152
182,T_1602,36059,21985,13257,8775
183,T_1603,71044,40758,17183,23567
184,T_1604,50942,29631,14855,14815
185,T_1605,49334,26002,10977,15121
186,T_1606,33573,21480,11484,9970
187,T_1607,108249,65322,36466,29189
188,T_1608,51326,28834,15321,13529
189,T_1609,97598,54131,22705,31432
190,T_1610,42883,24582,13751,10888
191,T_1611,59536,31900,15278,16651
192,T_1661,97348,67001,21459,45593
193,T_1801,19366,11967,6595,5376
194,T_1802,52032,34352,28308,6112
195,T_1803,105318,71465,53676,17972
196,T_1804,95099,60056,46023,14741
197,T_1805,90812,60191,45906,14447
198,T_1806,48945,30825,24835,6054
199,T_1807,90123,59688,44376,15502
200,T_1808,54297,35226,28578,6717
201,T_1809,44618,27439,20328,7132
202,T_1810,63184,44221,33945,10422
203,T_1811,105357,69892,50014,20115
204,T_1812,52768,32129,24878,7307
205,T_1813,58832,36737,28048,8843
206,T_1814,62558,40701,31746,9194
207,T_1815,57981,40137,32515,7604
208,T_1816,131912,92222,69996,22291
209,T_1817,74457,46398,30759,15602
210,T_1818,81818,50971,34576,16476
211,T_1819,48944,31984,25182,6905
212,T_1820,42463,26842,19702,7145
213,T_1821,29311,20674,11616,9055
214,T_1861,36331,24217,13354,10930
215,T_1862,47264,28941,16051,13047
216,T_1863,150771,104178,52529,51870
217,T_1864,36284,23354,12109,11274
218,T_2001,48662,30784,18383,12313
219,T_2002,117445,77455,47121,30407
220,T_2003,44160,27583,16604,10984
221,T_2004,37290,22124,15244,6863
222,T_2005,37108,21360,8284,13019
223,T_2006,30426,18044,14074,3955
224,T_2007,40663,25711,20249,5396
225,T_2008,32446,18420,13328,5123
226,T_2009,17682,10606,5461,5184
227,T_2010,36527,21669,13511,8088
228,T_2011,53734,31408,21302,10129
229,T_2012,29983,19014,12301,6626
230,T_2013,45332,31270,25250,5947
231,T_2014,34447,22029,15928,6024
232,T_2061,215787,146909,70236,76702
233,T_2062,45757,28893,17598,11390
234,T_2063,52316,33137,17615,15471
235,T_2201,61080,38536,19375,19026
236,T_2202,74632,49770,26414,23359
237,T_2203,44221,26414,11856,14466
238,T_2204,86591,59713,21406,38133
239,T_2205,103386,75273,39913,35067
240,T_2206,57367,40168,21289,18895
241,T_2207,61247,36947,17843,18947
242,T_2208,54162,36922,15369,21433
243,T_2209,47652,29461,12020,17456
244,T_2210,36914,25675,10034,15570
245,T_2211,100635,78611,29403,48894
246,T_2212,81725,52630,22216,30264
247,T_2213,96616,62053,34526,27473
248,T_2214,84713,53828,26203,27528
249,T_2215,161535,113225,49316,63596
250,T_2216,32412,18304,8821,9439
251,T_2261,368850,273809,81737,192349
252,T_2262,186515,138513,41539,97194
253,T_2263,67154,44529,16855,27695
254,T_2264,31657,24181,6781,17579
255,T_2401,115047,77364,32294,45224
256,T_2402,127404,90982,46897,44492
257,T_2403,141286,95067,45887,50418
258,T_2404,108793,73489,43021,30315
259,T_2405,87031,54352,27798,26654
260,T_2406,68230,45356,26190,19145
261,T_2407,60891,37263,20960,16494
262,T_2408,73601,50730,25024,26259
263,T_2409,56820,37641,21564,16155
264,T_2410,82912,58519,35489,23642
265,T_2411,82145,46598,23536,23323
266,T_2412,58973,38760,23937,15300
267,T_2413,107912,70672,34338,36792
268,T_2414,45430,30944,19414,11707
269,T_2415,118728,73947,46000,31849
270,T_2416,95278,64164,35614,28669
271,T_2417,122004,84808,54249,31020
272,T_2461,128592,90169,39670,50815
273,T_2462,114972,68781,31525,37189
274,T_2463,77119,47944,19103,28939
275,T_2464,168613,115746,51415,64472
276,T_2465,90460,61102,25251,35820
277,T_2466,131136,88718,34512,54335
278,T_2467,66078,42195,26031,16900
279,T_2468,69220,45292,21273,24115
280,T_2469,219590,150282,57971,92727
281,T_2470,54459,36304,18013,18287
282,T_2471,41462,26916,14163,12762
283,T_2472,101814,64348,32879,31412
284,T_2473,102295,67286,35092,32667
285,T_2474,48856,31886,13192,18689
286,T_2475,152089,100540,41023,59432
287,T_2476,36003,21321,9969,11333
288,T_2477,93694,65060,29777,35454
289,T_2478,123491,69999,31315,38561
290,T_2479,45350,30161,15847,14527
291,T_2601,59874,38655,26350,12340
292,T_2602,69417,46023,33354,12730
293,T_2603,27848,16298,11808,4562
294,T_2604,168224,115483,82043,33194
295,T_2605,65935,43949,29903,13999
296,T_2606,42681,26551,19676,6869
297,T_2607,85436,52474,30807,21757
298,T_2608,33373,20851,14368,6502
299,T_2609,63074,39840,25624,14145
300,T_2610,59094,38565,21772,16813
301,T_2611,70510,45486,28248,17530
302,T_2612,58610,37933,27822,10082
303,T_2613,36916,24815,17987,6747
304,T_2661,148221,104078,49605,54478
305,T_2801,45659,25784,12815,12851
306,T_2802,32703,18188,8855,9299
307,T_2803,51118,31147,18251,12768
308,T_2804,44260,25185,12630,12519
309,T_2805,68316,38417,19230,19112
310,T_2806,51250,34036,13164,20771
311,T_2807,72749,45508,24284,21194
312,T_2808,48984,27754,13297,14466
313,T_2809,32068,18567,8746,9783
314,T_2810,44514,28739,12301,16325
315,T_2811,25712,15453,8947,6466
316,T_2812,33813,21045,13289,7678
317,T_2813,26310,14780,8099,6648
318,T_2814,102598,64291,26776,37273
319,T_2815,82783,50488,22612,27755
320,T_2816,48736,29517,15861,13512
321,T_2817,59223,37022,19242,17674
322,T_2818,20901,11738,5522,6229
323,T_2819,19728,12309,5222,7021
324,T_2861,87762,56545,24050,32363
325,T_2862,129254,90694,32530,58029
326,T_3001,36237,24348,9534,14715
327,T_3002,66619,43304,19536,23751
328,T_3003,111104,74745,35281,39430
329,T_3004,58630,36678,21447,15364
330,T_3005,39133,25625,13447,12134
331,T_3006,54736,35803,20240,15572
332,T_3007,65605,43802,29489,14341
333,T_3008,43493,24679,15222,13587
334,T_3009,67938,44089,29921,14124
335,T_3010,102839,68624,46776,21734
336,T_3011,61284,40877,20086,20780
337,T_3012,59050,37959,21501,16536
338,T_3013,44542,29779,14325,15395
339,T_3014,29065,18815,7720,11074
340,T_3015,57387,39153,16737,22294
341,T_3016,44606,29852,12543,17281
342,T_3017,124958,84162,43455,40665
343,T_3018,43444,28313,15789,12842
344,T_3019,102006,67301,29249,37934
345,T_3020,48722,32177,18506,13730
346,T_3021,296370,224369,73009,151678
347,T_3022,46565,29415,15078,14316
348,T_3023,47761,31153,18236,12867
349,T_3024,71074,48514,20009,28397
350,T_3025,45068,30323,14969,15256
351,T_3026,46781,31018,14786,16119
352,T_3027,65773,43229,28868,14415
353,T_3028,53313,34643,16326,18251
354,T_3029,44306,30923,14675,16000
355,T_3030,59459,40386,20589,19769
356,T_3031,53195,31992,14746,17194
357,T_3061,74433,51533,21119,30383
358,T_3062,57280,39002,18860,20126
359,T_3063,46988,33072,11226,21808
360,T_3064,411294,306625,86290,221266
361,T_3201,35833,21004,9503,11510
362,T_3202,37447,21972,10747,11162
363,T_3203,45419,27295,12174,15046
364,T_3204,64509,40054,17601,22334
365,T_3205,59476,40016,16715,23291
366,T_3206,62701,38860,19046,19730
367,T_3207,48668,33954,13147,20808
368,T_3208,78463,56323,21819,34388
369,T_3209,63762,43602,17722,25746
370,T_3210,50165,30402,13750,16631
371,T_3211,58100,40666,14194,26500
372,T_3212,30372,18355,10568,7770
373,T_3213,54886,37492,16419,20998
374,T_3214,91185,59125,26550,32612
375,T_3215,59455,35931,16825,19150
376,T_3216,35989,21001,10218,10754
377,T_3217,40538,25174,10437,14683
378,T_3218,27963,16052,7793,8254
379,T_3261,80659,55870,19766,36310
380,T_3262,291294,203296,73873,129521
381,T_3263,34480,24247,8229,15915
