,teryt_code,eligible_voters,issued_ballots,KE,LEWICA,POLEXIT,JEDNOSC,PIS,EC,WIOSNA,KONFEDERACJA,KUKIZ15,GWIAZDOWSKI
0,T_0201,69763,27757,10701,347,0,0,12050,0,1673,1578,1144,0
1,T_0202,81007,33205,12884,417,0,0,14603,0,2170,1642,1197,0
2,T_0203,69155,30749,12114,442,0,0,13470,0,1884,1328,1262,0
3,T_0204,27730,9285,3093,124,0,0,4694,0,531,370,354,0
4,T_0205,40606,16034,5800,184,0,0,7538,0,968,726,650,0
5,T_0206,50977,21551,10508,440,0,0,6935,0,1717,1005,719,0
6,T_0207,35050,13570,5762,197,0,0,5566,0,881,532,502,0
7,T_0208,130272,52026,22010,670,0,0,21816,0,2826,2433,1814,0
8,T_0209,42842,17340,5854,209,0,0,8618,0,959,817,700,0
9,T_0210,44037,17356,7392,226,0,0,7014,0,1080,815,664,0
10,T_0211,82373,37372,12769,428,0,0,18007,0,2112,1912,1870,0
11,T_0212,36927,13595,5396,193,0,0,5794,0,834,670,541,0
12,T_0213,29315,11239,4022,126,0,0,5603,0,551,478,351,0
13,T_0214,84047,34221,13985,470,0,0,14216,0,2186,1704,1328,0
14,T_0215,59351,27501,10757,313,0,0,11856,0,1677,1521,1179,0
15,T_0216,48216,19384,5470,285,0,0,10506,0,1040,996,865,0
16,T_0217,35728,14655,4958,172,0,0,7403,0,685,686,607,0
17,T_0218,42500,17251,6439,193,0,0,7878,0,1027,850,724,0
18,T_0219,124794,54707,22293,717,0,0,21574,0,4718,2683,2286,0
19,T_0220,66517,29304,11477,339,0,0,12725,0,1807,1582,1124,0
20,T_0221,44766,17818,8096,239,0,0,6426,0,1498,747,633,0
21,T_0222,38587,15236,5647,194,0,0,7036,0,855,820,518,0
22,T_0223,110356,55957,25045,662,0,0,19739,0,4430,3239,2542,0
23,T_0224,52963,20479,7778,255,0,0,9718,0,974,732,826,0
24,T_0225,71752,28117,11407,366,0,0,11440,0,1641,1257,1722,0
25,T_0226,34986,13456,5417,177,0,0,5870,0,766,558,519,0
26,T_0261,62671,30077,15844,383,0,0,9052,0,2349,1338,901,0
27,T_0262,75449,33384,14276,456,0,0,13315,0,2442,1505,1198,0
28,T_0264,485846,272464,136307,4201,0,0,80244,0,24248,15842,10338,0
29,T_0265,85857,36059,18437,512,0,0,11440,0,2808,1298,1347,0
30,T_0401,45915,18885,7390,216,0,0,8665,0,999,637,767,0
31,T_0402,61052,23114,7293,209,0,0,10253,0,859,524,3731,0
32,T_0403,89297,39689,19640,408,0,0,13225,0,2681,1931,1459,0
33,T_0404,39462,14535,5918,195,0,0,6051,0,920,563,740,0
34,T_0405,35680,12672,4102,164,0,0,6443,0,632,404,795,0
35,T_0406,31123,10091,3481,132,0,0,4999,0,533,369,482,0
36,T_0407,128129,52770,26431,466,0,0,20002,0,2376,1645,1356,0
37,T_0408,52068,17289,6516,165,0,0,8690,0,693,457,542,0
38,T_0409,36851,13396,5489,141,0,0,5953,0,694,515,448,0
39,T_0410,67021,26195,12005,298,0,0,10614,0,1246,865,881,0
40,T_0411,33644,11563,3430,140,0,0,6594,0,546,316,383,0
41,T_0412,34652,11802,3914,125,0,0,6156,0,578,351,579,0
42,T_0413,31920,11436,4385,169,0,0,5127,0,678,414,522,0
43,T_0414,76029,27569,11395,329,0,0,11746,0,1611,1076,1045,0
44,T_0415,81074,32429,13839,404,0,0,13135,0,2049,1371,1356,0
45,T_0416,37665,15033,5218,140,0,0,7608,0,657,624,568,0
46,T_0417,26767,9054,3599,137,0,0,3863,0,564,337,458,0
47,T_0418,69976,23520,8075,319,0,0,12036,0,1273,693,815,0
48,T_0419,55186,20630,8491,222,0,0,9146,0,1086,738,650,0
49,T_0461,262817,134674,71087,1348,0,0,43345,0,8692,5688,3873,0
50,T_0462,69974,28597,14835,285,0,0,9587,0,1907,947,848,0
51,T_0463,150200,78172,40496,1113,0,0,24951,0,5504,3283,2413,0
52,T_0464,87059,36320,18333,408,0,0,12219,0,2634,1475,983,0
53,T_0601,90071,37635,9899,195,0,0,23322,0,677,1393,1353,246
54,T_0602,83028,36245,7295,179,0,0,24339,0,751,1629,1503,159
55,T_0603,63557,22261,4815,199,0,0,14491,0,607,880,777,127
56,T_0604,53634,19565,4591,130,0,0,12408,0,486,608,992,94
57,T_0605,37690,18319,2432,88,0,0,14047,0,230,728,511,73
58,T_0606,53806,21131,5166,153,0,0,13056,0,667,881,787,125
59,T_0607,77717,33630,7821,259,0,0,21712,0,786,1248,1184,176
60,T_0608,71112,30639,6826,207,0,0,19676,0,891,1386,1041,252
61,T_0609,122059,55493,14685,331,0,0,33182,0,1461,2694,2109,446
62,T_0610,44753,18394,4309,113,0,0,11397,0,526,992,714,143
63,T_0611,84224,36148,6168,263,0,0,25558,0,758,1415,1258,210
64,T_0612,49181,19284,4376,113,0,0,12225,0,501,714,995,109
65,T_0613,28781,11643,2978,82,0,0,6986,0,290,518,561,69
66,T_0614,93941,43380,12833,403,0,0,23772,0,1832,2037,1637,376
67,T_0615,48233,19992,3960,107,0,0,13628,0,415,823,648,178
68,T_0616,45540,20070,4932,162,0,0,12277,0,788,753,833,101
69,T_0617,57430,25753,7263,234,0,0,14492,0,933,1531,881,171
70,T_0618,69666,27464,5639,174,0,0,17817,0,628,968,1752,131
71,T_0619,32356,13038,4211,111,0,0,7066,0,438,488,445,81
72,T_0620,88836,36411,6394,203,0,0,25076,0,848,1251,2005,174
73,T_0661,45553,21005,8490,101,0,0,10090,0,536,974,569,119
74,T_0662,51246,22176,8235,151,0,0,10580,0,986,968,921,123
75,T_0663,262001,135603,57378,1179,0,0,57754,0,5734,6956,4504,1257
76,T_0664,51665,22754,7696,165,0,0,11188,0,923,871,1587,131
77,T_0801,54824,21749,9744,253,0,0,8414,0,1634,847,633,0
78,T_0802,43457,15557,7266,188,0,0,5548,0,1131,624,624,0
79,T_0803,46260,17853,8383,212,0,0,6576,0,1202,638,604,0
80,T_0804,66826,26489,11766,249,0,0,10860,0,1563,1002,831,0
81,T_0805,36204,13341,6506,135,0,0,4689,0,946,492,402,0
82,T_0806,38965,13808,6046,160,0,0,5866,0,783,430,371,0
83,T_0807,27628,9959,4016,125,0,0,4380,0,627,394,294,0
84,T_0808,43517,16918,7626,244,0,0,6478,0,1124,731,582,0
85,T_0809,59117,23339,11184,298,0,0,8144,0,1755,929,788,0
86,T_0810,62005,22416,9671,268,0,0,9410,0,1395,807,693,0
87,T_0811,75590,27797,12065,387,0,0,10577,0,2135,1231,1178,0
88,T_0812,30535,10978,3786,141,0,0,5538,0,641,419,326,0
89,T_0861,93916,43841,21935,509,0,0,14986,0,3292,1762,1127,0
90,T_0862,106022,55055,31220,521,0,0,14836,0,4574,2007,1648,0
91,T_1001,90030,40850,9141,774,0,0,24673,0,1620,2709,1581,0
92,T_1002,79598,32344,10699,629,0,0,16799,0,1621,1133,1110,0
93,T_1003,40817,17890,5554,316,0,0,9490,0,997,739,627,0
94,T_1004,42065,15892,4409,332,0,0,9267,0,622,575,500,0
95,T_1005,64271,27787,7958,411,0,0,15763,0,983,1068,1311,0
96,T_1006,56691,28862,10836,548,0,0,13315,0,1558,1303,1112,0
97,T_1007,61767,28968,5422,497,0,0,19807,0,771,1071,1120,0
98,T_1008,94580,46604,19441,855,0,0,18682,0,3462,2062,1737,0
99,T_1009,42236,17948,3515,281,0,0,11570,0,656,668,1073,0
100,T_1010,73206,31947,6124,529,0,0,21499,0,997,1263,1239,0
101,T_1011,33783,13708,3974,278,0,0,7810,0,550,487,451,0
102,T_1012,92131,37434,10454,652,0,0,20811,0,2343,1329,1493,0
103,T_1013,39058,16351,3914,331,0,0,9890,0,553,915,572,0
104,T_1014,95547,40888,11533,844,0,0,23017,0,1930,1722,1391,0
105,T_1015,30600,13236,2371,272,0,0,8986,0,422,531,501,0
106,T_1016,92725,41780,13149,840,0,0,22295,0,1961,1565,1574,0
107,T_1017,62056,26897,7699,567,0,0,15102,0,1354,892,1006,0
108,T_1018,33942,13787,3660,234,0,0,7857,0,672,601,590,0
109,T_1019,52568,23520,7864,387,0,0,11915,0,1345,1001,829,0
110,T_1020,131388,63314,26580,1286,0,0,26388,0,3911,2479,2210,0
111,T_1021,24720,10852,3125,220,0,0,6039,0,496,407,454,0
112,T_1061,530752,283038,151976,5775,0,0,85179,0,19212,11281,8104,0
113,T_1062,58353,27650,10586,588,0,0,12346,0,1572,1253,1121,0
114,T_1063,37368,18444,7636,403,0,0,7546,0,1088,845,770,0
115,T_1201,83202,40789,7616,282,125,0,27731,0,1282,1586,1531,272
116,T_1202,73688,33667,5966,200,126,0,22980,0,838,1689,1316,210
117,T_1203,99359,46265,15673,602,219,0,21719,0,3080,1942,2218,407
118,T_1204,47614,19763,2930,138,50,0,14551,0,353,752,679,91
119,T_1205,87066,38723,7359,267,105,0,25210,0,1074,1386,2500,469
120,T_1206,216135,107202,31224,1012,374,0,57461,0,5524,5043,4695,971
121,T_1207,100107,48672,5724,271,115,0,37668,0,852,1660,1638,255
122,T_1208,40194,17109,3582,172,59,0,11051,0,665,645,648,98
123,T_1209,98151,48750,9104,357,135,0,32617,0,1571,2046,2068,403
124,T_1210,166820,84118,11202,447,247,0,63539,0,1729,2937,2761,431
125,T_1211,150235,63153,10901,454,256,0,43871,0,1610,2590,2405,361
126,T_1212,90184,42211,11128,1878,144,0,22436,0,2177,1734,1981,357
127,T_1213,122042,60592,20233,642,274,0,30726,0,2900,2211,2520,521
128,T_1214,35189,14579,2539,84,42,0,9264,0,378,430,1645,47
129,T_1215,66927,30457,5986,221,132,0,20110,0,938,1262,1232,212
130,T_1216,159302,72190,11841,493,209,0,50900,0,1745,2899,2803,445
131,T_1217,54484,24863,6224,169,81,0,15287,0,711,1037,1062,127
132,T_1218,126325,57890,14637,530,267,0,33812,0,2494,2426,2677,483
133,T_1219,97204,47873,14379,411,147,0,25262,0,2448,2282,2124,458
134,T_1261,586275,330811,144615,4690,1038,0,118494,0,27632,16439,12309,3962
135,T_1262,64963,32731,9732,236,129,0,17829,0,1634,1458,1290,225
136,T_1263,88970,43152,15986,356,150,0,20129,0,2142,2313,1466,352
137,T_1401,26881,11554,2462,54,0,20,7919,0,236,358,326,47
138,T_1402,71725,28852,8763,215,0,71,16316,0,1116,1066,772,223
139,T_1403,85629,39014,6846,211,0,97,27018,0,1071,1492,1605,265
140,T_1404,37017,14359,3991,92,0,53,8453,0,624,447,423,99
141,T_1405,71481,38320,15288,542,0,0,14628,0,3603,1804,1654,604
142,T_1406,78619,34394,9841,244,0,108,19252,0,1545,1622,1209,260
143,T_1407,50076,21994,4874,161,0,53,14183,0,800,841,733,145
144,T_1408,88041,47732,20107,642,0,0,17624,0,4213,2060,1871,874
145,T_1409,28465,10940,2208,94,0,31,7218,0,286,518,369,70
146,T_1410,25513,10613,1816,82,0,39,7337,0,251,505,415,66
147,T_1411,36606,15066,3487,84,0,35,9926,0,321,553,398,79
148,T_1412,118499,57655,17753,625,0,160,29648,0,3055,2965,2253,705
149,T_1413,57775,22031,6068,154,0,75,13006,0,887,832,619,150
150,T_1414,62219,27400,9143,295,0,0,12869,0,2148,1181,1146,349
151,T_1415,70658,27383,5248,150,0,65,18691,0,607,1072,1051,169
152,T_1416,58910,24647,5286,127,0,45,16514,0,742,894,677,152
153,T_1417,95408,51307,16434,585,0,0,24292,0,3709,2543,2509,807
154,T_1418,135494,75573,33677,947,0,0,26209,0,6776,3271,2986,1171
155,T_1419,88474,34002,8959,226,0,107,20408,0,1421,1086,1052,311
156,T_1420,70242,25394,7020,206,0,69,14862,0,1057,908,714,211
157,T_1421,124710,71976,29921,952,0,0,25851,0,6665,3329,3656,1206
158,T_1422,41514,15701,3881,107,0,43,9994,0,374,651,395,92
159,T_1423,34756,16101,2469,93,0,35,11664,0,316,495,774,74
160,T_1424,41270,16809,4933,94,0,40,9827,0,578,637,396,116
161,T_1425,120293,52444,9600,276,0,126,36459,0,1677,1990,1523,372
162,T_1426,64899,29113,4093,199,0,72,21239,0,671,1423,891,236
163,T_1427,41702,15162,3993,107,0,39,9170,0,612,522,413,114
164,T_1428,66305,29212,8470,262,0,62,16199,0,1406,1157,857,558
165,T_1429,44848,20330,4155,115,0,47,13995,0,529,753,479,110
166,T_1430,32049,13454,2309,111,0,32,9488,0,400,494,391,103
167,T_1432,88960,49156,19628,681,0,0,19121,0,4279,2431,1906,789
168,T_1433,53523,23734,5135,108,0,53,16057,0,584,827,586,110
169,T_1434,181965,90776,26024,1050,0,0,45252,0,6913,5034,4325,1477
170,T_1435,58487,25818,6958,163,0,61,15472,0,795,1233,715,159
171,T_1436,29560,11774,2225,72,0,41,8096,0,353,429,349,82
172,T_1437,31525,11575,3209,66,0,21,7039,0,419,282,314,71
173,T_1438,58466,26510,8702,297,0,92,13041,0,1702,1236,888,306
174,T_1461,41014,18643,5835,126,0,41,9314,0,755,885,1411,143
175,T_1462,94115,44683,19025,408,0,93,18843,0,2893,1537,1241,333
176,T_1463,163344,80565,28347,677,0,205,40585,0,3875,3373,2521,554
177,T_1464,59929,29290,9145,428,0,80,14925,0,1344,1840,1069,299
178,T_1465,1346633,842537,419607,16599,0,0,233422,0,89734,37261,27179,14680
179,T_1499,111630,98262,35840,2483,0,0,28474,0,14396,12856,2589,1031
180,T_1601,70612,28908,10108,278,0,0,12629,0,1303,1192,3207,0
181,T_1602,37184,13921,4693,148,0,0,7316,0,497,584,547,0
182,T_1603,73901,27532,12650,354,0,0,9252,0,2255,1459,1299,0
183,T_1604,52857,19667,9178,167,0,0,7809,0,777,855,699,0
184,T_1605,50723,15266,7565,201,0,0,4999,0,799,736,798,0
185,T_1606,34201,13458,5228,161,0,0,6259,0,616,558,527,0
186,T_1607,111621,43154,15680,462,0,0,21062,0,1697,1742,2143,0
187,T_1608,52518,18211,7502,197,0,0,7871,0,805,877,767,0
188,T_1609,98892,32714,16343,407,0,0,10508,0,1641,1425,2039,0
189,T_1610,44216,15749,5727,182,0,0,7402,0,573,708,998,0
190,T_1611,61119,19247,9165,248,0,0,6927,0,841,1003,851,0
191,T_1661,99384,50600,28620,695,0,0,12741,0,3374,2405,2507,0
192,T_1801,18011,6683,2092,56,20,0,3462,0,289,497,193,0
193,T_1802,52817,22161,2721,109,61,0,16970,0,382,1090,628,0
194,T_1803,107595,48365,9127,333,205,0,32550,0,1415,2685,1594,0
195,T_1804,97568,41896,8428,268,151,0,28170,0,974,2255,1227,0
196,T_1805,92970,41193,7046,250,121,0,29102,0,1120,1987,1214,0
197,T_1806,50239,21044,2694,112,48,0,15518,0,385,1450,615,0
198,T_1807,90711,39139,6999,221,107,0,26824,0,1209,2116,1337,0
199,T_1808,55682,24776,3197,139,55,0,18351,0,440,1589,797,0
200,T_1809,45763,18499,3501,153,90,0,12547,0,534,865,583,0
201,T_1810,63963,29957,4422,261,77,0,21378,0,700,1890,1024,0
202,T_1811,107963,49241,10530,334,125,0,32934,0,1305,2270,1337,0
203,T_1812,54394,21914,3106,124,76,0,15575,0,668,1451,684,0
204,T_1813,60187,23076,4259,165,77,0,15539,0,531,1327,877,0
205,T_1814,63576,26147,4518,182,76,0,18417,0,531,1284,889,0
206,T_1815,58754,27140,3563,148,73,0,20087,0,544,1625,836,0
207,T_1816,132355,63332,10047,432,194,0,44608,0,1459,3754,2291,0
208,T_1817,76145,30709,8255,203,96,0,18507,0,947,1546,891,0
209,T_1818,84696,36228,8435,221,123,0,22116,0,1312,2551,1185,0
210,T_1819,49807,21384,2823,143,76,0,15239,0,712,1463,720,0
211,T_1820,43745,17837,3425,136,66,0,11970,0,487,963,601,0
212,T_1821,23069,9785,2716,70,32,0,5790,0,348,473,267,0
213,T_1861,37614,17626,5991,122,37,0,8617,0,1079,1131,556,0
214,T_1862,49106,20698,7395,178,101,0,9786,0,785,1346,978,0
215,T_1863,147686,77421,29122,802,225,0,34160,0,3870,5464,3395,0
216,T_1864,37695,16726,6576,146,76,0,7562,0,855,904,497,0
217,T_2001,46698,17075,4835,203,0,0,10021,0,577,683,618,0
218,T_2002,118547,51379,15380,584,0,0,28101,0,1861,2906,2093,0
219,T_2003,45551,17079,4862,351,0,0,9807,0,826,624,458,0
220,T_2004,38035,13412,3158,140,0,0,8416,0,371,792,375,0
221,T_2005,36916,11872,5650,271,0,0,3829,0,942,547,501,0
222,T_2006,30956,10890,1734,115,0,0,7801,0,335,469,324,0
223,T_2007,41203,15540,2335,115,0,0,11450,0,316,722,448,0
224,T_2008,33498,11599,2489,113,0,0,7761,0,269,535,326,0
225,T_2009,16736,5520,2014,85,0,0,2693,0,237,238,209,0
226,T_2010,37489,13367,3645,176,0,0,7856,0,528,606,426,0
227,T_2011,55490,19968,4756,214,0,0,12553,0,621,1006,651,0
228,T_2012,29137,10619,2573,145,0,0,6441,0,345,460,559,0
229,T_2013,46625,19535,2888,173,0,0,14556,0,353,868,512,0
230,T_2014,35792,13797,3059,142,0,0,9002,0,304,702,474,0
231,T_2061,220702,109543,45508,1690,0,0,45501,0,5583,6779,3836,0
232,T_2062,48054,20063,6469,181,0,0,10851,0,774,1010,659,0
233,T_2063,53774,21706,8187,282,0,0,10134,0,1003,1047,902,0
234,T_2201,60855,23536,9288,173,0,0,10564,0,1758,809,525,167
235,T_2202,73904,31518,12474,244,0,0,14608,0,1610,1195,814,274
236,T_2203,45089,15929,6954,210,0,0,6148,0,1236,584,396,169
237,T_2204,84869,38866,21110,390,0,0,11489,0,2162,1673,1274,440
238,T_2205,98643,47326,18857,340,0,0,22247,0,1864,1716,1482,411
239,T_2206,54937,24251,9407,200,0,0,11672,0,991,799,745,204
240,T_2207,63330,23707,10704,298,0,0,9315,0,1276,920,725,210
241,T_2208,50291,21558,10318,172,0,0,7550,0,1765,835,559,146
242,T_2209,49323,19298,9804,202,0,0,6441,0,1123,732,601,209
243,T_2210,29512,12013,6078,120,0,0,4209,0,602,439,339,85
244,T_2211,67732,32218,15670,248,0,0,11518,0,1833,1297,914,421
245,T_2212,75852,28890,12794,285,0,0,10541,0,2996,943,731,276
246,T_2213,96822,39858,15200,287,0,0,19136,0,1737,1410,1206,445
247,T_2214,86605,35204,15377,362,0,0,14348,0,1846,1555,960,423
248,T_2215,157340,73742,33799,681,0,0,27071,0,4746,3480,2428,851
249,T_2216,33386,10893,4879,142,0,0,4275,0,631,365,354,110
250,T_2261,352188,197056,118309,1957,0,0,52049,0,9620,8025,4404,1853
251,T_2262,185804,106645,60900,1174,0,0,27341,0,8254,4531,2606,1292
252,T_2263,69638,33132,16101,294,0,0,10683,0,3668,1196,720,259
253,T_2264,28966,18259,11159,167,0,0,4535,0,1144,684,331,180
254,T_2298,116,106,50,2,0,0,28,0,7,14,3,0
255,T_2401,118681,54873,24068,823,0,0,19625,0,4779,2458,1975,648
256,T_2402,128166,64251,23098,700,0,0,30261,0,3289,2978,2705,717
257,T_2403,141398,64948,27649,730,0,0,27166,0,3234,2835,2195,640
258,T_2404,110326,46822,14043,550,0,0,25314,0,2109,1807,2010,494
259,T_2405,89199,36844,14183,411,0,0,16393,0,1871,1671,1518,426
260,T_2406,69430,28465,9596,306,0,0,14642,0,1064,1178,1152,208
261,T_2407,61915,24586,8212,243,0,0,12501,0,869,1102,1093,291
262,T_2408,75298,36977,14641,359,0,0,16076,0,1962,1696,1545,431
263,T_2409,57749,24782,7301,267,0,0,13335,0,1393,1087,948,245
264,T_2410,84713,41829,12423,349,0,0,22933,0,1770,1876,1756,395
265,T_2411,84389,29741,11676,322,0,0,13171,0,1628,1428,1001,270
266,T_2412,59924,26311,7563,268,0,0,14527,0,1174,1159,1065,280
267,T_2413,110134,50218,20671,450,0,0,21201,0,2689,2311,1873,613
268,T_2414,45864,21817,5941,232,0,0,12513,0,846,976,885,247
269,T_2415,121574,53326,16606,523,0,0,27976,0,2418,2400,2467,525
270,T_2416,96673,42786,14195,508,0,0,21216,0,2325,2297,1408,426
271,T_2417,121569,56570,14726,454,0,0,33681,0,2171,2586,1943,445
272,T_2461,132367,69262,30211,749,0,0,27477,0,4124,3290,2436,600
273,T_2462,120226,48127,20134,655,0,0,18590,0,3631,2418,1763,524
274,T_2463,80196,35832,17808,448,0,0,11545,0,2270,1662,1332,448
275,T_2464,175484,86888,38779,968,0,0,33997,0,4532,3495,3417,1229
276,T_2465,94787,43669,19358,718,0,0,15724,0,3778,1926,1396,470
277,T_2466,137172,68185,34826,850,0,0,21790,0,3843,3399,2318,738
278,T_2467,68899,30900,9460,339,0,0,16427,0,1395,1547,1244,243
279,T_2468,71533,31765,12416,441,0,0,13316,0,1982,1632,1436,321
280,T_2469,226611,119447,59093,1495,0,0,39579,0,7918,5386,3828,1415
281,T_2470,56325,26274,10591,302,0,0,11395,0,1425,1234,854,300
282,T_2471,42721,18783,7299,191,0,0,8602,0,924,811,600,203
283,T_2472,105501,45043,17158,585,0,0,20178,0,2369,1911,1903,573
284,T_2473,105314,48265,17369,401,0,0,22102,0,3137,2320,2153,456
285,T_2474,50814,23943,11142,305,0,0,8365,0,1631,1063,898,316
286,T_2475,159790,75779,35405,1152,0,0,26361,0,5926,3266,2322,878
287,T_2476,37396,15073,6451,204,0,0,5909,0,967,682,567,165
288,T_2477,97151,49365,20238,553,0,0,19908,0,3450,2332,1960,610
289,T_2478,128936,48763,21556,740,0,0,17942,0,3002,2547,1945,630
290,T_2479,46349,21284,7681,222,0,0,9903,0,1225,995,901,197
291,T_2601,60806,27174,8002,147,67,0,16541,0,718,725,655,67
292,T_2602,69927,30460,7170,173,61,0,20087,0,853,836,852,101
293,T_2603,28409,10844,2893,46,20,0,6851,0,219,269,388,27
294,T_2604,169458,76005,17702,354,138,0,49527,0,1841,3072,2279,338
295,T_2605,67049,28860,7663,197,60,0,17989,0,807,891,776,128
296,T_2606,43693,17708,3823,125,60,0,11814,0,472,528,526,73
297,T_2607,89251,36286,12633,300,116,0,18650,0,1556,1397,1132,143
298,T_2608,33661,13488,3893,94,33,0,8146,0,332,435,366,46
299,T_2609,64503,26472,8263,164,70,0,14927,0,940,962,774,99
300,T_2610,61901,27372,9840,191,73,0,13762,0,1106,1090,930,138
301,T_2611,73511,32188,9849,273,106,0,17807,0,1189,1254,1184,169
302,T_2612,59509,25509,5568,122,73,0,17192,0,616,885,713,91
303,T_2613,37501,16727,4069,70,35,0,11016,0,336,535,423,53
304,T_2661,153718,81580,35451,645,176,0,33860,0,3806,3967,2706,498
305,T_2801,47239,15436,6480,212,0,0,6388,0,866,598,696,0
306,T_2802,33334,10713,4619,159,0,0,4268,0,771,451,345,0
307,T_2803,51806,17956,5932,334,0,0,9207,0,988,650,662,0
308,T_2804,45359,14179,5593,200,0,0,6099,0,1038,576,510,0
309,T_2805,68718,23397,8959,313,0,0,10416,0,1256,1432,832,0
310,T_2806,45419,16802,7435,277,0,0,6242,0,1231,842,629,0
311,T_2807,72765,26652,9193,448,0,0,12247,0,2325,1184,970,0
312,T_2808,50843,16853,7201,290,0,0,6821,0,970,736,693,0
313,T_2809,32956,11639,5627,127,0,0,4395,0,509,500,351,0
314,T_2810,40421,14845,6315,206,0,0,5999,0,974,697,503,0
315,T_2811,25954,8836,2917,130,0,0,4540,0,438,376,334,0
316,T_2812,34175,12365,3769,204,0,0,6646,0,638,460,465,0
317,T_2813,26543,8492,2857,111,0,0,4201,0,482,420,346,0
318,T_2814,99539,37338,17216,527,0,0,13073,0,2935,1840,1426,0
319,T_2815,81955,28423,12174,517,0,0,10849,0,2177,1243,1175,0
320,T_2816,44868,15258,4927,220,0,0,7978,0,703,763,513,0
321,T_2817,56051,19858,7565,265,0,0,9293,0,1091,815,626,0
322,T_2818,21266,6861,2923,100,0,0,2849,0,448,282,199,0
323,T_2819,18411,6266,2785,96,0,0,2441,0,389,233,254,0
324,T_2861,91714,39847,18269,645,0,0,14451,0,3281,1592,1333,0
325,T_2862,129907,64866,31379,1156,0,0,19825,0,6669,3182,2279,0
326,T_3001,36999,15583,7126,302,0,0,5198,0,1410,611,717,0
327,T_3002,68066,26323,11210,438,0,0,10183,0,1807,1224,1105,0
328,T_3003,113096,47667,19116,864,0,0,19331,0,3458,2220,2174,0
329,T_3004,59865,21935,6972,374,0,0,10835,0,1111,1134,1187,0
330,T_3005,39822,15095,5486,283,0,0,6787,0,875,650,777,0
331,T_3006,55962,21910,7295,316,0,0,10937,0,1323,853,940,0
332,T_3007,66596,25974,6725,289,0,0,15268,0,1099,1071,1231,0
333,T_3008,44423,19558,6938,191,0,0,9786,0,940,868,643,0
334,T_3009,69948,27683,7087,345,0,0,16548,0,1232,1222,942,0
335,T_3010,103276,40030,9003,510,0,0,24839,0,2051,1621,1562,0
336,T_3011,62181,24584,10007,433,0,0,10179,0,1559,1048,1034,0
337,T_3012,60338,24010,8400,461,0,0,11762,0,1175,1037,872,0
338,T_3013,43879,16565,5830,224,0,0,7426,0,1203,858,795,0
339,T_3014,29028,11428,5474,189,0,0,4062,0,723,416,410,0
340,T_3015,58058,24294,11752,306,0,0,8682,0,1289,1025,1006,0
341,T_3016,45124,18503,8523,293,0,0,6473,0,1375,889,719,0
342,T_3017,127458,55854,21195,686,0,0,25049,0,3627,2640,2161,0
343,T_3018,43893,18269,7305,175,0,0,8385,0,758,824,583,0
344,T_3019,105152,45971,19964,635,0,0,16566,0,3601,2077,2688,0
345,T_3020,49484,20042,7092,263,0,0,9821,0,1034,795,794,0
346,T_3021,291764,154366,79838,2505,0,0,41335,0,15179,7421,6924,0
347,T_3022,47649,17636,6628,272,0,0,7746,0,1234,821,693,0
348,T_3023,47620,18484,5743,340,0,0,9664,0,1036,723,763,0
349,T_3024,71696,29806,14241,398,0,0,10394,0,2072,1275,1064,0
350,T_3025,45102,18721,6506,324,0,0,7151,0,1283,2499,753,0
351,T_3026,47114,19035,7671,353,0,0,7369,0,1547,889,987,0
352,T_3027,66846,27437,6963,310,0,0,16510,0,1219,1017,1151,0
353,T_3028,53983,20728,8556,338,0,0,8196,0,1544,917,925,0
354,T_3029,44247,17705,7462,281,0,0,7019,0,953,826,922,0
355,T_3030,59890,25572,9439,392,0,0,11095,0,1719,1047,1644,0
356,T_3031,53993,19873,8101,349,0,0,7788,0,1530,913,916,0
357,T_3061,77735,38232,17477,535,0,0,13500,0,3260,1716,1515,0
358,T_3062,59218,28415,11472,366,0,0,11940,0,2168,1260,1026,0
359,T_3063,48612,22797,11695,353,0,0,6663,0,1981,1116,828,0
360,T_3064,400937,230824,124414,4533,0,0,55945,0,25129,10447,9049,0
361,T_3201,36972,12879,5849,149,0,0,4989,0,1021,440,292,0
362,T_3202,38302,12545,5458,156,0,0,5288,0,731,409,394,0
363,T_3203,46154,16530,7164,245,0,0,6544,0,1204,638,547,0
364,T_3204,64734,25012,11402,282,0,0,9825,0,1665,895,676,0
365,T_3205,49377,19533,9435,176,0,0,7603,0,1161,582,404,0
366,T_3206,64370,24264,9878,227,0,0,10639,0,1637,1057,558,0
367,T_3207,39508,16117,7948,166,0,0,5976,0,1037,533,337,0
368,T_3208,67007,31559,15195,258,0,0,11787,0,2544,894,604,0
369,T_3209,54176,21618,9409,261,0,0,8054,0,2033,792,825,0
370,T_3210,51486,18761,8327,190,0,0,7797,0,1065,729,470,0
371,T_3211,58103,28637,14902,325,0,0,8718,0,2473,1236,802,0
372,T_3212,31082,11522,4051,108,0,0,5957,0,587,419,259,0
373,T_3213,45995,18273,7580,178,0,0,7418,0,1849,581,493,0
374,T_3214,92681,38663,17560,432,0,0,14931,0,2473,1813,1102,0
375,T_3215,60587,22257,9632,235,0,0,9480,0,1364,848,497,0
376,T_3216,37521,13404,5503,176,0,0,5680,0,1043,441,407,0
377,T_3217,41338,15611,7477,213,0,0,5563,0,1150,571,516,0
378,T_3218,28723,9882,4505,109,0,0,4146,0,508,257,223,0
379,T_3261,82862,41533,21313,422,0,0,12273,0,3924,1430,1931,0
380,T_3262,296797,152779,77335,1613,0,0,50086,0,12235,6612,4118,0
381,T_3263,32701,15842,8682,178,0,0,4873,0,1050,581,385,0
