,teryt_code,eligible_voters,issued_ballots,PIS,PO,RAZEM,KORWIN,PSL,LEWICA,KUKIZ,NOWOCZESNA,BEZPARTYJNI,STONOGA,RSRP,ZDŚ,SAMOOBRONA,BRAUN,PRAWICA,MN,ODP
0,T_0201,70926,30895,10132,7818,1053,1822,1170,2865,2874,2137,0,0,0,0,0,0,0,0,0
1,T_0202,84099,37728,12334,10498,1317,1511,821,3712,3264,2679,349,0,0,0,0,0,0,0,0
2,T_0203,70579,35645,13833,8954,1270,1161,707,3739,2781,2208,0,0,0,0,0,0,0,0,0
3,T_0204,28362,10763,3472,3158,330,351,930,600,963,446,0,71,0,0,0,14,0,0,0
4,T_0205,42026,18172,6572,3706,574,756,1413,1607,1900,1103,0,0,0,0,0,0,0,0,0
5,T_0206,52362,23638,5862,7359,1012,987,1393,2017,2036,2230,0,0,0,0,0,0,0,0,0
6,T_0207,36143,16037,4847,5205,578,597,336,1442,1455,972,0,0,0,0,0,0,0,0,0
7,T_0208,134249,58721,18367,17735,1871,2429,2976,4883,5032,2995,434,0,0,0,0,0,0,0,0
8,T_0209,43338,19184,6816,4025,671,835,1431,1378,1924,1441,0,0,0,0,0,0,0,0,0
9,T_0210,45544,19365,5892,4941,805,841,762,2387,1951,1193,0,0,0,0,0,0,0,0,0
10,T_0211,84262,45072,19595,8472,1315,1707,1199,4632,4371,2561,0,0,0,0,0,0,0,0,0
11,T_0212,37828,15018,4654,3613,588,630,986,1457,1707,813,0,0,0,0,0,0,0,0,0
12,T_0213,29574,12895,4951,3129,371,420,791,932,990,688,0,105,0,0,0,28,0,0,0
13,T_0214,84752,38570,11906,11751,1456,1832,1447,2427,3339,2696,0,260,0,0,0,91,0,0,0
14,T_0215,59742,30522,10736,8833,942,1404,744,1781,2818,2073,0,213,0,0,0,90,0,0,0
15,T_0216,49038,23964,10561,3797,717,1065,1574,2222,2129,949,0,0,0,0,0,0,0,0,0
16,T_0217,36276,16088,6035,4010,437,485,1295,899,1499,721,0,85,0,0,0,31,0,0,0
17,T_0218,41774,18441,6103,5139,618,752,899,1073,1881,1209,0,92,0,0,0,58,0,0,0
18,T_0219,128366,60869,18601,17514,1917,2866,1293,4921,5632,5143,1039,0,0,0,0,0,0,0,0
19,T_0220,65796,30671,10351,8422,1140,1428,1524,1637,2655,2360,0,172,0,0,0,82,0,0,0
20,T_0221,46301,19907,5272,7252,719,997,628,1626,1460,1107,142,0,0,0,0,0,0,0,0
21,T_0222,39438,17385,6075,5259,575,649,486,1077,1530,950,0,85,0,0,0,36,0,0,0
22,T_0223,101457,55432,17260,15015,2042,2717,2208,2565,5203,6638,0,354,0,0,0,121,0,0,0
23,T_0224,54640,23044,7737,6651,688,679,1316,1544,2125,1220,237,0,0,0,0,0,0,0,0
24,T_0225,74143,32683,11396,7551,1279,1340,714,3970,3557,1778,0,0,0,0,0,0,0,0,0
25,T_0226,36422,15101,5046,3958,581,667,659,1368,1265,982,0,0,0,0,0,0,0,0,0
26,T_0261,65949,33240,8824,10353,1202,1320,785,3751,2589,3793,0,0,0,0,0,0,0,0,0
27,T_0262,78856,39685,13340,10308,1358,1699,757,4463,3690,3346,0,0,0,0,0,0,0,0,0
28,T_0264,500890,303459,86434,94866,14148,17303,3280,18941,24848,37975,0,1342,0,0,0,718,0,0,0
29,T_0265,91890,41588,10618,16774,1472,1593,414,3831,3121,2400,339,0,0,0,0,0,0,0,0
30,T_0401,45984,20810,7440,4744,658,628,1363,2292,1730,1048,0,85,0,0,44,0,0,0,0
31,T_0402,60782,26523,9047,4734,658,721,3957,1874,3277,1090,0,86,0,0,27,0,0,0,0
32,T_0403,86346,41885,11197,11987,1633,2165,2283,3447,3763,3989,0,318,0,0,0,0,0,0,0
33,T_0404,40303,16613,4998,4579,572,610,1161,1456,1486,996,0,100,0,0,42,0,0,0,0
34,T_0405,36044,14742,5351,2782,443,457,1719,1356,1447,507,0,80,0,0,62,0,0,0,0
35,T_0406,31294,11754,3955,2620,409,509,1086,938,1043,549,0,72,0,0,169,0,0,0,0
36,T_0407,131651,58557,17758,16434,2089,2025,3905,6485,4452,3067,0,377,0,0,0,0,0,0,0
37,T_0408,52547,20242,6869,2965,544,617,4556,1594,1369,548,0,128,0,0,40,0,0,0,0
38,T_0409,37207,15522,4539,3491,506,613,2180,1508,1292,661,0,86,0,0,0,0,0,0,0
39,T_0410,67988,29705,8336,7439,1021,1366,2683,3718,2116,1505,0,203,0,0,0,0,0,0,0
40,T_0411,34224,13097,5301,2093,417,368,1200,1496,1088,462,0,59,0,0,27,0,0,0,0
41,T_0412,35342,13409,5285,2643,368,402,1556,1017,1029,548,0,49,0,0,15,0,0,0,0
42,T_0413,32392,13061,3979,3641,441,377,1352,1101,964,611,0,110,0,0,0,0,0,0,0
43,T_0414,77695,32202,9365,8420,1171,1572,3420,2382,2702,1690,0,234,0,0,0,0,0,0,0
44,T_0415,78190,35411,11591,9167,1311,1458,1947,2900,2941,2668,0,243,0,0,64,0,0,0,0
45,T_0416,37948,16556,5522,3738,528,632,1986,1059,1355,971,0,123,0,0,0,0,0,0,0
46,T_0417,27437,10531,3040,2493,400,462,866,1086,1117,565,0,56,0,0,37,0,0,0,0
47,T_0418,70138,26353,10199,4306,876,751,2452,3348,2037,987,0,114,0,0,106,0,0,0,0
48,T_0419,56091,23648,7057,5808,783,903,2126,2430,1744,1698,0,140,0,0,0,0,0,0,0
49,T_0461,276759,153627,45271,49990,5890,7349,2766,15453,10692,13142,0,952,0,0,0,0,0,0,0
50,T_0462,73733,34417,9805,11532,1306,1605,745,3954,2520,2007,0,138,0,0,47,0,0,0,0
51,T_0463,155767,87066,26177,26978,3411,4145,1078,9173,5512,8628,0,613,0,0,46,0,0,0,0
52,T_0464,90717,42794,12645,11796,1854,1401,790,6519,3563,2960,0,218,0,0,46,0,0,0,0
53,T_0601,90444,42216,19593,4686,874,1734,4763,4445,3572,1078,0,0,0,0,66,0,0,0,0
54,T_0602,83310,39985,21309,2951,716,1854,5782,1641,3697,1021,0,0,0,0,46,0,0,0,0
55,T_0603,64542,24464,10881,2771,719,929,3145,1152,3083,814,0,0,0,0,68,0,0,0,0
56,T_0604,55327,21791,10096,3015,466,772,3226,930,1952,503,0,0,0,0,68,0,0,0,0
57,T_0605,38370,20221,13515,1125,255,669,1668,700,1390,260,0,0,14,0,151,48,0,0,0
58,T_0606,55178,23773,10574,2393,500,1507,3327,1284,2107,1317,0,0,0,0,78,0,0,0,0
59,T_0607,79177,37930,19273,5302,836,1386,3852,1682,3453,771,0,0,26,0,62,70,0,0,0
60,T_0608,71582,34490,16533,4333,861,1718,3854,1596,3272,1090,0,0,59,0,34,113,0,0,0
61,T_0609,119143,61047,28737,6737,1513,3177,8423,2422,5633,2576,0,0,76,0,64,166,0,0,0
62,T_0610,45284,21449,10137,2549,634,1267,1705,952,2736,666,0,0,36,0,31,68,0,0,0
63,T_0611,85357,41085,22656,4574,773,1727,3924,1565,3051,1280,0,0,71,0,41,91,0,0,0
64,T_0612,50314,21283,10127,2465,581,748,2220,1442,2258,534,0,0,22,0,17,89,0,0,0
65,T_0613,29496,13097,6154,1427,310,533,1548,863,1299,555,0,0,0,0,16,0,0,0,0
66,T_0614,94962,50184,22546,9054,1511,2327,3285,2677,5122,2247,0,0,64,0,78,133,0,0,0
67,T_0615,48842,23109,11527,1798,463,882,4075,1044,1862,746,0,0,0,0,41,0,0,0,0
68,T_0616,46660,23027,10388,2780,601,824,3131,1230,2574,698,0,0,33,0,22,46,0,0,0
69,T_0617,58358,29804,14146,4726,943,1357,1872,1729,3032,1316,0,0,33,0,15,50,0,0,0
70,T_0618,70859,30758,14476,3613,621,1001,3466,1298,4398,815,0,0,0,0,52,0,0,0,0
71,T_0619,32949,14145,6166,2008,459,564,1716,1102,1152,487,0,0,0,0,25,0,0,0,0
72,T_0620,89370,39652,21378,3238,908,1458,4082,1630,4308,1301,0,0,0,0,89,0,0,0,0
73,T_0661,45660,24222,9535,4177,479,1247,1123,4165,2099,989,0,0,0,0,17,0,0,0,0
74,T_0662,53083,26171,10267,5118,890,1200,1313,2433,3088,1351,0,0,0,0,33,0,0,0,0
75,T_0663,269970,158213,63956,37247,4887,9176,3799,13177,12927,10720,0,0,165,0,65,479,0,0,0
76,T_0664,52588,26103,11166,4628,711,1154,1123,2174,2950,1768,0,0,0,0,29,0,0,0,0
77,T_0801,54579,23464,6621,6339,897,1393,1265,1973,2287,1796,0,129,0,0,0,0,0,0,0
78,T_0802,44576,17349,4428,4330,557,617,1645,1849,1472,1612,0,142,0,0,0,0,0,0,0
79,T_0803,47151,20013,5182,5399,848,694,1339,2538,1740,1325,0,144,0,0,0,0,0,0,0
80,T_0804,68590,29986,8913,7175,1017,1235,1616,2394,2404,3918,0,293,0,0,0,0,0,0,0
81,T_0805,36949,14708,3778,4651,534,674,685,1484,1347,921,0,72,0,0,0,0,0,0,0
82,T_0806,39911,15488,4281,4737,563,619,1109,1247,1290,909,0,93,0,0,0,0,0,0,0
83,T_0807,28521,11256,3428,2764,437,510,739,1252,933,639,0,72,0,0,0,0,0,0,0
84,T_0808,44237,19412,5436,5437,664,1125,1204,1632,1603,1506,0,130,0,0,0,0,0,0,0
85,T_0809,59716,26207,6344,7323,1095,1206,1587,2493,2382,2576,0,179,0,0,0,0,0,0,0
86,T_0810,64443,25542,7631,6650,916,1048,1538,2542,2268,1799,0,177,0,0,0,0,0,0,0
87,T_0811,77641,31141,8887,8326,1189,1604,1329,3431,2757,2369,0,207,0,0,0,0,0,0,0
88,T_0812,30826,12685,4261,3041,405,610,902,987,956,949,0,76,0,0,0,0,0,0,0
89,T_0861,96739,49188,13757,14325,2186,3018,940,4690,4593,4375,0,272,0,0,0,0,0,0,0
90,T_0862,106820,60859,14930,17179,2517,2921,1845,6183,4252,9892,0,272,0,0,0,0,0,0,0
91,T_1001,91257,49980,24715,5954,1577,2723,1571,3285,5991,2768,0,0,0,0,0,0,0,0,0
92,T_1002,82119,36588,15041,7877,1187,1093,2187,3058,3004,1647,0,232,0,0,64,58,0,0,0
93,T_1003,41176,20137,8079,3556,706,965,1571,1574,1863,1077,0,91,0,0,28,28,0,0,0
94,T_1004,43147,17693,7408,2870,502,650,1953,1372,1305,698,0,93,0,0,41,32,0,0,0
95,T_1005,65541,31723,13105,4302,928,1284,3467,3375,2884,1145,0,117,0,0,38,104,0,0,0
96,T_1006,56119,31249,12650,6732,1193,1405,1274,2428,2631,2279,0,0,0,0,0,0,0,0,0
97,T_1007,62742,31666,16813,3124,695,828,3490,1577,3244,881,0,0,0,0,0,0,0,0,0
98,T_1008,96445,52319,17548,13206,2238,2471,2067,4588,4635,4036,0,250,0,0,39,100,0,0,0
99,T_1009,42707,19791,9901,2512,531,669,1421,1330,1965,597,0,66,0,0,47,24,0,0,0
100,T_1010,73087,35999,18340,3485,909,1158,3865,2231,3507,1209,0,0,0,0,0,0,0,0,0
101,T_1011,34478,15548,6775,2470,414,516,2110,1027,988,467,0,50,0,0,104,21,0,0,0
102,T_1012,94236,43137,19137,6937,1298,1372,3249,3611,3963,2023,0,0,0,0,0,0,0,0,0
103,T_1013,39869,17716,8203,2153,469,657,2304,947,1584,766,0,0,0,0,0,0,0,0,0
104,T_1014,97160,45714,18483,9354,1230,1907,3460,3178,4143,1744,0,228,0,0,113,234,0,0,0
105,T_1015,30665,14883,7530,1645,440,498,1806,584,1375,469,0,0,0,0,0,0,0,0,0
106,T_1016,95374,47002,19701,8083,1388,1726,3632,2939,3942,4197,0,0,0,0,0,0,0,0,0
107,T_1017,62770,29335,11960,4821,925,951,3672,2123,2447,1228,0,104,0,0,102,57,0,0,0
108,T_1018,34046,15158,5679,2780,432,617,1990,905,1506,559,0,101,0,0,38,25,0,0,0
109,T_1019,53951,26829,9826,5603,900,1177,2359,1922,2647,1435,0,179,0,0,38,57,0,0,0
110,T_1020,133009,70358,23818,18963,3084,2871,2787,5804,5586,5048,0,394,0,0,60,249,0,0,0
111,T_1021,24966,12144,5294,1825,428,448,1296,747,1123,636,0,0,0,0,0,0,0,0,0
112,T_1061,561118,321035,89406,103776,15006,15310,7140,34440,22238,29359,0,0,0,0,0,0,0,0,0
113,T_1062,60415,32621,12132,7051,1038,1231,636,4255,3405,2255,0,0,0,0,0,0,0,0,0
114,T_1063,38370,21554,7563,5741,933,967,811,1923,1797,1415,0,0,0,0,0,0,0,0,0
115,T_1201,82213,45181,24548,5035,1137,2043,3415,1106,4079,2104,0,0,0,0,0,159,85,0,0
116,T_1202,73279,37653,19862,4416,825,1947,3280,907,3599,1319,0,0,0,0,0,91,121,0,0
117,T_1203,101996,54830,21079,13743,2251,2571,1037,4229,4751,3621,0,0,0,0,0,0,0,0,0
118,T_1204,47554,21497,12464,1427,352,882,3141,474,1404,555,0,0,0,0,0,45,33,0,0
119,T_1205,87129,42616,23172,6115,991,1686,2438,1891,3384,1283,0,177,0,0,0,0,152,0,0
120,T_1206,211401,115610,52646,21399,3468,6344,5796,4638,9089,8543,0,0,0,0,0,322,297,0,0
121,T_1207,97881,53389,34384,5223,997,1831,2619,845,3997,1243,0,253,0,0,0,0,127,0,0
122,T_1208,40793,18041,8589,2004,451,781,2159,1132,1695,604,0,0,0,0,0,52,29,0,0
123,T_1209,96484,53440,31292,7378,1183,2638,1216,1353,4127,2711,0,0,0,0,0,0,0,0,0
124,T_1210,162019,90515,58072,8934,1673,3641,4033,1574,6622,2362,0,366,0,0,0,0,249,0,0
125,T_1211,147583,68328,39127,9692,1429,2670,2454,1423,5533,2983,0,317,0,0,0,0,192,0,0
126,T_1212,92349,48729,20097,9395,1465,2519,1494,4415,5375,2538,0,0,0,0,0,98,106,0,0
127,T_1213,123988,71058,29968,16312,2587,2801,2092,4949,5987,4211,0,0,0,0,0,0,0,0,0
128,T_1214,35367,15441,6333,1482,273,460,3110,520,2340,333,0,0,0,0,0,25,37,0,0
129,T_1215,66320,34144,18850,4999,794,1509,1470,1182,2603,1469,0,0,0,0,0,0,0,0,0
130,T_1216,157495,80055,45263,9179,1613,3162,6185,1872,7145,2306,0,0,0,0,0,273,185,0,0
131,T_1217,53826,26767,14079,5424,606,1064,621,669,1884,1358,0,332,0,0,0,0,67,0,0
132,T_1218,125977,66746,32024,13022,2025,2570,2411,2760,6083,3719,0,0,0,0,0,0,0,0,0
133,T_1219,93114,51194,22650,10040,1490,2954,2460,1633,4860,3592,0,0,0,0,0,188,100,0,0
134,T_1261,594326,369481,128275,100760,15669,24802,5195,24458,23220,41137,0,0,0,0,0,900,812,0,0
135,T_1262,65857,38900,19176,7921,931,2487,764,1522,2898,2239,0,161,0,0,0,0,104,0,0
136,T_1263,90581,49455,20503,11308,1392,2318,1961,3421,4578,3024,0,0,0,0,0,125,93,0,0
137,T_1401,26932,12656,6630,1270,237,390,1902,397,796,432,0,86,0,0,0,0,22,0,0
138,T_1402,72931,32740,13758,5052,857,1282,3110,3043,3202,1407,0,0,0,0,0,0,0,0,0
139,T_1403,85748,45091,26133,4944,1062,1533,3171,1372,3544,1624,166,0,63,0,0,125,0,0,0
140,T_1404,37857,17227,7490,2879,535,548,1850,1136,1449,691,0,0,0,0,0,0,0,0,0
141,T_1405,69756,41564,14801,10441,1783,1881,1698,2512,3084,4284,0,307,0,0,0,0,0,0,0
142,T_1406,79533,38499,15693,5071,999,1522,7048,1924,3137,1686,0,210,0,0,0,0,56,0,0
143,T_1407,51186,24839,12426,4283,700,963,1327,1200,2022,974,0,174,0,0,0,0,55,0,0
144,T_1408,85984,53007,18402,16686,1872,2316,1343,3330,3549,4342,0,414,0,0,0,0,0,0,0
145,T_1409,29422,11345,4960,1521,274,397,1566,821,1016,284,0,60,0,0,0,0,21,0,0
146,T_1410,26130,12323,6498,1035,277,574,1614,592,934,377,22,0,20,0,0,42,0,0,0
147,T_1411,37122,16998,8569,1794,391,607,2413,913,1131,431,47,0,15,0,0,41,0,0,0
148,T_1412,117513,64744,27503,13319,2211,3099,3706,3184,5656,4097,153,0,145,0,0,135,0,0,0
149,T_1413,58628,24890,10320,3493,702,1258,2996,1863,2311,941,0,0,0,0,0,0,0,0,0
150,T_1414,62808,31220,12153,7388,1157,1402,1627,2141,2393,1860,0,249,0,0,0,0,0,0,0
151,T_1415,69925,29835,15631,3117,625,1185,3615,771,2793,785,77,0,36,0,0,70,0,0,0
152,T_1416,59767,28348,16047,2603,598,958,3693,953,1773,878,85,0,20,0,0,61,0,0,0
153,T_1417,96343,58476,24999,11964,2108,2609,3051,2860,4550,4767,0,395,0,0,0,0,0,0,0
154,T_1418,130834,81297,26306,21690,3055,3682,3601,4848,5392,10931,0,494,0,0,0,0,0,0,0
155,T_1419,88283,39649,17303,4187,1165,1371,6683,2548,3096,1616,0,0,0,0,0,0,0,0,0
156,T_1420,71139,29081,12520,4125,924,1126,3317,2051,2383,1494,0,0,0,0,0,0,0,0,0
157,T_1421,124123,79345,27817,21125,3267,3924,2169,4735,5353,9269,0,547,0,0,0,0,0,0,0
158,T_1422,42235,18215,9073,2542,397,631,1820,967,1515,596,0,0,0,0,0,0,0,0,0
159,T_1423,35354,17539,8402,1152,257,640,4460,464,928,364,0,178,0,0,0,0,27,0,0
160,T_1424,41280,20689,9249,1835,456,602,4928,819,1395,592,34,0,21,0,0,31,0,0,0
161,T_1425,119355,57321,30143,7431,1353,2049,4422,2180,4799,2356,0,472,0,0,0,0,176,0,0
162,T_1426,64930,32324,17514,2476,652,1625,3995,918,2807,1118,89,0,40,0,0,150,0,0,0
163,T_1427,42598,18052,8237,2106,582,682,2177,1528,1234,754,0,0,0,0,0,0,0,0,0
164,T_1428,67714,33330,14718,4686,1209,1348,4145,1909,2542,1990,0,0,0,0,0,0,0,0,0
165,T_1429,45682,23998,12326,2251,511,820,3490,931,1846,980,69,0,60,0,0,79,0,0,0
166,T_1430,32350,14733,7670,2263,388,509,979,560,1151,434,0,83,0,0,0,0,39,0,0
167,T_1432,86366,52840,19211,14136,1997,2541,1532,2749,3507,5896,0,403,0,0,0,0,0,0,0
168,T_1433,54373,26534,13726,3592,699,922,2449,1146,2012,870,63,0,60,0,0,134,0,0,0
169,T_1434,176461,101697,46666,19797,3656,5231,3645,4599,7590,7749,0,788,0,0,0,0,0,0,0
170,T_1435,58149,28407,14165,3484,698,1101,3008,1009,2510,1422,52,0,45,0,0,52,0,0,0
171,T_1436,29817,13210,6536,1452,301,553,1898,499,1024,304,0,68,0,0,0,0,42,0,0
172,T_1437,32305,13040,5315,1639,285,350,2072,1693,843,299,0,0,0,0,0,0,0,0,0
173,T_1438,59714,30442,12976,6409,1124,1355,1029,2219,2354,2148,0,0,0,0,0,0,0,0,0
174,T_1461,41727,21748,9893,4229,617,1134,881,1343,2076,1045,55,0,20,0,0,60,0,0,0
175,T_1462,97815,53585,19721,12235,2282,2263,2795,5483,4328,3515,0,0,0,0,0,0,0,0,0
176,T_1463,170089,93327,38298,23889,2694,3747,2331,5213,8276,6399,0,719,0,0,0,0,218,0,0
177,T_1464,60755,34744,14479,6179,1167,2172,1433,2376,2901,3167,133,0,37,0,0,259,0,0,0
178,T_1465,1361838,930621,268999,269413,51188,45933,7085,85710,58364,130681,0,0,2574,0,0,0,0,0,1698
179,T_1499,199451,146043,58343,32259,9475,21767,797,7956,26573,15948,0,0,186,0,0,0,0,0,266
180,T_1601,72717,33211,10645,7074,898,1068,1240,1861,7166,1964,166,0,0,0,0,116,0,117,0
181,T_1602,38598,15740,6581,3694,369,501,561,774,1629,841,73,0,0,0,0,40,0,128,0
182,T_1603,76429,32941,7709,9454,920,1371,818,2420,3605,2106,129,0,0,0,0,76,0,3235,0
183,T_1604,54231,22331,6794,5742,626,962,1476,1405,1986,1452,88,0,0,0,0,40,0,1104,0
184,T_1605,52323,19372,3554,5140,604,844,343,829,2068,1181,221,0,0,0,0,23,0,3850,0
185,T_1606,34589,15192,5207,4088,438,631,1017,981,1348,817,66,0,0,0,0,25,0,118,0
186,T_1607,114889,49471,16639,11158,1278,1525,2862,3455,7564,2925,226,0,0,0,0,77,0,256,0
187,T_1608,53730,21612,5867,4542,642,851,1106,1686,2017,1531,91,0,0,0,0,44,0,2355,0
188,T_1609,108005,42399,8242,10615,1189,1550,1064,1991,4885,3010,239,0,0,0,0,91,0,7984,0
189,T_1610,45538,18924,5580,4187,448,639,622,884,2872,923,70,0,0,0,0,40,0,2120,0
190,T_1611,63042,23876,5100,6125,618,987,413,1246,2310,1302,99,0,0,0,0,45,0,4742,0
191,T_1661,94840,53722,12008,16912,2172,2417,942,5309,5083,6100,304,0,0,0,0,134,0,1521,0
192,T_1801,17985,7304,3111,1290,211,246,564,583,632,374,33,25,0,0,0,0,0,0,0
193,T_1802,52840,24986,15703,1845,460,990,1613,669,1791,537,435,88,0,0,0,0,0,0,0
194,T_1803,107356,55756,31711,7714,1164,2454,2647,1708,4688,1613,0,301,0,0,0,102,93,0,0
195,T_1804,97731,47714,24924,5702,1035,2022,4153,1526,4593,1621,219,249,0,0,0,0,0,0,0
196,T_1805,92902,46047,26833,5303,930,1988,2211,1613,3856,1434,379,182,0,0,0,0,0,0,0
197,T_1806,49697,24016,15543,1702,410,1318,1200,571,1896,487,0,141,0,0,0,54,23,0,0
198,T_1807,90507,43588,23508,5085,936,1753,2907,1636,4327,1520,398,215,0,0,0,0,0,0,0
199,T_1808,55511,28086,19169,2682,437,1104,615,839,1852,566,0,98,0,0,0,41,34,0,0
200,T_1809,46375,20080,9952,2011,469,1031,2397,797,1767,735,102,87,0,0,0,0,0,0,0
201,T_1810,63486,35046,22166,2963,737,1395,1229,1237,2986,1182,0,171,0,0,0,107,63,0,0
202,T_1811,108148,55650,28817,7512,1229,2343,3569,2249,5576,2430,0,470,0,0,0,109,63,0,0
203,T_1812,54392,24719,14602,1988,482,1284,1388,818,2571,560,0,116,0,0,0,161,37,0,0
204,T_1813,59744,26226,13391,3966,501,984,1755,1023,2518,723,176,127,0,0,0,0,0,0,0
205,T_1814,63768,31076,16244,2680,606,1229,4559,914,2386,1076,121,144,0,0,0,0,0,0,0
206,T_1815,57948,31433,20398,1974,388,1002,2313,650,2823,626,0,195,0,0,0,93,39,0,0
207,T_1816,131196,73041,43925,6410,1514,3517,2828,2727,6693,2821,0,427,0,0,0,212,133,0,0
208,T_1817,76971,34652,16728,5355,1016,1308,2072,2310,2925,1625,130,160,0,0,0,0,0,0,0
209,T_1818,86079,41614,21441,5268,888,2200,3452,1641,4013,1303,0,165,0,0,0,90,40,0,0
210,T_1819,49780,24501,14510,1938,651,1483,1343,808,2307,654,0,134,0,0,0,53,31,0,0
211,T_1820,43635,20261,10069,4057,413,810,941,742,1928,467,0,80,0,0,0,35,38,0,0
212,T_1821,22942,10560,5348,1434,292,377,465,520,912,697,57,47,0,0,0,0,0,0,0
213,T_1861,37923,20180,8889,4067,492,881,699,1491,1837,1358,112,112,0,0,0,0,0,0,0
214,T_1862,50914,24872,10269,6233,647,1175,410,1811,2375,1281,127,92,0,0,0,0,0,0,0
215,T_1863,142586,86283,35011,17027,2751,5366,1554,6972,7927,7547,0,555,0,0,0,283,152,0,0
216,T_1864,38763,19166,7280,5281,559,887,588,1447,1811,850,0,66,0,0,0,23,32,0,0
217,T_2001,47279,19887,8754,3504,461,626,2059,881,1975,826,0,91,0,0,87,0,19,0,0
218,T_2002,116194,57164,26373,8934,1419,2667,3480,3216,5833,3367,0,315,0,0,59,0,72,0,0
219,T_2003,47429,21191,9431,3183,418,818,1770,2922,1382,599,0,99,0,0,22,0,20,0,0
220,T_2004,38653,15313,7020,2023,296,438,2024,453,1997,386,0,77,0,0,21,0,15,0,0
221,T_2005,38564,15591,2674,3330,515,822,2752,3018,1232,608,0,59,0,0,17,0,29,0,0
222,T_2006,31412,12515,6691,1088,238,379,1704,379,1201,279,0,52,0,0,18,0,17,0,0
223,T_2007,41486,17702,10846,1454,313,612,1392,398,1432,482,0,87,0,0,44,0,25,0,0
224,T_2008,34391,13358,6540,1400,249,507,2139,412,1198,387,0,55,0,0,20,0,12,0,0
225,T_2009,16972,6357,2192,1128,155,294,1150,382,548,275,0,22,0,0,17,0,8,0,0
226,T_2010,38550,15957,6991,2394,290,592,1640,1753,961,728,0,76,0,0,44,0,11,0,0
227,T_2011,57276,23896,11420,2688,477,1234,3566,1097,1645,847,0,98,0,0,41,0,39,0,0
228,T_2012,29076,11949,5069,1510,283,514,1818,555,1320,336,0,49,0,0,55,0,21,0,0
229,T_2013,47208,23538,15753,1893,349,654,1695,614,1274,549,0,83,0,0,68,0,30,0,0
230,T_2014,35967,16115,9098,1779,290,555,1264,533,1296,778,0,65,0,0,14,0,24,0,0
231,T_2061,224885,127403,47352,27033,4074,7331,4755,11974,11666,10400,0,581,0,0,59,0,129,0,0
232,T_2062,48473,23194,11530,4110,637,942,616,1499,1949,1266,0,107,0,0,16,0,103,0,0
233,T_2063,53895,25255,9841,5443,794,1312,1292,1929,2600,1248,0,172,0,0,24,0,55,0,0
234,T_2201,60915,26223,8883,8005,899,1043,1174,1598,1944,1448,0,200,0,0,0,0,0,0,0
235,T_2202,73856,35160,12714,10839,1191,1289,1260,1959,2711,1883,0,279,0,0,0,0,0,0,0
236,T_2203,45941,18185,4412,5228,823,676,1605,1858,1559,1050,0,151,0,0,0,0,0,0,0
237,T_2204,80221,41313,10894,14055,1760,2016,1638,2189,3566,3856,0,301,0,0,0,0,0,0,0
238,T_2205,93161,50132,19393,14276,1442,1800,3103,1396,3299,3499,0,268,0,0,0,0,0,0,0
239,T_2206,54249,26667,10141,8136,791,799,1068,1223,2165,1271,0,144,0,0,0,0,0,0,0
240,T_2207,64062,26800,8105,7986,964,1222,878,2715,2102,1584,0,195,0,0,0,0,0,0,0
241,T_2208,50456,23236,6725,7553,988,1199,721,1841,1706,1583,0,200,0,0,0,0,0,0,0
242,T_2209,50231,21440,5948,6491,802,1073,1079,1963,1706,1446,0,262,0,0,0,0,0,0,0
243,T_2210,28606,11613,2925,3412,401,487,1119,822,843,636,0,612,0,0,0,0,0,0,0
244,T_2211,63137,32277,9386,11073,1251,1353,930,1706,2933,2272,0,325,0,0,0,0,0,0,0
245,T_2212,75627,30037,7838,9317,1238,1231,1358,2834,2539,2062,0,307,0,0,0,0,0,0,0
246,T_2213,97042,44359,16298,10939,1481,1657,3098,3055,3487,2371,0,342,0,0,0,0,0,0,0
247,T_2214,87979,40037,13090,12359,1559,1899,1584,2312,3240,2431,0,259,0,0,0,0,0,0,0
248,T_2215,154290,82175,25888,25390,3327,3923,2170,4685,7319,6410,0,602,0,0,0,0,0,0,0
249,T_2216,33869,12040,3224,3143,424,544,1555,911,958,623,0,113,0,0,0,0,0,0,0
250,T_2261,358090,219071,60812,82117,8819,11576,1822,13003,13634,23692,0,1052,0,0,0,0,0,0,0
251,T_2262,191818,119432,30179,44042,5366,5787,1177,7957,8801,13813,0,655,0,0,0,0,0,0,0
252,T_2263,73001,36573,10136,12272,1599,1575,497,3914,2433,3051,0,346,0,0,0,0,0,0,0
253,T_2264,30566,19656,5136,7777,780,877,128,1189,978,2527,0,74,0,0,0,0,0,0,0
254,T_2298,34,34,3,16,3,2,1,2,1,2,0,0,0,0,0,0,0,0,0
255,T_2299,132,132,34,26,2,15,3,9,22,18,0,0,0,0,0,0,0,0,0
256,T_2401,121711,62694,16521,15177,2801,2990,1103,9627,6346,6679,0,0,0,0,0,0,0,0,0
257,T_2402,127561,74273,28814,17194,2687,3389,3428,4255,6689,6163,0,0,0,0,0,0,0,0,0
258,T_2403,141556,75545,25284,19646,2906,3338,2501,6845,7219,5945,0,0,0,0,0,0,0,0,0
259,T_2404,111188,53027,19091,8716,1966,2094,3411,5378,6803,3426,0,273,0,0,0,134,0,0,0
260,T_2405,91240,43725,14392,11281,1674,2036,1952,2435,5179,3272,0,0,0,0,0,213,0,0,0
261,T_2406,70075,32259,11526,5047,1134,1336,4204,2708,3456,1462,0,186,0,0,0,78,0,0,0
262,T_2407,62683,28861,11377,6342,907,1073,1226,1404,3801,1545,0,179,0,0,0,98,0,0,0
263,T_2408,75491,42908,15972,10442,1405,1948,638,2018,4745,3468,0,0,0,1292,0,112,0,0,0
264,T_2409,58501,26923,9583,5264,927,1315,1512,2924,2791,1560,0,216,0,0,0,65,0,0,0
265,T_2410,85063,49537,22575,9319,1658,2434,1343,2201,5261,3590,0,0,0,0,0,0,0,0,0
266,T_2411,86789,36084,10901,11274,1172,1492,726,1771,2997,2185,0,0,0,2317,0,81,0,0,0
267,T_2412,60365,31472,13631,6523,1011,1248,585,1519,3491,1621,0,0,0,875,0,57,0,0,0
268,T_2413,111132,56919,19730,14637,2078,2793,2116,3097,5905,4975,0,0,0,0,0,242,0,0,0
269,T_2414,46029,26011,12414,4537,967,1299,332,961,2813,1392,0,0,0,633,0,0,0,0,0
270,T_2415,124124,64577,26226,14599,1944,2611,1611,3616,7238,3221,0,0,0,1524,0,188,0,0,0
271,T_2416,99314,48681,15992,11526,1641,2030,3015,4875,5825,2649,0,0,0,0,0,0,0,0,0
272,T_2417,122165,64903,31565,11733,1847,2652,2762,3114,5703,3535,0,0,0,0,0,0,0,0,0
273,T_2461,136003,80778,28092,21614,3459,3975,1499,5707,6698,8649,0,0,0,0,0,0,0,0,0
274,T_2462,128087,59433,17420,15746,2640,2938,1349,4557,8628,4521,0,0,0,0,0,298,0,0,0
275,T_2463,84759,42012,10953,13114,1812,2440,349,2848,4649,3463,0,0,0,1633,0,0,0,0,0
276,T_2464,184337,101422,33196,24211,3691,4293,1446,13891,10670,7949,0,524,0,0,0,225,0,0,0
277,T_2465,99034,51742,14456,12812,2611,2460,483,7905,4941,5223,0,0,0,0,0,0,0,0,0
278,T_2466,144230,79141,21347,24521,3106,4248,1032,6108,7913,9255,0,0,0,0,0,277,0,0,0
279,T_2467,71566,38503,17152,7410,1215,1531,455,2653,5086,1601,0,0,0,415,0,81,0,0,0
280,T_2468,74586,38548,13045,9517,1493,1916,1117,3481,4187,2974,0,0,0,0,0,0,0,0,0
281,T_2469,239517,137157,39255,42028,5723,7498,1454,9902,11280,14841,0,0,0,3117,0,0,0,0,0
282,T_2470,58211,31456,10779,8884,1092,1612,308,2135,3179,2103,0,0,0,689,0,0,0,0,0
283,T_2471,44813,22710,8727,5493,830,1368,183,1248,2100,1434,0,0,0,751,0,0,0,0,0
284,T_2472,109992,56276,20607,13806,2069,2713,407,3551,6849,3384,0,0,0,1608,0,0,0,0,0
285,T_2473,108789,58367,21467,14705,1933,2909,739,4006,6418,3694,0,0,0,1174,0,135,0,0,0
286,T_2474,53851,27671,7433,8311,1181,1595,307,2178,2659,2407,0,0,0,996,0,0,0,0,0
287,T_2475,170246,88683,24396,23723,4106,4286,969,13886,7862,7997,0,0,0,0,0,0,0,0,0
288,T_2476,39775,18105,5611,5271,773,965,192,1243,1928,1138,0,0,0,589,0,0,0,0,0
289,T_2477,100823,57716,19588,15214,2339,3313,532,3771,5887,5429,0,0,0,724,0,0,0,0,0
290,T_2478,137082,61180,16695,18945,2683,2934,893,4966,8168,4099,0,0,0,0,0,373,0,0,0
291,T_2479,47067,25579,9450,5235,989,1397,443,1618,2819,2551,0,0,0,331,0,56,0,0,0
292,T_2601,61553,27067,11556,4044,633,968,3858,1743,2137,946,87,111,0,0,48,83,0,0,0
293,T_2602,71295,31248,14731,4025,839,1011,3458,2069,2733,1031,100,109,0,0,39,63,0,0,0
294,T_2603,28944,10545,4135,1174,253,292,2102,853,1042,260,30,37,0,0,11,24,0,0,0
295,T_2604,166939,80728,37891,10525,2029,3323,7558,4549,7483,3433,453,303,0,0,67,339,0,0,0
296,T_2605,68606,30545,14451,4435,689,1035,2180,2714,2441,1092,158,121,0,0,20,104,0,0,0
297,T_2606,44797,19676,7705,1969,439,539,4483,1096,1848,396,136,84,0,0,22,33,0,0,0
298,T_2607,92392,39671,13860,8181,1237,1493,2748,4357,4161,1865,166,164,0,0,45,55,0,0,0
299,T_2608,34181,13814,5772,2262,405,558,1689,1153,1048,407,56,47,0,0,26,19,0,0,0
300,T_2609,65837,27900,11443,4096,705,1105,4111,1884,2462,847,195,88,0,0,17,45,0,0,0
301,T_2610,64218,30341,12282,7130,953,1110,1232,2259,2842,1430,107,125,0,0,48,67,0,0,0
302,T_2611,75733,34775,14390,6323,897,1476,2002,2744,3779,1782,160,135,0,0,34,56,0,0,0
303,T_2612,59956,26353,12464,3038,655,1112,3495,1443,2120,848,109,86,0,0,17,60,0,0,0
304,T_2613,37907,17277,7849,1751,374,737,2608,914,1725,452,69,68,0,0,17,34,0,0,0
305,T_2661,158863,92832,32123,21913,2998,4636,3050,9102,8294,8571,518,314,0,0,37,176,0,0,0
306,T_2801,49386,19400,5851,6904,574,698,869,1290,1568,697,123,120,0,0,0,0,0,0,0
307,T_2802,34284,13663,3731,4153,515,566,1251,1055,1081,608,106,80,0,0,0,0,0,0,0
308,T_2803,52394,20300,7110,4420,778,715,1518,2232,1522,845,133,101,0,0,0,0,0,0,0
309,T_2804,46056,16666,4719,4960,639,774,1217,982,1405,1016,156,123,0,0,0,0,0,0,0
310,T_2805,68561,26976,9446,6366,827,2019,1338,2298,2504,1259,0,160,0,0,0,0,0,0,0
311,T_2806,45987,18986,4871,5612,712,1033,1677,1559,1695,1067,0,133,0,0,0,0,0,0,0
312,T_2807,73188,30400,9628,7610,1064,1647,2943,2119,2416,1417,260,180,0,0,0,0,0,0,0
313,T_2808,52516,19178,5518,5081,694,768,1452,1973,1972,928,0,141,0,0,0,0,0,0,0
314,T_2809,33902,13553,3856,4962,425,512,509,896,1262,486,83,69,0,0,0,0,0,0,0
315,T_2810,40315,16572,4741,4330,589,828,1749,1248,1472,926,0,106,0,0,0,0,0,0,0
316,T_2811,26614,10194,3681,2099,312,381,1450,696,702,365,0,49,0,0,0,0,0,0,0
317,T_2812,34478,14931,5153,3074,423,972,2318,700,962,506,86,59,0,0,0,0,0,0,0
318,T_2813,27099,9924,3275,2117,366,436,697,1269,1003,420,0,79,0,0,0,0,0,0,0
319,T_2814,97792,41247,10755,11046,1520,1850,3931,3066,3739,3530,0,383,0,0,0,0,0,0,0
320,T_2815,83895,32645,9059,9578,1228,1337,1856,2810,2803,2334,222,240,0,0,0,0,0,0,0
321,T_2816,45610,17766,6399,3061,533,768,2778,1144,1478,691,0,108,0,0,0,0,0,0,0
322,T_2817,56427,22581,7505,4801,751,908,2698,1599,2040,1176,0,138,0,0,0,0,0,0,0
323,T_2818,21843,7907,2120,1920,203,260,1666,605,592,260,0,46,0,0,0,0,0,0,0
324,T_2819,19120,6937,1868,2128,262,304,532,659,587,354,0,46,0,0,0,0,0,0,0
325,T_2861,95478,46159,14129,14698,1962,2259,930,3323,3495,3759,257,281,0,0,0,0,0,0,0
326,T_2862,134255,75994,20791,23494,3179,4029,2490,7196,6104,7165,0,421,0,0,0,0,0,0,0
327,T_3001,37414,17485,3922,5227,740,622,1628,1732,1395,1429,0,118,0,0,0,0,0,0,0
328,T_3002,68703,29999,8554,9434,1163,1154,1564,2244,2524,1886,0,207,0,0,0,0,0,0,0
329,T_3003,114074,56006,16859,12892,1718,2188,2382,9634,4484,3850,0,0,0,0,0,0,0,0,0
330,T_3004,60627,25922,8601,5517,778,1184,2201,2165,2427,1487,145,150,0,0,51,0,0,0,0
331,T_3005,39758,17573,5300,5351,697,715,1201,1179,1248,912,0,140,0,0,0,0,0,0,0
332,T_3006,56678,26042,9677,5550,868,880,2143,1915,2175,1475,158,146,0,0,33,0,0,0,0
333,T_3007,66184,28924,11048,3900,689,1020,3950,3201,2591,1197,149,141,0,0,43,0,0,0,0
334,T_3008,44741,22585,5797,5509,394,644,6277,892,1138,932,59,74,0,0,24,0,0,0,0
335,T_3009,71260,30803,13831,4530,1082,1164,2459,2554,2524,1435,0,0,0,0,0,0,0,0,0
336,T_3010,102361,43427,19622,5928,1663,1497,3142,3767,3707,2085,0,0,0,0,0,0,0,0,0
337,T_3011,62858,29785,8031,7983,901,1151,2459,2516,1907,3209,132,159,0,0,33,0,0,0,0
338,T_3012,61166,27928,8177,5775,874,1199,5165,1846,2079,1419,122,142,0,0,37,0,0,0,0
339,T_3013,42515,19033,5467,4277,587,849,2190,1499,1621,1333,126,100,0,0,32,0,0,0,0
340,T_3014,29188,12765,2783,3819,506,380,969,2119,799,674,0,129,0,0,0,0,0,0,0
341,T_3015,57949,27981,6637,10281,1038,1011,2013,1589,1992,2098,0,302,0,0,0,0,0,0,0
342,T_3016,45557,21213,5454,6152,840,833,1424,2056,1861,1691,0,185,0,0,0,0,0,0,0
343,T_3017,129204,63500,21064,16017,2053,2633,5733,4028,5115,3995,316,371,0,0,58,0,0,0,0
344,T_3018,43834,19590,5895,3782,625,830,3375,1511,1541,1046,66,155,0,0,25,0,0,0,0
345,T_3019,107301,52640,15085,14014,2046,2181,2571,4830,5944,3815,0,472,0,0,0,0,0,0,0
346,T_3020,49897,22284,7038,5127,594,782,2718,1763,1676,1428,151,101,0,0,25,0,0,0,0
347,T_3021,274637,159487,36809,55118,6630,7057,5017,10497,10747,22666,1153,0,0,0,0,0,0,0,0
348,T_3022,48014,20619,5584,5536,648,975,2027,1798,1482,1278,146,119,0,0,96,0,0,0,0
349,T_3023,47987,21217,7302,3689,805,724,2466,2250,1742,1421,0,0,0,0,0,0,0,0,0
350,T_3024,71617,34009,8578,11055,1353,1192,1836,3310,2723,2272,0,265,0,0,0,0,0,0,0
351,T_3025,44876,21554,6057,4960,906,1059,1417,1960,2036,2366,0,0,0,0,0,0,0,0,0
352,T_3026,47472,22380,6500,5848,960,912,1294,1927,2008,2085,0,0,0,0,0,0,0,0,0
353,T_3027,67517,31274,13665,4400,1208,1141,3451,2493,2474,1321,0,0,0,0,0,0,0,0,0
354,T_3028,54304,23419,5881,6216,844,861,2360,2244,2329,1438,0,332,0,0,0,0,0,0,0
355,T_3029,44313,21216,5221,5915,640,1089,2491,1745,1643,1365,0,164,0,0,0,0,0,0,0
356,T_3030,60051,28105,8550,6501,1027,1161,1804,3081,2829,2216,0,0,0,0,0,0,0,0,0
357,T_3031,54654,23025,6250,6381,724,966,2655,1675,1901,1279,0,201,0,0,0,0,0,0,0
358,T_3061,81081,43769,13049,12244,1636,1845,1067,5475,3534,3679,265,169,0,0,29,0,0,0,0
359,T_3062,61626,33053,11395,7363,1663,1215,612,4983,2682,2458,0,0,0,0,0,0,0,0,0
360,T_3063,50345,26756,6240,8451,850,1430,569,3438,1710,3079,138,155,0,0,14,0,0,0,0
361,T_3064,418109,257591,61166,91023,12224,12491,2792,22583,14078,36721,1114,0,0,0,0,0,0,0,0
362,T_3201,38184,14964,4592,4019,574,499,647,1546,1182,1249,0,0,0,0,0,0,0,0,0
363,T_3202,39689,13978,3883,4077,517,592,1123,1306,1229,669,0,0,0,0,0,0,0,0,0
364,T_3203,46785,18180,4931,5077,694,660,995,2158,1724,1235,0,0,0,0,0,0,0,0,0
365,T_3204,65522,27418,7141,7998,988,1225,1788,2735,2659,1914,0,0,0,0,0,0,0,0,0
366,T_3205,49034,19571,5378,6304,631,768,1883,1350,1466,972,0,0,0,0,0,0,0,0,0
367,T_3206,65874,25885,8493,7404,861,1367,1032,1908,2296,1436,0,0,0,0,0,0,0,0,0
368,T_3207,39067,16119,4183,5498,567,621,834,1330,1276,1277,0,0,0,0,0,0,0,0,0
369,T_3208,64704,31423,8982,9372,899,974,958,3529,2790,2903,0,0,0,0,0,0,0,0,0
370,T_3209,52215,21795,5597,6033,908,1050,1248,2108,2163,1712,0,0,0,0,0,0,0,0,0
371,T_3210,52974,20432,6327,5641,671,991,1328,1704,1781,1162,0,0,0,0,0,0,0,0,0
372,T_3211,56608,30190,7636,10216,1377,1744,457,2135,2452,3511,0,0,0,0,0,0,0,0,0
373,T_3212,31945,12641,4197,2580,419,716,1610,843,1064,644,0,0,0,0,0,0,0,0,0
374,T_3213,45723,18743,5387,5313,687,1105,1094,1587,1650,1160,0,0,0,0,0,0,0,0,0
375,T_3214,94871,42387,12043,12847,1485,2300,1817,3730,3827,2761,0,0,0,0,0,0,0,0,0
376,T_3215,61965,26087,8416,7097,911,1232,735,2445,2043,2216,0,0,0,0,0,0,0,0,0
377,T_3216,38790,14925,4227,3459,593,576,725,2459,1464,823,0,0,0,0,0,0,0,0,0
378,T_3217,42362,17917,4694,5887,642,657,648,2226,1472,1039,0,0,0,0,0,0,0,0,0
379,T_3218,29783,10432,2861,2991,401,403,1060,770,768,705,0,0,0,0,0,0,0,0,0
380,T_3261,84986,46818,11323,14928,2041,2327,799,5333,4711,4482,0,0,0,0,0,0,0,0,0
381,T_3262,307750,168794,47923,54911,7665,9422,2647,13797,12866,17115,0,0,0,0,0,0,0,0,0
382,T_3263,33422,16901,4515,5089,613,734,320,2282,1575,1467,0,0,0,0,0,0,0,0,0
