,ags,ags_bundesland,ags_bezirke,ags_kreis,nuts,nuts_0,nuts_1,nuts_2,nuts_3,kreis_name,kreis_name_extra,bezirke_name,bundesland_name,nuts_1_name,nuts_2_name,nuts_3_name
0,A_01001,01,0,01,DEF01,DE,F,0,1,Flensburg,Stadt,Schleswig-Holstein,Schleswig-Holstein,Schleswig-Holstein,Schleswig-Holstein,"Flensburg, Kreisfreie Stadt"
1,A_01002,01,0,02,DEF02,DE,F,0,2,Kiel,Landeshauptstadt,Schleswig-Holstein,Schleswig-Holstein,Schleswig-Holstein,Schleswig-Holstein,"Kiel, Kreisfreie Stadt"
2,A_01003,01,0,03,DEF03,DE,F,0,3,Lübeck,Hansestadt,Schleswig-Holstein,Schleswig-Holstein,Schleswig-Holstein,Schleswig-Holstein,"Lübeck, Kreisfreie Stadt"
3,A_01004,01,0,04,DE236,DE,2,3,6,Neumünster,Stadt,Oberpfalz,Bavaria,Bavaria,Oberpfalz,Neumarkt i. d. OPf.
4,A_01051,01,0,51,DEF05,DE,F,0,5,Dithmarschen,,Schleswig-Holstein,Schleswig-Holstein,Schleswig-Holstein,Schleswig-Holstein,Dithmarschen
5,A_01053,01,0,53,DEF06,DE,F,0,6,Herzogtum Lauenburg,,Schleswig-Holstein,Schleswig-Holstein,Schleswig-Holstein,Schleswig-Holstein,Herzogtum Lauenburg
6,A_01054,01,0,54,DEF07,DE,F,0,7,Nordfriesland,,Schleswig-Holstein,Schleswig-Holstein,Schleswig-Holstein,Schleswig-Holstein,Nordfriesland
7,A_01055,01,0,55,DEF08,DE,F,0,8,Ostholstein,,Schleswig-Holstein,Schleswig-Holstein,Schleswig-Holstein,Schleswig-Holstein,Ostholstein
8,A_01056,01,0,56,DEF09,DE,F,0,9,Pinneberg,,Schleswig-Holstein,Schleswig-Holstein,Schleswig-Holstein,Schleswig-Holstein,Pinneberg
9,A_01057,01,0,57,DEF0A,DE,F,0,A,Plön,,Schleswig-Holstein,Schleswig-Holstein,Schleswig-Holstein,Schleswig-Holstein,Plön
10,A_01058,01,0,58,DEF0B,DE,F,0,B,Rendsburg-Eckernförde,,Schleswig-Holstein,Schleswig-Holstein,Schleswig-Holstein,Schleswig-Holstein,Rendsburg-Eckernförde
11,A_01059,01,0,59,DEF0C,DE,F,0,C,Schleswig-Flensburg,,Schleswig-Holstein,Schleswig-Holstein,Schleswig-Holstein,Schleswig-Holstein,Schleswig-Flensburg
12,A_01060,01,0,60,DEF0D,DE,F,0,D,Segeberg,,Schleswig-Holstein,Schleswig-Holstein,Schleswig-Holstein,Schleswig-Holstein,Segeberg
13,A_01061,01,0,61,DEF0E,DE,F,0,E,Steinburg,,Schleswig-Holstein,Schleswig-Holstein,Schleswig-Holstein,Schleswig-Holstein,Steinburg
14,A_01062,01,0,62,DEF0F,DE,F,0,F,Stormarn,,Schleswig-Holstein,Schleswig-Holstein,Schleswig-Holstein,Schleswig-Holstein,Stormarn
15,A_02000,02,0,00,DE600,DE,6,0,0,Hamburg,Freie und Hansestadt,Hamburg,Hamburg,Hamburg,Hamburg,Hamburg
16,A_03101,03,1,01,DE911,DE,9,1,1,Braunschweig,Stadt,Braunschweig,Lower Saxony,Lower Saxony,Braunschweig,"Braunschweig, Kreisfreie Stadt"
17,A_03102,03,1,02,DE912,DE,9,1,2,Salzgitter,Stadt,Braunschweig,Lower Saxony,Lower Saxony,Braunschweig,"Salzgitter, Kreisfreie Stadt"
18,A_03103,03,1,03,DE913,DE,9,1,3,Wolfsburg,Stadt,Braunschweig,Lower Saxony,Lower Saxony,Braunschweig,"Wolfsburg, Kreisfreie Stadt"
19,A_03151,03,1,51,DE914,DE,9,1,4,Gifhorn,,Braunschweig,Lower Saxony,Lower Saxony,Braunschweig,Gifhorn
20,A_03152,03,1,52,nan,na,n,,,Göttingen,,,,,,
21,A_03153,03,1,53,DE916,DE,9,1,6,Goslar,,Braunschweig,Lower Saxony,Lower Saxony,Braunschweig,Goslar
22,A_03154,03,1,54,DE917,DE,9,1,7,Helmstedt,,Braunschweig,Lower Saxony,Lower Saxony,Braunschweig,Helmstedt
23,A_03155,03,1,55,DE918,DE,9,1,8,Northeim,,Braunschweig,Lower Saxony,Lower Saxony,Braunschweig,Northeim
24,A_03156,03,1,56,nan,na,n,,,Osterode am Harz,,,,,,
25,A_03157,03,1,57,DE91A,DE,9,1,A,Peine,,Braunschweig,Lower Saxony,Lower Saxony,Braunschweig,Peine
26,A_03158,03,1,58,DE91B,DE,9,1,B,Wolfenbüttel,,Braunschweig,Lower Saxony,Lower Saxony,Braunschweig,Wolfenbüttel
27,A_03159,03,1,59,DE91C,DE,9,1,C,Göttingen,,Braunschweig,Lower Saxony,Lower Saxony,Braunschweig,Göttingen
28,A_03201,03,2,01,nan,na,n,,,KS Hannover,,,,,,
29,A_03241,03,2,41,DE929,DE,9,2,9,Region Hannover,,Hannover,Lower Saxony,Lower Saxony,Hannover,Region Hannover
30,A_03251,03,2,51,DE922,DE,9,2,2,Diepholz,,Hannover,Lower Saxony,Lower Saxony,Hannover,Diepholz
31,A_03252,03,2,52,DE923,DE,9,2,3,Hameln-Pyrmont,,Hannover,Lower Saxony,Lower Saxony,Hannover,Hameln-Pyrmont
32,A_03253,03,2,53,nan,na,n,,,Hannover,,,,,,
33,A_03254,03,2,54,DE925,DE,9,2,5,Hildesheim,,Hannover,Lower Saxony,Lower Saxony,Hannover,Hildesheim
34,A_03255,03,2,55,DE926,DE,9,2,6,Holzminden,,Hannover,Lower Saxony,Lower Saxony,Hannover,Holzminden
35,A_03256,03,2,56,DE927,DE,9,2,7,Nienburg (Weser),,Hannover,Lower Saxony,Lower Saxony,Hannover,Nienburg (Weser)
36,A_03257,03,2,57,DE928,DE,9,2,8,Schaumburg,,Hannover,Lower Saxony,Lower Saxony,Hannover,Schaumburg
37,A_03351,03,3,51,DE931,DE,9,3,1,Celle,,Lüneburg,Lower Saxony,Lower Saxony,Lüneburg,Celle
38,A_03352,03,3,52,DE932,DE,9,3,2,Cuxhaven,,Lüneburg,Lower Saxony,Lower Saxony,Lüneburg,Cuxhaven
39,A_03353,03,3,53,DE933,DE,9,3,3,Harburg,,Lüneburg,Lower Saxony,Lower Saxony,Lüneburg,Harburg
40,A_03354,03,3,54,DE934,DE,9,3,4,Lüchow-Dannenberg,,Lüneburg,Lower Saxony,Lower Saxony,Lüneburg,Lüchow-Dannenberg
41,A_03355,03,3,55,DE935,DE,9,3,5,Lüneburg,,Lüneburg,Lower Saxony,Lower Saxony,Lüneburg,"Lüneburg, Landkreis"
42,A_03356,03,3,56,DE936,DE,9,3,6,Osterholz,,Lüneburg,Lower Saxony,Lower Saxony,Lüneburg,Osterholz
43,A_03357,03,3,57,DE937,DE,9,3,7,Rotenburg (Wümme),,Lüneburg,Lower Saxony,Lower Saxony,Lüneburg,Rotenburg Wümme)
44,A_03358,03,3,58,DE938,DE,9,3,8,Heidekreis,,Lüneburg,Lower Saxony,Lower Saxony,Lüneburg,Heidekreis
45,A_03359,03,3,59,DE939,DE,9,3,9,Stade,,Lüneburg,Lower Saxony,Lower Saxony,Lüneburg,Stade
46,A_03360,03,3,60,DE93A,DE,9,3,A,Uelzen,,Lüneburg,Lower Saxony,Lower Saxony,Lüneburg,Uelzen
47,A_03361,03,3,61,DE93B,DE,9,3,B,Verden,,Lüneburg,Lower Saxony,Lower Saxony,Lüneburg,Verden
48,A_03401,03,4,01,DE941,DE,9,4,1,Delmenhorst,Stadt,Weser-Ems,Lower Saxony,Lower Saxony,Weser-Ems,"Delmenhorst, Kreisfreie Stadt"
49,A_03402,03,4,02,DE942,DE,9,4,2,Emden,Stadt,Weser-Ems,Lower Saxony,Lower Saxony,Weser-Ems,"Emden, Kreisfreie Stadt"
50,A_03403,03,4,03,DE94D,DE,9,4,D,Oldenburg (Oldenburg),Stadt,Weser-Ems,Lower Saxony,Lower Saxony,Weser-Ems,"Oldenburg, Landkreis"
51,A_03404,03,4,04,DE944,DE,9,4,4,Osnabrück,Stadt,Weser-Ems,Lower Saxony,Lower Saxony,Weser-Ems,"Osnabrück, Kreisfreie Stadt"
52,A_03405,03,4,05,DE945,DE,9,4,5,Wilhelmshaven,Stadt,Weser-Ems,Lower Saxony,Lower Saxony,Weser-Ems,"Wilhelmshaven, Kreisfreie Stadt"
53,A_03451,03,4,51,DE946,DE,9,4,6,Ammerland,,Weser-Ems,Lower Saxony,Lower Saxony,Weser-Ems,Ammerland
54,A_03452,03,4,52,DE947,DE,9,4,7,Aurich,,Weser-Ems,Lower Saxony,Lower Saxony,Weser-Ems,Aurich
55,A_03453,03,4,53,DE948,DE,9,4,8,Cloppenburg,,Weser-Ems,Lower Saxony,Lower Saxony,Weser-Ems,Cloppenburg
56,A_03454,03,4,54,DE949,DE,9,4,9,Emsland,,Weser-Ems,Lower Saxony,Lower Saxony,Weser-Ems,Emsland
57,A_03455,03,4,55,DE94A,DE,9,4,A,Friesland,,Weser-Ems,Lower Saxony,Lower Saxony,Weser-Ems,Friesland (DE)
58,A_03456,03,4,56,DE94B,DE,9,4,B,Grafschaft Bentheim,,Weser-Ems,Lower Saxony,Lower Saxony,Weser-Ems,Grafschaft Bentheim
59,A_03457,03,4,57,DE94C,DE,9,4,C,Leer,,Weser-Ems,Lower Saxony,Lower Saxony,Weser-Ems,Leer
60,A_03458,03,4,58,DE71C,DE,7,1,C,Oldenburg,,Darmstadt,Hesse,Hesse,Darmstadt,"Offenbach, Landkreis"
61,A_03459,03,4,59,DE94E,DE,9,4,E,Osnabrück,,Weser-Ems,Lower Saxony,Lower Saxony,Weser-Ems,"Osnabrück, Landkreis"
62,A_03460,03,4,60,DE94F,DE,9,4,F,Vechta,,Weser-Ems,Lower Saxony,Lower Saxony,Weser-Ems,Vechta
63,A_03461,03,4,61,DE94G,DE,9,4,G,Wesermarsch,,Weser-Ems,Lower Saxony,Lower Saxony,Weser-Ems,Wesermarsch
64,A_03462,03,4,62,DE94H,DE,9,4,H,Wittmund,,Weser-Ems,Lower Saxony,Lower Saxony,Weser-Ems,Wittmund
65,A_04011,04,0,11,DE501,DE,5,0,1,Bremen,Stadt,Bremen,Bremen,Bremen,Bremen,"Bremen, Kreisfreie Stadt"
66,A_04012,04,0,12,DE502,DE,5,0,2,Bremerhaven,Stadt,Bremen,Bremen,Bremen,Bremen,"Bremerhaven, Kreisfreie Stadt"
67,A_05111,05,1,11,DEA11,DE,A,1,1,Düsseldorf,Stadt,Düsseldorf,North Rhine-Westphalia,North Rhine-Westphalia,Düsseldorf,"Düsseldorf, Kreisfreie Stadt"
68,A_05112,05,1,12,DEA12,DE,A,1,2,Duisburg,Stadt,Düsseldorf,North Rhine-Westphalia,North Rhine-Westphalia,Düsseldorf,"Duisburg, Kreisfreie Stadt"
69,A_05113,05,1,13,DEA13,DE,A,1,3,Essen,Stadt,Düsseldorf,North Rhine-Westphalia,North Rhine-Westphalia,Düsseldorf,"Essen, Kreisfreie Stadt"
70,A_05114,05,1,14,DEA14,DE,A,1,4,Krefeld,Stadt,Düsseldorf,North Rhine-Westphalia,North Rhine-Westphalia,Düsseldorf,"Krefeld, Kreisfreie Stadt"
71,A_05116,05,1,16,DEA15,DE,A,1,5,Mönchengladbach,Stadt,Düsseldorf,North Rhine-Westphalia,North Rhine-Westphalia,Düsseldorf,"Mönchengladbach, Kreisfreie Stadt"
72,A_05117,05,1,17,DEA16,DE,A,1,6,Mülheim an der Ruhr,Stadt,Düsseldorf,North Rhine-Westphalia,North Rhine-Westphalia,Düsseldorf,"Mülheim an der Ruhr, Kreisfreie Stadt"
73,A_05119,05,1,19,DEA17,DE,A,1,7,Oberhausen,Stadt,Düsseldorf,North Rhine-Westphalia,North Rhine-Westphalia,Düsseldorf,"Oberhausen, Kreisfreie Stadt"
74,A_05120,05,1,20,DE116,DE,1,1,6,Remscheid,Stadt,Stuttgart,Baden-Württemberg,Baden-Württemberg,Stuttgart,Rems-Murr-Kreis
75,A_05122,05,1,22,DEA19,DE,A,1,9,Solingen,Klingenstadt,Düsseldorf,North Rhine-Westphalia,North Rhine-Westphalia,Düsseldorf,"Solingen, Kreisfreie Stadt"
76,A_05124,05,1,24,DEA1A,DE,A,1,A,Wuppertal,Stadt,Düsseldorf,North Rhine-Westphalia,North Rhine-Westphalia,Düsseldorf,"Wuppertal, Kreisfreie Stadt"
77,A_05154,05,1,54,DEA1B,DE,A,1,B,Kleve,,Düsseldorf,North Rhine-Westphalia,North Rhine-Westphalia,Düsseldorf,Kleve
78,A_05158,05,1,58,DEA1C,DE,A,1,C,Mettmann,,Düsseldorf,North Rhine-Westphalia,North Rhine-Westphalia,Düsseldorf,Mettmann
79,A_05162,05,1,62,DE128,DE,1,2,8,Rhein-Kreis Neuss,,Karlsruhe,Baden-Württemberg,Baden-Württemberg,Karlsruhe,Rhein-Neckar-Kreis
80,A_05166,05,1,66,DEA1E,DE,A,1,E,Viersen,,Düsseldorf,North Rhine-Westphalia,North Rhine-Westphalia,Düsseldorf,Viersen
81,A_05170,05,1,70,DEA1F,DE,A,1,F,Wesel,,Düsseldorf,North Rhine-Westphalia,North Rhine-Westphalia,Düsseldorf,Wesel
82,A_05313,05,3,13,nan,na,n,,,Aachen,Kreisfreie Stadt,,,,,
83,A_05314,05,3,14,DEA22,DE,A,2,2,Bonn,Stadt,Köln,North Rhine-Westphalia,North Rhine-Westphalia,Köln,"Bonn, Kreisfreie Stadt"
84,A_05315,05,3,15,DEA23,DE,A,2,3,Köln,Stadt,Köln,North Rhine-Westphalia,North Rhine-Westphalia,Köln,"Köln, Kreisfreie Stadt"
85,A_05316,05,3,16,DEA24,DE,A,2,4,Leverkusen,Stadt,Köln,North Rhine-Westphalia,North Rhine-Westphalia,Köln,"Leverkusen, Kreisfreie Stadt"
86,A_05334,05,3,34,DEA2D,DE,A,2,D,Städteregion Aachen,,Köln,North Rhine-Westphalia,North Rhine-Westphalia,Köln,Städteregion Aachen
87,A_05354,05,3,54,nan,na,n,,,Aachen,,,,,,
88,A_05358,05,3,58,DEA26,DE,A,2,6,Düren,,Köln,North Rhine-Westphalia,North Rhine-Westphalia,Köln,Düren
89,A_05362,05,3,62,DEA27,DE,A,2,7,Rhein-Erft-Kreis,,Köln,North Rhine-Westphalia,North Rhine-Westphalia,Köln,Rhein-Erft-Kreis
90,A_05366,05,3,66,DEA28,DE,A,2,8,Euskirchen,,Köln,North Rhine-Westphalia,North Rhine-Westphalia,Köln,Euskirchen
91,A_05370,05,3,70,DEA29,DE,A,2,9,Heinsberg,,Köln,North Rhine-Westphalia,North Rhine-Westphalia,Köln,Heinsberg
92,A_05374,05,3,74,DEA2A,DE,A,2,A,Oberbergischer Kreis,,Köln,North Rhine-Westphalia,North Rhine-Westphalia,Köln,Oberbergischer Kreis
93,A_05378,05,3,78,DEB1A,DE,B,1,A,Rheinisch-Bergischer Kreis,,Koblenz,Rhineland-Palatinate,Rhineland-Palatinate,Koblenz,Rhein-Lahn-Kreis
94,A_05382,05,3,82,DEA2B,DE,A,2,B,Rhein-Sieg-Kreis,,Köln,North Rhine-Westphalia,North Rhine-Westphalia,Köln,Rheinisch-Bergischer Kreis
95,A_05512,05,5,12,DEA31,DE,A,3,1,Bottrop,Stadt,Münster,North Rhine-Westphalia,North Rhine-Westphalia,Münster,"Bottrop, Kreisfreie Stadt"
96,A_05513,05,5,13,DEA32,DE,A,3,2,Gelsenkirchen,Stadt,Münster,North Rhine-Westphalia,North Rhine-Westphalia,Münster,"Gelsenkirchen, Kreisfreie Stadt"
97,A_05515,05,5,15,DEA33,DE,A,3,3,Münster,Stadt,Münster,North Rhine-Westphalia,North Rhine-Westphalia,Münster,"Münster, Kreisfreie Stadt"
98,A_05554,05,5,54,DEA34,DE,A,3,4,Borken,,Münster,North Rhine-Westphalia,North Rhine-Westphalia,Münster,Borken
99,A_05558,05,5,58,DEA35,DE,A,3,5,Coesfeld,,Münster,North Rhine-Westphalia,North Rhine-Westphalia,Münster,Coesfeld
100,A_05562,05,5,62,DEA36,DE,A,3,6,Recklinghausen,,Münster,North Rhine-Westphalia,North Rhine-Westphalia,Münster,Recklinghausen
101,A_05566,05,5,66,DEA37,DE,A,3,7,Steinfurt,,Münster,North Rhine-Westphalia,North Rhine-Westphalia,Münster,Steinfurt
102,A_05570,05,5,70,DEA38,DE,A,3,8,Warendorf,,Münster,North Rhine-Westphalia,North Rhine-Westphalia,Münster,Warendorf
103,A_05711,05,7,11,DEA41,DE,A,4,1,Bielefeld,Stadt,Detmold,North Rhine-Westphalia,North Rhine-Westphalia,Detmold,"Bielefeld, Kreisfreie Stadt"
104,A_05754,05,7,54,DEA42,DE,A,4,2,Gütersloh,,Detmold,North Rhine-Westphalia,North Rhine-Westphalia,Detmold,Gütersloh
105,A_05758,05,7,58,DEA43,DE,A,4,3,Herford,,Detmold,North Rhine-Westphalia,North Rhine-Westphalia,Detmold,Herford
106,A_05762,05,7,62,DEA44,DE,A,4,4,Höxter,,Detmold,North Rhine-Westphalia,North Rhine-Westphalia,Detmold,Höxter
107,A_05766,05,7,66,DEA45,DE,A,4,5,Lippe,,Detmold,North Rhine-Westphalia,North Rhine-Westphalia,Detmold,Lippe
108,A_05770,05,7,70,DEA46,DE,A,4,6,Minden-Lübbecke,,Detmold,North Rhine-Westphalia,North Rhine-Westphalia,Detmold,Minden-Lübbecke
109,A_05774,05,7,74,DEA47,DE,A,4,7,Paderborn,,Detmold,North Rhine-Westphalia,North Rhine-Westphalia,Detmold,Paderborn
110,A_05911,05,9,11,DEA51,DE,A,5,1,Bochum,Stadt,Arnsberg,North Rhine-Westphalia,North Rhine-Westphalia,Arnsberg,"Bochum, Kreisfreie Stadt"
111,A_05913,05,9,13,DEA52,DE,A,5,2,Dortmund,Stadt,Arnsberg,North Rhine-Westphalia,North Rhine-Westphalia,Arnsberg,"Dortmund, Kreisfreie Stadt"
112,A_05914,05,9,14,DEA53,DE,A,5,3,Hagen,Stadt der FernUniversität,Arnsberg,North Rhine-Westphalia,North Rhine-Westphalia,Arnsberg,"Hagen, Kreisfreie Stadt"
113,A_05915,05,9,15,DEA54,DE,A,5,4,Hamm,Stadt,Arnsberg,North Rhine-Westphalia,North Rhine-Westphalia,Arnsberg,"Hamm, Kreisfreie Stadt"
114,A_05916,05,9,16,DEA55,DE,A,5,5,Herne,Stadt,Arnsberg,North Rhine-Westphalia,North Rhine-Westphalia,Arnsberg,"Herne, Kreisfreie Stadt"
115,A_05954,05,9,54,DEA56,DE,A,5,6,Ennepe-Ruhr-Kreis,,Arnsberg,North Rhine-Westphalia,North Rhine-Westphalia,Arnsberg,Ennepe-Ruhr-Kreis
116,A_05958,05,9,58,DEA57,DE,A,5,7,Hochsauerlandkreis,,Arnsberg,North Rhine-Westphalia,North Rhine-Westphalia,Arnsberg,Hochsauerlandkreis
117,A_05962,05,9,62,DE409,DE,4,0,9,Märkischer Kreis,,Brandenburg,Brandenburg,Brandenburg,Brandenburg,Märkisch-Oderland
118,A_05966,05,9,66,DEA59,DE,A,5,9,Olpe,,Arnsberg,North Rhine-Westphalia,North Rhine-Westphalia,Arnsberg,Olpe
119,A_05970,05,9,70,DEA5A,DE,A,5,A,Siegen-Wittgenstein,,Arnsberg,North Rhine-Westphalia,North Rhine-Westphalia,Arnsberg,Siegen-Wittgenstein
120,A_05974,05,9,74,DEA5B,DE,A,5,B,Soest,,Arnsberg,North Rhine-Westphalia,North Rhine-Westphalia,Arnsberg,Soest
121,A_05978,05,9,78,DEA5C,DE,A,5,C,Unna,,Arnsberg,North Rhine-Westphalia,North Rhine-Westphalia,Arnsberg,Unna
122,A_06411,06,4,11,DE711,DE,7,1,1,Darmstadt,Wissenschaftsstadt,Darmstadt,Hesse,Hesse,Darmstadt,"Darmstadt, Kreisfreie Stadt"
123,A_06412,06,4,12,DE712,DE,7,1,2,Frankfurt am Main,Stadt,Darmstadt,Hesse,Hesse,Darmstadt,"Frankfurt am Main, Kreisfreie Stadt"
124,A_06413,06,4,13,DE943,DE,9,4,3,Offenbach am Main,Stadt,Weser-Ems,Lower Saxony,Lower Saxony,Weser-Ems,"Oldenburg, Kreisfreie Stadt"
125,A_06414,06,4,14,DE714,DE,7,1,4,Wiesbaden,Landeshauptstadt,Darmstadt,Hesse,Hesse,Darmstadt,"Wiesbaden, Kreisfreie Stadt"
126,A_06431,06,4,31,DE715,DE,7,1,5,Bergstraße,,Darmstadt,Hesse,Hesse,Darmstadt,Bergstraße
127,A_06432,06,4,32,DE716,DE,7,1,6,Darmstadt-Dieburg,,Darmstadt,Hesse,Hesse,Darmstadt,Darmstadt-Dieburg
128,A_06433,06,4,33,DE717,DE,7,1,7,Groß-Gerau,,Darmstadt,Hesse,Hesse,Darmstadt,Groß-Gerau
129,A_06434,06,4,34,DE718,DE,7,1,8,Hochtaunuskreis,,Darmstadt,Hesse,Hesse,Darmstadt,Hochtaunuskreis
130,A_06435,06,4,35,DE719,DE,7,1,9,Main-Kinzig-Kreis,,Darmstadt,Hesse,Hesse,Darmstadt,Main-Kinzig-Kreis
131,A_06436,06,4,36,DE71A,DE,7,1,A,Main-Taunus-Kreis,,Darmstadt,Hesse,Hesse,Darmstadt,Main-Taunus-Kreis
132,A_06437,06,4,37,DE71B,DE,7,1,B,Odenwaldkreis,,Darmstadt,Hesse,Hesse,Darmstadt,Odenwaldkreis
133,A_06438,06,4,38,DE713,DE,7,1,3,Offenbach,,Darmstadt,Hesse,Hesse,Darmstadt,"Offenbach am Main, Kreisfreie Stadt"
134,A_06439,06,4,39,DEB1D,DE,B,1,D,Rheingau-Taunus-Kreis,,Koblenz,Rhineland-Palatinate,Rhineland-Palatinate,Koblenz,Rhein-Hunsrück-Kreis
135,A_06440,06,4,40,DE71E,DE,7,1,E,Wetteraukreis,,Darmstadt,Hesse,Hesse,Darmstadt,Wetteraukreis
136,A_06531,06,5,31,DE721,DE,7,2,1,Gießen,,Gießen,Hesse,Hesse,Gießen,"Gießen, Landkreis"
137,A_06532,06,5,32,DE722,DE,7,2,2,Lahn-Dill-Kreis,,Gießen,Hesse,Hesse,Gießen,Lahn-Dill-Kreis
138,A_06533,06,5,33,DE723,DE,7,2,3,Limburg-Weilburg,,Gießen,Hesse,Hesse,Gießen,Limburg-Weilburg
139,A_06534,06,5,34,DE724,DE,7,2,4,Marburg-Biedenkopf,,Gießen,Hesse,Hesse,Gießen,Marburg-Biedenkopf
140,A_06535,06,5,35,DE725,DE,7,2,5,Vogelsbergkreis,,Gießen,Hesse,Hesse,Gießen,Vogelsbergkreis
141,A_06611,06,6,11,DE731,DE,7,3,1,Kassel,documenta-Stadt,Kassel,Hesse,Hesse,Kassel,"Kassel, Kreisfreie Stadt"
142,A_06631,06,6,31,DE732,DE,7,3,2,Fulda,,Kassel,Hesse,Hesse,Kassel,Fulda
143,A_06632,06,6,32,DE733,DE,7,3,3,Hersfeld-Rotenburg,,Kassel,Hesse,Hesse,Kassel,Hersfeld-Rotenburg
144,A_06633,06,6,33,DE734,DE,7,3,4,Kassel,,Kassel,Hesse,Hesse,Kassel,"Kassel, Landkreis"
145,A_06634,06,6,34,DE735,DE,7,3,5,Schwalm-Eder-Kreis,,Kassel,Hesse,Hesse,Kassel,Schwalm-Eder-Kreis
146,A_06635,06,6,35,DE736,DE,7,3,6,Waldeck-Frankenberg,,Kassel,Hesse,Hesse,Kassel,Waldeck-Frankenberg
147,A_06636,06,6,36,DE737,DE,7,3,7,Werra-Meißner-Kreis,,Kassel,Hesse,Hesse,Kassel,Werra-Meißner-Kreis
148,A_07111,07,1,11,DEB11,DE,B,1,1,Koblenz,kreisfreie Stadt,Koblenz,Rhineland-Palatinate,Rhineland-Palatinate,Koblenz,"Koblenz, Kreisfreie Stadt"
149,A_07131,07,1,31,DEB12,DE,B,1,2,Ahrweiler,,Koblenz,Rhineland-Palatinate,Rhineland-Palatinate,Koblenz,Ahrweiler
150,A_07132,07,1,32,DEB13,DE,B,1,3,Altenkirchen (Westerwald),,Koblenz,Rhineland-Palatinate,Rhineland-Palatinate,Koblenz,Altenkirchen Westerwald)
151,A_07133,07,1,33,DEB14,DE,B,1,4,Bad Kreuznach,,Koblenz,Rhineland-Palatinate,Rhineland-Palatinate,Koblenz,Bad Kreuznach
152,A_07134,07,1,34,DEB15,DE,B,1,5,Birkenfeld,,Koblenz,Rhineland-Palatinate,Rhineland-Palatinate,Koblenz,Birkenfeld
153,A_07135,07,1,35,DEB1C,DE,B,1,C,Cochem-Zell,,Koblenz,Rhineland-Palatinate,Rhineland-Palatinate,Koblenz,Cochem-Zell
154,A_07137,07,1,37,DEB17,DE,B,1,7,Mayen-Koblenz,,Koblenz,Rhineland-Palatinate,Rhineland-Palatinate,Koblenz,Mayen-Koblenz
155,A_07138,07,1,38,DEB18,DE,B,1,8,Neuwied,,Koblenz,Rhineland-Palatinate,Rhineland-Palatinate,Koblenz,Neuwied
156,A_07140,07,1,40,DEA1D,DE,A,1,D,Rhein-Hunsrück-Kreis,,Düsseldorf,North Rhine-Westphalia,North Rhine-Westphalia,Düsseldorf,Rhein-Kreis Neuss
157,A_07141,07,1,41,DEB3I,DE,B,3,I,Rhein-Lahn-Kreis,,Rheinhessen-Pfalz,Rhineland-Palatinate,Rhineland-Palatinate,Rheinhessen-Pfalz,Rhein-Pfalz-Kreis
158,A_07143,07,1,43,DEB1B,DE,B,1,B,Westerwaldkreis,,Koblenz,Rhineland-Palatinate,Rhineland-Palatinate,Koblenz,Westerwaldkreis
159,A_07211,07,2,11,DEB21,DE,B,2,1,Trier,kreisfreie Stadt,Trier,Rhineland-Palatinate,Rhineland-Palatinate,Trier,"Trier, Kreisfreie Stadt"
160,A_07231,07,2,31,DEB22,DE,B,2,2,Bernkastel-Wittlich,,Trier,Rhineland-Palatinate,Rhineland-Palatinate,Trier,Bernkastel-Wittlich
161,A_07232,07,2,32,DEB23,DE,B,2,3,Eifelkreis Bitburg-Prüm,,Trier,Rhineland-Palatinate,Rhineland-Palatinate,Trier,Eifelkreis Bitburg-Prüm
162,A_07233,07,2,33,DEB24,DE,B,2,4,Vulkaneifel,,Trier,Rhineland-Palatinate,Rhineland-Palatinate,Trier,Vulkaneifel
163,A_07235,07,2,35,DEB25,DE,B,2,5,Trier-Saarburg,,Trier,Rhineland-Palatinate,Rhineland-Palatinate,Trier,Trier-Saarburg
164,A_07311,07,3,11,DEB31,DE,B,3,1,Frankenthal (Pfalz),kreisfreie Stadt,Rheinhessen-Pfalz,Rhineland-Palatinate,Rhineland-Palatinate,Rheinhessen-Pfalz,"Frankenthal Pfalz), Kreisfreie Stadt"
165,A_07312,07,3,12,DEB32,DE,B,3,2,Kaiserslautern,kreisfreie Stadt,Rheinhessen-Pfalz,Rhineland-Palatinate,Rhineland-Palatinate,Rheinhessen-Pfalz,"Kaiserslautern, Kreisfreie Stadt"
166,A_07313,07,3,13,DEB33,DE,B,3,3,Landau in der Pfalz,kreisfreie Stadt,Rheinhessen-Pfalz,Rhineland-Palatinate,Rhineland-Palatinate,Rheinhessen-Pfalz,"Landau in der Pfalz, Kreisfreie Stadt"
167,A_07314,07,3,14,DEB34,DE,B,3,4,Ludwigshafen am Rhein,kreisfreie Stadt,Rheinhessen-Pfalz,Rhineland-Palatinate,Rhineland-Palatinate,Rheinhessen-Pfalz,"Ludwigshafen am Rhein, Kreisfreie Stadt"
168,A_07315,07,3,15,DEB35,DE,B,3,5,Mainz,kreisfreie Stadt,Rheinhessen-Pfalz,Rhineland-Palatinate,Rhineland-Palatinate,Rheinhessen-Pfalz,"Mainz, Kreisfreie Stadt"
169,A_07316,07,3,16,DE237,DE,2,3,7,Neustadt an der Weinstraße,kreisfreie Stadt,Oberpfalz,Bavaria,Bavaria,Oberpfalz,Neustadt a.d.Waldnaab
170,A_07317,07,3,17,DEB37,DE,B,3,7,Pirmasens,kreisfreie Stadt,Rheinhessen-Pfalz,Rhineland-Palatinate,Rhineland-Palatinate,Rheinhessen-Pfalz,"Pirmasens, Kreisfreie Stadt"
171,A_07318,07,3,18,DEB38,DE,B,3,8,Speyer,kreisfreie Stadt,Rheinhessen-Pfalz,Rhineland-Palatinate,Rhineland-Palatinate,Rheinhessen-Pfalz,"Speyer, Kreisfreie Stadt"
172,A_07319,07,3,19,DEB39,DE,B,3,9,Worms,kreisfreie Stadt,Rheinhessen-Pfalz,Rhineland-Palatinate,Rhineland-Palatinate,Rheinhessen-Pfalz,"Worms, Kreisfreie Stadt"
173,A_07320,07,3,20,DEB3A,DE,B,3,A,Zweibrücken,kreisfreie Stadt,Rheinhessen-Pfalz,Rhineland-Palatinate,Rhineland-Palatinate,Rheinhessen-Pfalz,"Zweibrücken, Kreisfreie Stadt"
174,A_07331,07,3,31,DEB3B,DE,B,3,B,Alzey-Worms,,Rheinhessen-Pfalz,Rhineland-Palatinate,Rhineland-Palatinate,Rheinhessen-Pfalz,Alzey-Worms
175,A_07332,07,3,32,DEB3C,DE,B,3,C,Bad Dürkheim,,Rheinhessen-Pfalz,Rhineland-Palatinate,Rhineland-Palatinate,Rheinhessen-Pfalz,Bad Dürkheim
176,A_07333,07,3,33,DEB3D,DE,B,3,D,Donnersbergkreis,,Rheinhessen-Pfalz,Rhineland-Palatinate,Rhineland-Palatinate,Rheinhessen-Pfalz,Donnersbergkreis
177,A_07334,07,3,34,DEB3E,DE,B,3,E,Germersheim,,Rheinhessen-Pfalz,Rhineland-Palatinate,Rhineland-Palatinate,Rheinhessen-Pfalz,Germersheim
178,A_07335,07,3,35,DEB3F,DE,B,3,F,Kaiserslautern,,Rheinhessen-Pfalz,Rhineland-Palatinate,Rhineland-Palatinate,Rheinhessen-Pfalz,"Kaiserslautern, Landkreis"
179,A_07336,07,3,36,DEB3G,DE,B,3,G,Kusel,,Rheinhessen-Pfalz,Rhineland-Palatinate,Rhineland-Palatinate,Rheinhessen-Pfalz,Kusel
180,A_07337,07,3,37,DEB3H,DE,B,3,H,Südliche Weinstraße,,Rheinhessen-Pfalz,Rhineland-Palatinate,Rhineland-Palatinate,Rheinhessen-Pfalz,Südliche Weinstraße
181,A_07338,07,3,38,DE71D,DE,7,1,D,Rhein-Pfalz-Kreis,,Darmstadt,Hesse,Hesse,Darmstadt,Rheingau-Taunus-Kreis
182,A_07339,07,3,39,DEB3J,DE,B,3,J,Mainz-Bingen,,Rheinhessen-Pfalz,Rhineland-Palatinate,Rhineland-Palatinate,Rheinhessen-Pfalz,Mainz-Bingen
183,A_07340,07,3,40,DEB3K,DE,B,3,K,Südwestpfalz,,Rheinhessen-Pfalz,Rhineland-Palatinate,Rhineland-Palatinate,Rheinhessen-Pfalz,Südwestpfalz
184,A_08111,08,1,11,DE111,DE,1,1,1,Stuttgart,Stadtkreis,Stuttgart,Baden-Württemberg,Baden-Württemberg,Stuttgart,"Stuttgart, Stadtkreis"
185,A_08115,08,1,15,DE112,DE,1,1,2,Böblingen,,Stuttgart,Baden-Württemberg,Baden-Württemberg,Stuttgart,Böblingen
186,A_08116,08,1,16,DE113,DE,1,1,3,Esslingen,,Stuttgart,Baden-Württemberg,Baden-Württemberg,Stuttgart,Esslingen
187,A_08117,08,1,17,DE114,DE,1,1,4,Göppingen,,Stuttgart,Baden-Württemberg,Baden-Württemberg,Stuttgart,Göppingen
188,A_08118,08,1,18,DE115,DE,1,1,5,Ludwigsburg,,Stuttgart,Baden-Württemberg,Baden-Württemberg,Stuttgart,Ludwigsburg
189,A_08119,08,1,19,DEA18,DE,A,1,8,Rems-Murr-Kreis,,Düsseldorf,North Rhine-Westphalia,North Rhine-Westphalia,Düsseldorf,"Remscheid, Kreisfreie Stadt"
190,A_08121,08,1,21,DE117,DE,1,1,7,Heilbronn,Stadtkreis,Stuttgart,Baden-Württemberg,Baden-Württemberg,Stuttgart,"Heilbronn, Stadtkreis"
191,A_08125,08,1,25,DE118,DE,1,1,8,Heilbronn,,Stuttgart,Baden-Württemberg,Baden-Württemberg,Stuttgart,"Heilbronn, Landkreis"
192,A_08126,08,1,26,DE119,DE,1,1,9,Hohenlohekreis,,Stuttgart,Baden-Württemberg,Baden-Württemberg,Stuttgart,Hohenlohekreis
193,A_08127,08,1,27,DE11A,DE,1,1,A,Schwäbisch Hall,,Stuttgart,Baden-Württemberg,Baden-Württemberg,Stuttgart,Schwäbisch Hall
194,A_08128,08,1,28,DE11B,DE,1,1,B,Main-Tauber-Kreis,,Stuttgart,Baden-Württemberg,Baden-Württemberg,Stuttgart,Main-Tauber-Kreis
195,A_08135,08,1,35,DE11C,DE,1,1,C,Heidenheim,,Stuttgart,Baden-Württemberg,Baden-Württemberg,Stuttgart,Heidenheim
196,A_08136,08,1,36,DE11D,DE,1,1,D,Ostalbkreis,,Stuttgart,Baden-Württemberg,Baden-Württemberg,Stuttgart,Ostalbkreis
197,A_08211,08,2,11,DE121,DE,1,2,1,Baden-Baden,Stadtkreis,Karlsruhe,Baden-Württemberg,Baden-Württemberg,Karlsruhe,"Baden-Baden, Stadtkreis"
198,A_08212,08,2,12,DE122,DE,1,2,2,Karlsruhe,Stadtkreis,Karlsruhe,Baden-Württemberg,Baden-Württemberg,Karlsruhe,"Karlsruhe, Stadtkreis"
199,A_08215,08,2,15,DE123,DE,1,2,3,Karlsruhe,,Karlsruhe,Baden-Württemberg,Baden-Württemberg,Karlsruhe,"Karlsruhe, Landkreis"
200,A_08216,08,2,16,DE124,DE,1,2,4,Rastatt,,Karlsruhe,Baden-Württemberg,Baden-Württemberg,Karlsruhe,Rastatt
201,A_08221,08,2,21,DE125,DE,1,2,5,Heidelberg,Stadtkreis,Karlsruhe,Baden-Württemberg,Baden-Württemberg,Karlsruhe,"Heidelberg, Stadtkreis"
202,A_08222,08,2,22,DE126,DE,1,2,6,Mannheim,Stadtkreis,Karlsruhe,Baden-Württemberg,Baden-Württemberg,Karlsruhe,"Mannheim, Stadtkreis"
203,A_08225,08,2,25,DE127,DE,1,2,7,Neckar-Odenwald-Kreis,,Karlsruhe,Baden-Württemberg,Baden-Württemberg,Karlsruhe,Neckar-Odenwald-Kreis
204,A_08226,08,2,26,DEA2C,DE,A,2,C,Rhein-Neckar-Kreis,,Köln,North Rhine-Westphalia,North Rhine-Westphalia,Köln,Rhein-Sieg-Kreis
205,A_08231,08,2,31,DE129,DE,1,2,9,Pforzheim,Stadtkreis,Karlsruhe,Baden-Württemberg,Baden-Württemberg,Karlsruhe,"Pforzheim, Stadtkreis"
206,A_08235,08,2,35,DE12A,DE,1,2,A,Calw,,Karlsruhe,Baden-Württemberg,Baden-Württemberg,Karlsruhe,Calw
207,A_08236,08,2,36,DE12B,DE,1,2,B,Enzkreis,,Karlsruhe,Baden-Württemberg,Baden-Württemberg,Karlsruhe,Enzkreis
208,A_08237,08,2,37,DE12C,DE,1,2,C,Freudenstadt,,Karlsruhe,Baden-Württemberg,Baden-Württemberg,Karlsruhe,Freudenstadt
209,A_08311,08,3,11,DE131,DE,1,3,1,Freiburg im Breisgau,Stadtkreis,Freiburg,Baden-Württemberg,Baden-Württemberg,Freiburg,"Freiburg im Breisgau, Stadtkreis"
210,A_08315,08,3,15,DE132,DE,1,3,2,Breisgau-Hochschwarzwald,,Freiburg,Baden-Württemberg,Baden-Württemberg,Freiburg,Breisgau-Hochschwarzwald
211,A_08316,08,3,16,DE133,DE,1,3,3,Emmendingen,,Freiburg,Baden-Württemberg,Baden-Württemberg,Freiburg,Emmendingen
212,A_08317,08,3,17,DE134,DE,1,3,4,Ortenaukreis,,Freiburg,Baden-Württemberg,Baden-Württemberg,Freiburg,Ortenaukreis
213,A_08325,08,3,25,DE135,DE,1,3,5,Rottweil,,Freiburg,Baden-Württemberg,Baden-Württemberg,Freiburg,Rottweil
214,A_08326,08,3,26,DE136,DE,1,3,6,Schwarzwald-Baar-Kreis,,Freiburg,Baden-Württemberg,Baden-Württemberg,Freiburg,Schwarzwald-Baar-Kreis
215,A_08327,08,3,27,DE137,DE,1,3,7,Tuttlingen,,Freiburg,Baden-Württemberg,Baden-Württemberg,Freiburg,Tuttlingen
216,A_08335,08,3,35,DE138,DE,1,3,8,Konstanz,,Freiburg,Baden-Württemberg,Baden-Württemberg,Freiburg,Konstanz
217,A_08336,08,3,36,DE139,DE,1,3,9,Lörrach,,Freiburg,Baden-Württemberg,Baden-Württemberg,Freiburg,Lörrach
218,A_08337,08,3,37,DE13A,DE,1,3,A,Waldshut,,Freiburg,Baden-Württemberg,Baden-Württemberg,Freiburg,Waldshut
219,A_08415,08,4,15,DE141,DE,1,4,1,Reutlingen,,Tübingen,Baden-Württemberg,Baden-Württemberg,Tübingen,Reutlingen
220,A_08416,08,4,16,DE142,DE,1,4,2,Tübingen,,Tübingen,Baden-Württemberg,Baden-Württemberg,Tübingen,"Tübingen, Landkreis"
221,A_08417,08,4,17,DE143,DE,1,4,3,Zollernalbkreis,,Tübingen,Baden-Württemberg,Baden-Württemberg,Tübingen,Zollernalbkreis
222,A_08421,08,4,21,DE144,DE,1,4,4,Ulm,Stadtkreis,Tübingen,Baden-Württemberg,Baden-Württemberg,Tübingen,"Ulm, Stadtkreis"
223,A_08425,08,4,25,DE145,DE,1,4,5,Alb-Donau-Kreis,,Tübingen,Baden-Württemberg,Baden-Württemberg,Tübingen,Alb-Donau-Kreis
224,A_08426,08,4,26,DE146,DE,1,4,6,Biberach,,Tübingen,Baden-Württemberg,Baden-Württemberg,Tübingen,Biberach
225,A_08435,08,4,35,DE147,DE,1,4,7,Bodenseekreis,,Tübingen,Baden-Württemberg,Baden-Württemberg,Tübingen,Bodenseekreis
226,A_08436,08,4,36,DE148,DE,1,4,8,Ravensburg,,Tübingen,Baden-Württemberg,Baden-Württemberg,Tübingen,Ravensburg
227,A_08437,08,4,37,DE149,DE,1,4,9,Sigmaringen,,Tübingen,Baden-Württemberg,Baden-Württemberg,Tübingen,Sigmaringen
228,A_09161,09,1,61,DE211,DE,2,1,1,Ingolstadt,,Oberbayern,Bavaria,Bavaria,Oberbayern,"Ingolstadt, Kreisfreie Stadt"
229,A_09162,09,1,62,DE212,DE,2,1,2,München,Landeshauptstadt,Oberbayern,Bavaria,Bavaria,Oberbayern,"München, Kreisfreie Stadt"
230,A_09163,09,1,63,DE213,DE,2,1,3,Rosenheim,,Oberbayern,Bavaria,Bavaria,Oberbayern,"Rosenheim, Kreisfreie Stadt"
231,A_09171,09,1,71,DE214,DE,2,1,4,Altötting,,Oberbayern,Bavaria,Bavaria,Oberbayern,Altötting
232,A_09172,09,1,72,DE215,DE,2,1,5,Berchtesgadener Land,,Oberbayern,Bavaria,Bavaria,Oberbayern,Berchtesgadener Land
233,A_09173,09,1,73,DE216,DE,2,1,6,Bad Tölz-Wolfratshausen,,Oberbayern,Bavaria,Bavaria,Oberbayern,Bad Tölz-Wolfratshausen
234,A_09174,09,1,74,DE217,DE,2,1,7,Dachau,,Oberbayern,Bavaria,Bavaria,Oberbayern,Dachau
235,A_09175,09,1,75,DE218,DE,2,1,8,Ebersberg,,Oberbayern,Bavaria,Bavaria,Oberbayern,Ebersberg
236,A_09176,09,1,76,DE219,DE,2,1,9,Eichstätt,,Oberbayern,Bavaria,Bavaria,Oberbayern,Eichstätt
237,A_09177,09,1,77,DE21A,DE,2,1,A,Erding,,Oberbayern,Bavaria,Bavaria,Oberbayern,Erding
238,A_09178,09,1,78,DE21B,DE,2,1,B,Freising,,Oberbayern,Bavaria,Bavaria,Oberbayern,Freising
239,A_09179,09,1,79,DE21C,DE,2,1,C,Fürstenfeldbruck,,Oberbayern,Bavaria,Bavaria,Oberbayern,Fürstenfeldbruck
240,A_09180,09,1,80,DE21D,DE,2,1,D,Garmisch-Partenkirchen,,Oberbayern,Bavaria,Bavaria,Oberbayern,Garmisch-Partenkirchen
241,A_09181,09,1,81,DE21E,DE,2,1,E,Landsberg am Lech,,Oberbayern,Bavaria,Bavaria,Oberbayern,Landsberg am Lech
242,A_09182,09,1,82,DE21F,DE,2,1,F,Miesbach,,Oberbayern,Bavaria,Bavaria,Oberbayern,Miesbach
243,A_09183,09,1,83,DE21G,DE,2,1,G,Mühldorf a.Inn,,Oberbayern,Bavaria,Bavaria,Oberbayern,Mühldorf a. Inn
244,A_09184,09,1,84,DE21H,DE,2,1,H,München,,Oberbayern,Bavaria,Bavaria,Oberbayern,"München, Landkreis"
245,A_09185,09,1,85,DE279,DE,2,7,9,Neuburg-Schrobenhausen,,Schwaben,Bavaria,Bavaria,Schwaben,Neu-Ulm
246,A_09186,09,1,86,DE21J,DE,2,1,J,Pfaffenhofen a.d.Ilm,,Oberbayern,Bavaria,Bavaria,Oberbayern,Pfaffenhofen a. d. Ilm
247,A_09187,09,1,87,DE21K,DE,2,1,K,Rosenheim,,Oberbayern,Bavaria,Bavaria,Oberbayern,"Rosenheim, Landkreis"
248,A_09188,09,1,88,DE21L,DE,2,1,L,Starnberg,,Oberbayern,Bavaria,Bavaria,Oberbayern,Starnberg
249,A_09189,09,1,89,DE21M,DE,2,1,M,Traunstein,,Oberbayern,Bavaria,Bavaria,Oberbayern,Traunstein
250,A_09190,09,1,90,DE21N,DE,2,1,N,Weilheim-Schongau,,Oberbayern,Bavaria,Bavaria,Oberbayern,Weilheim-Schongau
251,A_09261,09,2,61,DE221,DE,2,2,1,Landshut,,Niederbayern,Bavaria,Bavaria,Niederbayern,"Landshut, Kreisfreie Stadt"
252,A_09262,09,2,62,DE222,DE,2,2,2,Passau,,Niederbayern,Bavaria,Bavaria,Niederbayern,"Passau, Kreisfreie Stadt"
253,A_09263,09,2,63,DE22B,DE,2,2,B,Straubing,,Niederbayern,Bavaria,Bavaria,Niederbayern,Straubing-Bogen
254,A_09271,09,2,71,DE224,DE,2,2,4,Deggendorf,,Niederbayern,Bavaria,Bavaria,Niederbayern,Deggendorf
255,A_09272,09,2,72,DE225,DE,2,2,5,Freyung-Grafenau,,Niederbayern,Bavaria,Bavaria,Niederbayern,Freyung-Grafenau
256,A_09273,09,2,73,DE226,DE,2,2,6,Kelheim,,Niederbayern,Bavaria,Bavaria,Niederbayern,Kelheim
257,A_09274,09,2,74,DE227,DE,2,2,7,Landshut,,Niederbayern,Bavaria,Bavaria,Niederbayern,"Landshut, Landkreis"
258,A_09275,09,2,75,DE228,DE,2,2,8,Passau,,Niederbayern,Bavaria,Bavaria,Niederbayern,"Passau, Landkreis"
259,A_09276,09,2,76,DE229,DE,2,2,9,Regen,,Niederbayern,Bavaria,Bavaria,Niederbayern,Regen
260,A_09277,09,2,77,DE22A,DE,2,2,A,Rottal-Inn,,Niederbayern,Bavaria,Bavaria,Niederbayern,Rottal-Inn
261,A_09278,09,2,78,DE223,DE,2,2,3,Straubing-Bogen,,Niederbayern,Bavaria,Bavaria,Niederbayern,"Straubing, Kreisfreie Stadt"
262,A_09279,09,2,79,DE22C,DE,2,2,C,Dingolfing-Landau,,Niederbayern,Bavaria,Bavaria,Niederbayern,Dingolfing-Landau
263,A_09361,09,3,61,DE231,DE,2,3,1,Amberg,,Oberpfalz,Bavaria,Bavaria,Oberpfalz,"Amberg, Kreisfreie Stadt"
264,A_09362,09,3,62,DE232,DE,2,3,2,Regensburg,,Oberpfalz,Bavaria,Bavaria,Oberpfalz,"Regensburg, Kreisfreie Stadt"
265,A_09363,09,3,63,DE233,DE,2,3,3,Weiden i.d.OPf.,,Oberpfalz,Bavaria,Bavaria,Oberpfalz,"Weiden i. d. Opf, Kreisfreie Stadt"
266,A_09371,09,3,71,DE234,DE,2,3,4,Amberg-Sulzbach,,Oberpfalz,Bavaria,Bavaria,Oberpfalz,Amberg-Sulzbach
267,A_09372,09,3,72,DE235,DE,2,3,5,Cham,,Oberpfalz,Bavaria,Bavaria,Oberpfalz,Cham
268,A_09373,09,3,73,DE21I,DE,2,1,I,Neumarkt i.d.OPf.,,Oberbayern,Bavaria,Bavaria,Oberbayern,Neuburg-Schrobenhausen
269,A_09374,09,3,74,DE25A,DE,2,5,A,Neustadt a.d.Waldnaab,,Mittelfranken,Bavaria,Bavaria,Mittelfranken,Neustadt a. d. Aisch-Bad Windsheim
270,A_09375,09,3,75,DE238,DE,2,3,8,Regensburg,,Oberpfalz,Bavaria,Bavaria,Oberpfalz,"Regensburg, Landkreis"
271,A_09376,09,3,76,DE239,DE,2,3,9,Schwandorf,,Oberpfalz,Bavaria,Bavaria,Oberpfalz,Schwandorf
272,A_09377,09,3,77,DE23A,DE,2,3,A,Tirschenreuth,,Oberpfalz,Bavaria,Bavaria,Oberpfalz,Tirschenreuth
273,A_09461,09,4,61,DE241,DE,2,4,1,Bamberg,,Oberfranken,Bavaria,Bavaria,Oberfranken,"Bamberg, Kreisfreie Stadt"
274,A_09462,09,4,62,DE242,DE,2,4,2,Bayreuth,,Oberfranken,Bavaria,Bavaria,Oberfranken,"Bayreuth, Kreisfreie Stadt"
275,A_09463,09,4,63,DE243,DE,2,4,3,Coburg,,Oberfranken,Bavaria,Bavaria,Oberfranken,"Coburg, Kreisfreie Stadt"
276,A_09464,09,4,64,DE244,DE,2,4,4,Hof,,Oberfranken,Bavaria,Bavaria,Oberfranken,"Hof, Kreisfreie Stadt"
277,A_09471,09,4,71,DE245,DE,2,4,5,Bamberg,,Oberfranken,Bavaria,Bavaria,Oberfranken,"Bamberg, Landkreis"
278,A_09472,09,4,72,DE246,DE,2,4,6,Bayreuth,,Oberfranken,Bavaria,Bavaria,Oberfranken,"Bayreuth, Landkreis"
279,A_09473,09,4,73,DE247,DE,2,4,7,Coburg,,Oberfranken,Bavaria,Bavaria,Oberfranken,"Coburg, Landkreis"
280,A_09474,09,4,74,DE248,DE,2,4,8,Forchheim,,Oberfranken,Bavaria,Bavaria,Oberfranken,Forchheim
281,A_09475,09,4,75,DE249,DE,2,4,9,Hof,,Oberfranken,Bavaria,Bavaria,Oberfranken,"Hof, Landkreis"
282,A_09476,09,4,76,DE24A,DE,2,4,A,Kronach,,Oberfranken,Bavaria,Bavaria,Oberfranken,Kronach
283,A_09477,09,4,77,DE24B,DE,2,4,B,Kulmbach,,Oberfranken,Bavaria,Bavaria,Oberfranken,Kulmbach
284,A_09478,09,4,78,DE24C,DE,2,4,C,Lichtenfels,,Oberfranken,Bavaria,Bavaria,Oberfranken,Lichtenfels
285,A_09479,09,4,79,DE24D,DE,2,4,D,Wunsiedel i.Fichtelgebirge,,Oberfranken,Bavaria,Bavaria,Oberfranken,Wunsiedel i. Fichtelgebirge
286,A_09561,09,5,61,DE251,DE,2,5,1,Ansbach,,Mittelfranken,Bavaria,Bavaria,Mittelfranken,"Ansbach, Kreisfreie Stadt"
287,A_09562,09,5,62,DE252,DE,2,5,2,Erlangen,,Mittelfranken,Bavaria,Bavaria,Mittelfranken,"Erlangen, Kreisfreie Stadt"
288,A_09563,09,5,63,DE253,DE,2,5,3,Fürth,,Mittelfranken,Bavaria,Bavaria,Mittelfranken,"Fürth, Kreisfreie Stadt"
289,A_09564,09,5,64,DE254,DE,2,5,4,Nürnberg,,Mittelfranken,Bavaria,Bavaria,Mittelfranken,"Nürnberg, Kreisfreie Stadt"
290,A_09565,09,5,65,DE255,DE,2,5,5,Schwabach,,Mittelfranken,Bavaria,Bavaria,Mittelfranken,"Schwabach, Kreisfreie Stadt"
291,A_09571,09,5,71,DE256,DE,2,5,6,Ansbach,,Mittelfranken,Bavaria,Bavaria,Mittelfranken,"Ansbach, Landkreis"
292,A_09572,09,5,72,DE257,DE,2,5,7,Erlangen-Höchstadt,,Mittelfranken,Bavaria,Bavaria,Mittelfranken,Erlangen-Höchstadt
293,A_09573,09,5,73,DE258,DE,2,5,8,Fürth,,Mittelfranken,Bavaria,Bavaria,Mittelfranken,"Fürth, Landkreis"
294,A_09574,09,5,74,DE259,DE,2,5,9,Nürnberger Land,,Mittelfranken,Bavaria,Bavaria,Mittelfranken,Nürnberger Land
295,A_09575,09,5,75,DEC03,DE,C,0,3,Neustadt a.d.Aisch-Bad Windsheim,,Saarland,Saarland,Saarland,Saarland,Neunkirchen
296,A_09576,09,5,76,DE25B,DE,2,5,B,Roth,,Mittelfranken,Bavaria,Bavaria,Mittelfranken,Roth
297,A_09577,09,5,77,DE25C,DE,2,5,C,Weißenburg-Gunzenhausen,,Mittelfranken,Bavaria,Bavaria,Mittelfranken,Weißenburg-Gunzenhausen
298,A_09661,09,6,61,DE261,DE,2,6,1,Aschaffenburg,,Unterfranken,Bavaria,Bavaria,Unterfranken,"Aschaffenburg, Kreisfreie Stadt"
299,A_09662,09,6,62,DE262,DE,2,6,2,Schweinfurt,,Unterfranken,Bavaria,Bavaria,Unterfranken,"Schweinfurt, Kreisfreie Stadt"
300,A_09663,09,6,63,DE263,DE,2,6,3,Würzburg,,Unterfranken,Bavaria,Bavaria,Unterfranken,"Würzburg, Kreisfreie Stadt"
301,A_09671,09,6,71,DE264,DE,2,6,4,Aschaffenburg,,Unterfranken,Bavaria,Bavaria,Unterfranken,"Aschaffenburg, Landkreis"
302,A_09672,09,6,72,DE265,DE,2,6,5,Bad Kissingen,,Unterfranken,Bavaria,Bavaria,Unterfranken,Bad Kissingen
303,A_09673,09,6,73,DE266,DE,2,6,6,Rhön-Grabfeld,,Unterfranken,Bavaria,Bavaria,Unterfranken,Rhön-Grabfeld
304,A_09674,09,6,74,DE267,DE,2,6,7,Haßberge,,Unterfranken,Bavaria,Bavaria,Unterfranken,Haßberge
305,A_09675,09,6,75,DE268,DE,2,6,8,Kitzingen,,Unterfranken,Bavaria,Bavaria,Unterfranken,Kitzingen
306,A_09676,09,6,76,DE269,DE,2,6,9,Miltenberg,,Unterfranken,Bavaria,Bavaria,Unterfranken,Miltenberg
307,A_09677,09,6,77,DE26A,DE,2,6,A,Main-Spessart,,Unterfranken,Bavaria,Bavaria,Unterfranken,Main-Spessart
308,A_09678,09,6,78,DE26B,DE,2,6,B,Schweinfurt,,Unterfranken,Bavaria,Bavaria,Unterfranken,"Schweinfurt, Landkreis"
309,A_09679,09,6,79,DE26C,DE,2,6,C,Würzburg,,Unterfranken,Bavaria,Bavaria,Unterfranken,"Würzburg, Landkreis"
310,A_09761,09,7,61,DE271,DE,2,7,1,Augsburg,,Schwaben,Bavaria,Bavaria,Schwaben,"Augsburg, Kreisfreie Stadt"
311,A_09762,09,7,62,DE272,DE,2,7,2,Kaufbeuren,,Schwaben,Bavaria,Bavaria,Schwaben,"Kaufbeuren, Kreisfreie Stadt"
312,A_09763,09,7,63,DE273,DE,2,7,3,Kempten (Allgäu),,Schwaben,Bavaria,Bavaria,Schwaben,"Kempten (Allgäu), Kreisfreie Stadt"
313,A_09764,09,7,64,DE274,DE,2,7,4,Memmingen,,Schwaben,Bavaria,Bavaria,Schwaben,"Memmingen, Kreisfreie Stadt"
314,A_09771,09,7,71,DE275,DE,2,7,5,Aichach-Friedberg,,Schwaben,Bavaria,Bavaria,Schwaben,Aichach-Friedberg
315,A_09772,09,7,72,DE276,DE,2,7,6,Augsburg,,Schwaben,Bavaria,Bavaria,Schwaben,"Augsburg, Landkreis"
316,A_09773,09,7,73,DE277,DE,2,7,7,Dillingen a.d.Donau,,Schwaben,Bavaria,Bavaria,Schwaben,Dillingen a.d. Donau
317,A_09774,09,7,74,DE278,DE,2,7,8,Günzburg,,Schwaben,Bavaria,Bavaria,Schwaben,Günzburg
318,A_09775,09,7,75,DEB36,DE,B,3,6,Neu-Ulm,,Rheinhessen-Pfalz,Rhineland-Palatinate,Rhineland-Palatinate,Rheinhessen-Pfalz,"Neustadt an der Weinstraße, Kreisfreie Stadt"
319,A_09776,09,7,76,DE27A,DE,2,7,A,Lindau (Bodensee),,Schwaben,Bavaria,Bavaria,Schwaben,Lindau Bodensee)
320,A_09777,09,7,77,DE27B,DE,2,7,B,Ostallgäu,,Schwaben,Bavaria,Bavaria,Schwaben,Ostallgäu
321,A_09778,09,7,78,DE27C,DE,2,7,C,Unterallgäu,,Schwaben,Bavaria,Bavaria,Schwaben,Unterallgäu
322,A_09779,09,7,79,DE27D,DE,2,7,D,Donau-Ries,,Schwaben,Bavaria,Bavaria,Schwaben,Donau-Ries
323,A_09780,09,7,80,DE27E,DE,2,7,E,Oberallgäu,,Schwaben,Bavaria,Bavaria,Schwaben,Oberallgäu
324,A_10041,10,0,41,DEC01,DE,C,0,1,Regionalverband Saarbrücken,,Saarland,Saarland,Saarland,Saarland,Regionalverband Saarbrücken
325,A_10042,10,0,42,DEC02,DE,C,0,2,Merzig-Wadern,,Saarland,Saarland,Saarland,Saarland,Merzig-Wadern
326,A_10043,10,0,43,DEF04,DE,F,0,4,Neunkirchen,,Schleswig-Holstein,Schleswig-Holstein,Schleswig-Holstein,Schleswig-Holstein,"Neumünster, Kreisfreie Stadt"
327,A_10044,10,0,44,DEC04,DE,C,0,4,Saarlouis,,Saarland,Saarland,Saarland,Saarland,Saarlouis
328,A_10045,10,0,45,DEC05,DE,C,0,5,Saarpfalz-Kreis,,Saarland,Saarland,Saarland,Saarland,Saarpfalz-Kreis
329,A_10046,10,0,46,DEC06,DE,C,0,6,St. Wendel,,Saarland,Saarland,Saarland,Saarland,St. Wendel
330,A_11000,11,0,00,DE300,DE,3,0,0,Berlin,Stadt,Berlin,Berlin,Berlin,Berlin,Berlin
331,A_12001,12,0,01,nan,na,n,,,KS Brandenburg/Havel,,,,,,
332,A_12002,12,0,02,nan,na,n,,,KS Cottbus,,,,,,
333,A_12003,12,0,03,nan,na,n,,,KS Eisenhüttenstadt,,,,,,
334,A_12004,12,0,04,nan,na,n,,,KS Frankfurt/Oder,,,,,,
335,A_12005,12,0,05,nan,na,n,,,KS Potsdam,,,,,,
336,A_12006,12,0,06,nan,na,n,,,KS Schwedt/Oder,,,,,,
337,A_12011,12,0,11,nan,na,n,,,Angermünde,,,,,,
338,A_12012,12,0,12,nan,na,n,,,Bad Freienwalde,,,,,,
339,A_12013,12,0,13,nan,na,n,,,Bad Liebenwerda,,,,,,
340,A_12014,12,0,14,nan,na,n,,,Beeskow,,,,,,
341,A_12015,12,0,15,nan,na,n,,,Belzig,,,,,,
342,A_12016,12,0,16,nan,na,n,,,Bernau,,,,,,
343,A_12017,12,0,17,nan,na,n,,,Brandenburg,,,,,,
344,A_12018,12,0,18,nan,na,n,,,Calau,,,,,,
345,A_12019,12,0,19,nan,na,n,,,Cottbus,,,,,,
346,A_12020,12,0,20,nan,na,n,,,Eberswalde,,,,,,
347,A_12021,12,0,21,nan,na,n,,,Eisenhüttenstadt,,,,,,
348,A_12022,12,0,22,nan,na,n,,,Finsterwalde,,,,,,
349,A_12023,12,0,23,nan,na,n,,,Forst,,,,,,
350,A_12024,12,0,24,nan,na,n,,,Fürstenwalde,,,,,,
351,A_12025,12,0,25,nan,na,n,,,Gransee,,,,,,
352,A_12026,12,0,26,nan,na,n,,,Guben,,,,,,
353,A_12027,12,0,27,nan,na,n,,,Herzberg,,,,,,
354,A_12028,12,0,28,nan,na,n,,,Jüterbog,,,,,,
355,A_12029,12,0,29,nan,na,n,,,Königs Wusterhausen,,,,,,
356,A_12030,12,0,30,nan,na,n,,,Kyritz,,,,,,
357,A_12031,12,0,31,nan,na,n,,,Lübben,,,,,,
358,A_12032,12,0,32,nan,na,n,,,Luckau,,,,,,
359,A_12033,12,0,33,nan,na,n,,,Luckenwalde,,,,,,
360,A_12034,12,0,34,nan,na,n,,,Nauen,,,,,,
361,A_12035,12,0,35,nan,na,n,,,Neuruppin,,,,,,
362,A_12036,12,0,36,nan,na,n,,,Oranienburg,,,,,,
363,A_12037,12,0,37,nan,na,n,,,Perleberg,,,,,,
364,A_12038,12,0,38,nan,na,n,,,Potsdam,,,,,,
365,A_12039,12,0,39,nan,na,n,,,Prenzlau,,,,,,
366,A_12040,12,0,40,nan,na,n,,,Pritzwalk,,,,,,
367,A_12041,12,0,41,nan,na,n,,,Rathenow,,,,,,
368,A_12042,12,0,42,nan,na,n,,,Seelow,,,,,,
369,A_12043,12,0,43,nan,na,n,,,Senftenberg,,,,,,
370,A_12044,12,0,44,nan,na,n,,,Spremberg,,,,,,
371,A_12045,12,0,45,nan,na,n,,,Strausberg,,,,,,
372,A_12046,12,0,46,nan,na,n,,,Templin,,,,,,
373,A_12047,12,0,47,nan,na,n,,,Wittstock,,,,,,
374,A_12048,12,0,48,nan,na,n,,,Zossen,,,,,,
375,A_12051,12,0,51,DE401,DE,4,0,1,Brandenburg an der Havel,Stadt,Brandenburg,Brandenburg,Brandenburg,Brandenburg,"Brandenburg an der Havel, Kreisfreie Stadt"
376,A_12052,12,0,52,DE402,DE,4,0,2,Cottbus,Stadt,Brandenburg,Brandenburg,Brandenburg,Brandenburg,"Cottbus, Kreisfreie Stadt"
377,A_12053,12,0,53,DE403,DE,4,0,3,Frankfurt (Oder),Stadt,Brandenburg,Brandenburg,Brandenburg,Brandenburg,"Frankfurt (Oder), Kreisfreie Stadt"
378,A_12054,12,0,54,DE40E,DE,4,0,E,Potsdam,Stadt,Brandenburg,Brandenburg,Brandenburg,Brandenburg,Potsdam-Mittelmark
379,A_12060,12,0,60,DE405,DE,4,0,5,Barnim,,Brandenburg,Brandenburg,Brandenburg,Brandenburg,Barnim
380,A_12061,12,0,61,DE406,DE,4,0,6,Dahme-Spreewald,,Brandenburg,Brandenburg,Brandenburg,Brandenburg,Dahme-Spreewald
381,A_12062,12,0,62,DE407,DE,4,0,7,Elbe-Elster,,Brandenburg,Brandenburg,Brandenburg,Brandenburg,Elbe-Elster
382,A_12063,12,0,63,DE408,DE,4,0,8,Havelland,,Brandenburg,Brandenburg,Brandenburg,Brandenburg,Havelland
383,A_12064,12,0,64,DEA58,DE,A,5,8,Märkisch-Oderland,,Arnsberg,North Rhine-Westphalia,North Rhine-Westphalia,Arnsberg,Märkischer Kreis
384,A_12065,12,0,65,DE40A,DE,4,0,A,Oberhavel,,Brandenburg,Brandenburg,Brandenburg,Brandenburg,Oberhavel
385,A_12066,12,0,66,DE40B,DE,4,0,B,Oberspreewald-Lausitz,,Brandenburg,Brandenburg,Brandenburg,Brandenburg,Oberspreewald-Lausitz
386,A_12067,12,0,67,DE40C,DE,4,0,C,Oder-Spree,,Brandenburg,Brandenburg,Brandenburg,Brandenburg,Oder-Spree
387,A_12068,12,0,68,DE40D,DE,4,0,D,Ostprignitz-Ruppin,,Brandenburg,Brandenburg,Brandenburg,Brandenburg,Ostprignitz-Ruppin
388,A_12069,12,0,69,DE404,DE,4,0,4,Potsdam-Mittelmark,,Brandenburg,Brandenburg,Brandenburg,Brandenburg,"Potsdam, Kreisfreie Stadt"
389,A_12070,12,0,70,DE40F,DE,4,0,F,Prignitz,,Brandenburg,Brandenburg,Brandenburg,Brandenburg,Prignitz
390,A_12071,12,0,71,DE40G,DE,4,0,G,Spree-Neiße,,Brandenburg,Brandenburg,Brandenburg,Brandenburg,Spree-Neiße
391,A_12072,12,0,72,DE40H,DE,4,0,H,Teltow-Fläming,,Brandenburg,Brandenburg,Brandenburg,Brandenburg,Teltow-Fläming
392,A_12073,12,0,73,DE40I,DE,4,0,I,Uckermark,,Brandenburg,Brandenburg,Brandenburg,Brandenburg,Uckermark
393,A_13001,13,0,01,nan,na,n,,,Greifswald,Kreisfreie Stadt,,,,,
394,A_13002,13,0,02,nan,na,n,,,Neubrandenburg,Kreisfreie Stadt,,,,,
395,A_13003,13,0,03,DE803,DE,8,0,3,Rostock,,Mecklenburg-Vorpommern,Mecklenburg-Vorpommern,Mecklenburg-Vorpommern,Mecklenburg-Vorpommern,"Rostock, Kreisfreie Stadt"
396,A_13004,13,0,04,DE804,DE,8,0,4,Schwerin,,Mecklenburg-Vorpommern,Mecklenburg-Vorpommern,Mecklenburg-Vorpommern,Mecklenburg-Vorpommern,"Schwerin, Kreisfreie Stadt"
397,A_13005,13,0,05,nan,na,n,,,Stralsund,Kreisfreie Stadt,,,,,
398,A_13006,13,0,06,nan,na,n,,,Wismar,Kreisfreie Stadt,,,,,
399,A_13011,13,0,11,nan,na,n,,,Altentreptow,,,,,,
400,A_13012,13,0,12,nan,na,n,,,Anklam,,,,,,
401,A_13013,13,0,13,nan,na,n,,,Bad Doberan,,,,,,
402,A_13014,13,0,14,nan,na,n,,,Bützow,,,,,,
403,A_13015,13,0,15,nan,na,n,,,Demmin,,,,,,
404,A_13016,13,0,16,nan,na,n,,,Gadebusch,,,,,,
405,A_13017,13,0,17,nan,na,n,,,Greifswald,,,,,,
406,A_13018,13,0,18,nan,na,n,,,Grevesmühlen,,,,,,
407,A_13019,13,0,19,nan,na,n,,,Grimmen,,,,,,
408,A_13020,13,0,20,nan,na,n,,,Güstrow,,,,,,
409,A_13021,13,0,21,nan,na,n,,,Hagenow,,,,,,
410,A_13022,13,0,22,nan,na,n,,,Ludwigslust,,,,,,
411,A_13023,13,0,23,nan,na,n,,,Lübz,,,,,,
412,A_13024,13,0,24,nan,na,n,,,Malchin,,,,,,
413,A_13025,13,0,25,nan,na,n,,,Neubrandenburg,,,,,,
414,A_13026,13,0,26,nan,na,n,,,Neustrelitz,,,,,,
415,A_13027,13,0,27,nan,na,n,,,Parchim,,,,,,
416,A_13028,13,0,28,nan,na,n,,,Pasewalk,,,,,,
417,A_13029,13,0,29,nan,na,n,,,Ribnitz-Damgarten,,,,,,
418,A_13030,13,0,30,nan,na,n,,,Röbel/Müritz,,,,,,
419,A_13031,13,0,31,nan,na,n,,,Rostock,,,,,,
420,A_13032,13,0,32,nan,na,n,,,Rügen,,,,,,
421,A_13033,13,0,33,nan,na,n,,,Schwerin,,,,,,
422,A_13034,13,0,34,nan,na,n,,,Sternberg,,,,,,
423,A_13035,13,0,35,nan,na,n,,,Stralsund,,,,,,
424,A_13036,13,0,36,nan,na,n,,,Strasburg,,,,,,
425,A_13037,13,0,37,nan,na,n,,,Teterow,,,,,,
426,A_13038,13,0,38,nan,na,n,,,Ueckermünde,,,,,,
427,A_13039,13,0,39,nan,na,n,,,Waren,,,,,,
428,A_13040,13,0,40,nan,na,n,,,Wismar,,,,,,
429,A_13041,13,0,41,nan,na,n,,,Wolgast,,,,,,
430,A_13051,13,0,51,nan,na,n,,,Bad Doberan,,,,,,
431,A_13052,13,0,52,nan,na,n,,,Demmin,,,,,,
432,A_13053,13,0,53,nan,na,n,,,Güstrow,,,,,,
433,A_13054,13,0,54,nan,na,n,,,Ludwigslust,,,,,,
434,A_13055,13,0,55,nan,na,n,,,Mecklenburg-Strelitz,,,,,,
435,A_13056,13,0,56,nan,na,n,,,Müritz,,,,,,
436,A_13057,13,0,57,nan,na,n,,,Nordvorpommern,,,,,,
437,A_13058,13,0,58,nan,na,n,,,Nordwestmecklenburg,,,,,,
438,A_13059,13,0,59,nan,na,n,,,Ostvorpommern,,,,,,
439,A_13060,13,0,60,nan,na,n,,,Parchim,,,,,,
440,A_13061,13,0,61,nan,na,n,,,Rügen,,,,,,
441,A_13062,13,0,62,nan,na,n,,,Uecker-Randow,,,,,,
442,A_13071,13,0,71,DE80J,DE,8,0,J,Mecklenburgische Seenplatte,,Mecklenburg-Vorpommern,Mecklenburg-Vorpommern,Mecklenburg-Vorpommern,Mecklenburg-Vorpommern,Mecklenburgische Seenplatte
443,A_13072,13,0,72,DE80K,DE,8,0,K,Landkreis Rostock,,Mecklenburg-Vorpommern,Mecklenburg-Vorpommern,Mecklenburg-Vorpommern,Mecklenburg-Vorpommern,Landkreis Rostock
444,A_13073,13,0,73,DE80L,DE,8,0,L,Vorpommern-Rügen,,Mecklenburg-Vorpommern,Mecklenburg-Vorpommern,Mecklenburg-Vorpommern,Mecklenburg-Vorpommern,Vorpommern-Rügen
445,A_13074,13,0,74,DE80M,DE,8,0,M,Nordwestmecklenburg,,Mecklenburg-Vorpommern,Mecklenburg-Vorpommern,Mecklenburg-Vorpommern,Mecklenburg-Vorpommern,Nordwestmecklenburg
446,A_13075,13,0,75,DE80N,DE,8,0,N,Vorpommern-Greifswald,,Mecklenburg-Vorpommern,Mecklenburg-Vorpommern,Mecklenburg-Vorpommern,Mecklenburg-Vorpommern,Vorpommern-Greifswald
447,A_13076,13,0,76,DE80O,DE,8,0,O,Ludwigslust-Parchim,,Mecklenburg-Vorpommern,Mecklenburg-Vorpommern,Mecklenburg-Vorpommern,Mecklenburg-Vorpommern,Ludwigslust-Parchim
448,A_14001,14,0,01,nan,na,n,,,KS Chemnitz,,,,,,
449,A_14002,14,0,02,nan,na,n,,,KS Dresden,,,,,,
450,A_14003,14,0,03,nan,na,n,,,KS Görlitz,,,,,,
451,A_14004,14,0,04,nan,na,n,,,KS Leipzig,,,,,,
452,A_14005,14,0,05,nan,na,n,,,KS Plauen,,,,,,
453,A_14006,14,0,06,nan,na,n,,,KS Zwickau,,,,,,
454,A_14011,14,0,11,nan,na,n,,,Annaberg,,,,,,
455,A_14012,14,0,12,nan,na,n,,,Aue,,,,,,
456,A_14013,14,0,13,nan,na,n,,,Auerbach,,,,,,
457,A_14014,14,0,14,nan,na,n,,,Bautzen,,,,,,
458,A_14015,14,0,15,nan,na,n,,,Bischofswerda,,,,,,
459,A_14016,14,0,16,nan,na,n,,,Borna,,,,,,
460,A_14017,14,0,17,nan,na,n,,,Brand-Erbisdorf,,,,,,
461,A_14018,14,0,18,nan,na,n,,,Chemnitz,,,,,,
462,A_14019,14,0,19,nan,na,n,,,Delitzsch,,,,,,
463,A_14020,14,0,20,nan,na,n,,,Dippoldiswalde,,,,,,
464,A_14021,14,0,21,nan,na,n,,,Döbeln,,,,,,
465,A_14022,14,0,22,nan,na,n,,,Dresden,,,,,,
466,A_14023,14,0,23,nan,na,n,,,Eilenburg,,,,,,
467,A_14024,14,0,24,nan,na,n,,,Flöha,,,,,,
468,A_14025,14,0,25,nan,na,n,,,Freiberg,,,,,,
469,A_14026,14,0,26,nan,na,n,,,Freital,,,,,,
470,A_14027,14,0,27,nan,na,n,,,Geithain,,,,,,
471,A_14028,14,0,28,nan,na,n,,,Glauchau,,,,,,
472,A_14029,14,0,29,nan,na,n,,,Görlitz,,,,,,
473,A_14030,14,0,30,nan,na,n,,,Grimma,,,,,,
474,A_14031,14,0,31,nan,na,n,,,Großenhain,,,,,,
475,A_14032,14,0,32,nan,na,n,,,Hainichen,,,,,,
476,A_14033,14,0,33,nan,na,n,,,Hohenstein-Ernstthal,,,,,,
477,A_14034,14,0,34,nan,na,n,,,Hoyerswerda,,,,,,
478,A_14035,14,0,35,nan,na,n,,,Kamenz,,,,,,
479,A_14036,14,0,36,nan,na,n,,,Klingenthal,,,,,,
480,A_14037,14,0,37,nan,na,n,,,Leipzig,,,,,,
481,A_14038,14,0,38,nan,na,n,,,Löbau,,,,,,
482,A_14039,14,0,39,nan,na,n,,,Marienberg,,,,,,
483,A_14040,14,0,40,nan,na,n,,,Meißen,,,,,,
484,A_14041,14,0,41,nan,na,n,,,Niesky,,,,,,
485,A_14042,14,0,42,nan,na,n,,,Oelsnitz,,,,,,
486,A_14043,14,0,43,nan,na,n,,,Oschatz,,,,,,
487,A_14044,14,0,44,nan,na,n,,,Pirna,,,,,,
488,A_14045,14,0,45,nan,na,n,,,Plauen-Land,,,,,,
489,A_14046,14,0,46,nan,na,n,,,Reichenbach,,,,,,
490,A_14047,14,0,47,nan,na,n,,,Riesa,,,,,,
491,A_14048,14,0,48,nan,na,n,,,Rochlitz,,,,,,
492,A_14049,14,0,49,nan,na,n,,,Schwarzenberg,,,,,,
493,A_14050,14,0,50,nan,na,n,,,Sebnitz,,,,,,
494,A_14051,14,0,51,nan,na,n,,,Stollberg,,,,,,
495,A_14052,14,0,52,nan,na,n,,,Torgau,,,,,,
496,A_14053,14,0,53,nan,na,n,,,Weißwasser,,,,,,
497,A_14054,14,0,54,nan,na,n,,,Werdau,,,,,,
498,A_14055,14,0,55,nan,na,n,,,Wurzen,,,,,,
499,A_14056,14,0,56,nan,na,n,,,Zittau,,,,,,
500,A_14057,14,0,57,nan,na,n,,,Zschopau,,,,,,
501,A_14058,14,0,58,nan,na,n,,,Zwickau,,,,,,
502,A_14061,14,0,61,nan,na,n,,,KS Chemnitz,,,,,,
503,A_14062,14,0,62,nan,na,n,,,KS Dresden,,,,,,
504,A_14063,14,0,63,nan,na,n,,,KS Görlitz,,,,,,
505,A_14065,14,0,65,nan,na,n,,,KS Leipzig,,,,,,
506,A_14066,14,0,66,nan,na,n,,,KS Plauen,,,,,,
507,A_14067,14,0,67,nan,na,n,,,KS Zwickau,,,,,,
508,A_14071,14,0,71,nan,na,n,,,Annaberg,,,,,,
509,A_14072,14,0,72,nan,na,n,,,Bautzen,,,,,,
510,A_14073,14,0,73,nan,na,n,,,Chemnitzer Land,,,,,,
511,A_14074,14,0,74,nan,na,n,,,Delitzsch,,,,,,
512,A_14075,14,0,75,nan,na,n,,,Döbeln,,,,,,
513,A_14077,14,0,77,nan,na,n,,,Freiberg,,,,,,
514,A_14079,14,0,79,nan,na,n,,,Leipziger Land,,,,,,
515,A_14080,14,0,80,nan,na,n,,,Meißen,,,,,,
516,A_14081,14,0,81,nan,na,n,,,Mittlerer Erzgebirgskreis,,,,,,
517,A_14082,14,0,82,nan,na,n,,,Mittweida,,,,,,
518,A_14083,14,0,83,nan,na,n,,,Muldentalkreis,,,,,,
519,A_14084,14,0,84,nan,na,n,,,Niederschles. Oberlausitzkreis,,,,,,
520,A_14085,14,0,85,nan,na,n,,,Riesa-Großenhain,,,,,,
521,A_14086,14,0,86,nan,na,n,,,Löbau-Zittau,,,,,,
522,A_14087,14,0,87,nan,na,n,,,Sächsische Schweiz,,,,,,
523,A_14088,14,0,88,nan,na,n,,,Stollberg,,,,,,
524,A_14089,14,0,89,nan,na,n,,,Torgau-Oschatz,,,,,,
525,A_14090,14,0,90,nan,na,n,,,Weißeritzkreis,,,,,,
526,A_14091,14,0,91,nan,na,n,,,Aue-Schwarzenberg,,,,,,
527,A_14092,14,0,92,nan,na,n,,,Kamenz,,,,,,
528,A_14093,14,0,93,nan,na,n,,,Zwickauer Land,,,,,,
529,A_14094,14,0,94,nan,na,n,,,Dresden-Land,,,,,,
530,A_14095,14,0,95,nan,na,n,,,Hoyerswerda,,,,,,
531,A_14161,14,1,61,nan,na,n,,,KS Chemnitz,,,,,,
532,A_14166,14,1,66,nan,na,n,,,KS Plauen,,,,,,
533,A_14167,14,1,67,nan,na,n,,,KS Zwickau,,,,,,
534,A_14171,14,1,71,nan,na,n,,,Annaberg,,,,,,
535,A_14173,14,1,73,nan,na,n,,,Chemnitzer Land,,,,,,
536,A_14177,14,1,77,nan,na,n,,,Freiberg,,,,,,
537,A_14178,14,1,78,nan,na,n,,,Vogtlandkreis,,,,,,
538,A_14181,14,1,81,nan,na,n,,,Mittlerer Erzgebirgskreis,,,,,,
539,A_14182,14,1,82,nan,na,n,,,Mittweida,,,,,,
540,A_14188,14,1,88,nan,na,n,,,Stollberg,,,,,,
541,A_14191,14,1,91,nan,na,n,,,Aue-Schwarzenberg,,,,,,
542,A_14193,14,1,93,nan,na,n,,,Zwickauer Land,,,,,,
543,A_14262,14,2,62,nan,na,n,,,KS Dresden,,,,,,
544,A_14263,14,2,63,nan,na,n,,,KS Görlitz,,,,,,
545,A_14264,14,2,64,nan,na,n,,,KS Hoyerswerda,,,,,,
546,A_14272,14,2,72,nan,na,n,,,Bautzen,,,,,,
547,A_14280,14,2,80,nan,na,n,,,Meißen,,,,,,
548,A_14284,14,2,84,nan,na,n,,,Niederschles. Oberlausitzkreis,,,,,,
549,A_14285,14,2,85,nan,na,n,,,Riesa-Großenhain,,,,,,
550,A_14286,14,2,86,nan,na,n,,,Löbau-Zittau,,,,,,
551,A_14287,14,2,87,nan,na,n,,,Sächsische Schweiz,,,,,,
552,A_14290,14,2,90,nan,na,n,,,Weißeritzkreis,,,,,,
553,A_14292,14,2,92,nan,na,n,,,Kamenz,,,,,,
554,A_14365,14,3,65,nan,na,n,,,KS Leipzig,,,,,,
555,A_14374,14,3,74,nan,na,n,,,Delitzsch,,,,,,
556,A_14375,14,3,75,nan,na,n,,,Döbeln,,,,,,
557,A_14379,14,3,79,nan,na,n,,,Leipziger Land,,,,,,
558,A_14383,14,3,83,nan,na,n,,,Muldentalkreis,,,,,,
559,A_14389,14,3,89,nan,na,n,,,Torgau-Oschatz,,,,,,
560,A_14511,14,5,11,DED41,DE,D,4,1,Chemnitz,Stadt,Chemnitz,Saxony,Saxony,Chemnitz,"Chemnitz, Kreisfreie Stadt"
561,A_14521,14,5,21,DED42,DE,D,4,2,Erzgebirgskreis,,Chemnitz,Saxony,Saxony,Chemnitz,Erzgebirgskreis
562,A_14522,14,5,22,DED43,DE,D,4,3,Mittelsachsen,,Chemnitz,Saxony,Saxony,Chemnitz,Mittelsachsen
563,A_14523,14,5,23,DED44,DE,D,4,4,Vogtlandkreis,,Chemnitz,Saxony,Saxony,Chemnitz,Vogtlandkreis
564,A_14524,14,5,24,DED45,DE,D,4,5,Zwickau,,Chemnitz,Saxony,Saxony,Chemnitz,Zwickau
565,A_14612,14,6,12,DED21,DE,D,2,1,Dresden,Stadt,Dresden,Saxony,Saxony,Dresden,"Dresden, Kreisfreie Stadt"
566,A_14625,14,6,25,DED2C,DE,D,2,C,Bautzen,,Dresden,Saxony,Saxony,Dresden,Bautzen
567,A_14626,14,6,26,DED2D,DE,D,2,D,Görlitz,,Dresden,Saxony,Saxony,Dresden,Görlitz
568,A_14627,14,6,27,DED2E,DE,D,2,E,Meißen,,Dresden,Saxony,Saxony,Dresden,Meißen
569,A_14628,14,6,28,DED2F,DE,D,2,F,Sächsische Schweiz-Osterzgebirge,,Dresden,Saxony,Saxony,Dresden,Sächsische Schweiz-Osterzgebirge
570,A_14713,14,7,13,DED51,DE,D,5,1,Leipzig,Stadt,Leipzig,Saxony,Saxony,Leipzig,"Leipzig, Kreisfreie Stadt"
571,A_14729,14,7,29,DED52,DE,D,5,2,Leipzig,,Leipzig,Saxony,Saxony,Leipzig,Leipzig
572,A_14730,14,7,30,DED53,DE,D,5,3,Nordsachsen,,Leipzig,Saxony,Saxony,Leipzig,Nordsachsen
573,A_15001,15,0,01,DEE01,DE,E,0,1,Dessau-Roßlau,Stadt,Sachsen-Anhalt,Saxony-Anhalt,Saxony-Anhalt,Sachsen-Anhalt,"Dessau-Roßlau, Kreisfreie Stadt"
574,A_15002,15,0,02,DEE02,DE,E,0,2,Halle (Saale),Stadt,Sachsen-Anhalt,Saxony-Anhalt,Saxony-Anhalt,Sachsen-Anhalt,"Halle (Saale), Kreisfreie Stadt"
575,A_15003,15,0,03,DEE03,DE,E,0,3,Magdeburg,Landeshauptstadt,Sachsen-Anhalt,Saxony-Anhalt,Saxony-Anhalt,Sachsen-Anhalt,"Magdeburg, Kreisfreie Stadt"
576,A_15011,15,0,11,nan,na,n,,,,,,,,,
577,A_15012,15,0,12,nan,na,n,,,,,,,,,
578,A_15013,15,0,13,nan,na,n,,,,,,,,,
579,A_15014,15,0,14,nan,na,n,,,,,,,,,
580,A_15015,15,0,15,nan,na,n,,,,,,,,,
581,A_15016,15,0,16,nan,na,n,,,,,,,,,
582,A_15017,15,0,17,nan,na,n,,,,,,,,,
583,A_15018,15,0,18,nan,na,n,,,,,,,,,
584,A_15019,15,0,19,nan,na,n,,,,,,,,,
585,A_15020,15,0,20,nan,na,n,,,,,,,,,
586,A_15021,15,0,21,nan,na,n,,,,,,,,,
587,A_15022,15,0,22,nan,na,n,,,,,,,,,
588,A_15023,15,0,23,nan,na,n,,,,,,,,,
589,A_15024,15,0,24,nan,na,n,,,,,,,,,
590,A_15025,15,0,25,nan,na,n,,,,,,,,,
591,A_15026,15,0,26,nan,na,n,,,,,,,,,
592,A_15027,15,0,27,nan,na,n,,,,,,,,,
593,A_15028,15,0,28,nan,na,n,,,,,,,,,
594,A_15029,15,0,29,nan,na,n,,,,,,,,,
595,A_15030,15,0,30,nan,na,n,,,,,,,,,
596,A_15031,15,0,31,nan,na,n,,,,,,,,,
597,A_15032,15,0,32,nan,na,n,,,,,,,,,
598,A_15033,15,0,33,nan,na,n,,,,,,,,,
599,A_15034,15,0,34,nan,na,n,,,,,,,,,
600,A_15035,15,0,35,nan,na,n,,,,,,,,,
601,A_15036,15,0,36,nan,na,n,,,,,,,,,
602,A_15037,15,0,37,nan,na,n,,,,,,,,,
603,A_15038,15,0,38,nan,na,n,,,,,,,,,
604,A_15039,15,0,39,nan,na,n,,,,,,,,,
605,A_15040,15,0,40,nan,na,n,,,,,,,,,
606,A_15041,15,0,41,nan,na,n,,,,,,,,,
607,A_15042,15,0,42,nan,na,n,,,,,,,,,
608,A_15043,15,0,43,nan,na,n,,,,,,,,,
609,A_15044,15,0,44,nan,na,n,,,,,,,,,
610,A_15045,15,0,45,nan,na,n,,,,,,,,,
611,A_15046,15,0,46,nan,na,n,,,,,,,,,
612,A_15047,15,0,47,nan,na,n,,,,,,,,,
613,A_15081,15,0,81,DEE04,DE,E,0,4,Altmarkkreis Salzwedel,,Sachsen-Anhalt,Saxony-Anhalt,Saxony-Anhalt,Sachsen-Anhalt,Altmarkkreis Salzwedel
614,A_15082,15,0,82,DEE05,DE,E,0,5,Anhalt-Bitterfeld,,Sachsen-Anhalt,Saxony-Anhalt,Saxony-Anhalt,Sachsen-Anhalt,Anhalt-Bitterfeld
615,A_15083,15,0,83,DEE07,DE,E,0,7,Börde,,Sachsen-Anhalt,Saxony-Anhalt,Saxony-Anhalt,Sachsen-Anhalt,Börde
616,A_15084,15,0,84,DEE08,DE,E,0,8,Burgenlandkreis,,Sachsen-Anhalt,Saxony-Anhalt,Saxony-Anhalt,Sachsen-Anhalt,Burgenlandkreis
617,A_15085,15,0,85,DEE09,DE,E,0,9,Harz,,Sachsen-Anhalt,Saxony-Anhalt,Saxony-Anhalt,Sachsen-Anhalt,Harz
618,A_15086,15,0,86,DEE06,DE,E,0,6,Jerichower Land,,Sachsen-Anhalt,Saxony-Anhalt,Saxony-Anhalt,Sachsen-Anhalt,Jerichower Land
619,A_15087,15,0,87,DEE0A,DE,E,0,A,Mansfeld-Südharz,,Sachsen-Anhalt,Saxony-Anhalt,Saxony-Anhalt,Sachsen-Anhalt,Mansfeld-Südharz
620,A_15088,15,0,88,DEG0K,DE,G,0,K,Saalekreis,,Thüringen,Thuringia,Thuringia,Thüringen,Saale-Orla-Kreis
621,A_15089,15,0,89,DEE0C,DE,E,0,C,Salzlandkreis,,Sachsen-Anhalt,Saxony-Anhalt,Saxony-Anhalt,Sachsen-Anhalt,Salzlandkreis
622,A_15090,15,0,90,DEE0D,DE,E,0,D,Stendal,,Sachsen-Anhalt,Saxony-Anhalt,Saxony-Anhalt,Sachsen-Anhalt,Stendal
623,A_15091,15,0,91,DEE0E,DE,E,0,E,Wittenberg,,Sachsen-Anhalt,Saxony-Anhalt,Saxony-Anhalt,Sachsen-Anhalt,Wittenberg
624,A_15101,15,1,01,nan,na,n,,,KS Dessau,,,,,,
625,A_15112,15,1,12,nan,na,n,,,Bernburg,,,,,,
626,A_15113,15,1,13,nan,na,n,,,Bitterfeld,,,,,,
627,A_15118,15,1,18,nan,na,n,,,Gräfenhainichen,,,,,,
628,A_15124,15,1,24,nan,na,n,,,Jessen,,,,,,
629,A_15126,15,1,26,nan,na,n,,,Köthen,,,,,,
630,A_15134,15,1,34,nan,na,n,,,Roßlau,,,,,,
631,A_15144,15,1,44,nan,na,n,,,Wittenberg,,,,,,
632,A_15147,15,1,47,nan,na,n,,,Zerbst,,,,,,
633,A_15151,15,1,51,nan,na,n,,,Anhalt-Zerbst,,,,,,
634,A_15153,15,1,53,nan,na,n,,,Bernburg,,,,,,
635,A_15154,15,1,54,nan,na,n,,,Bitterfeld,,,,,,
636,A_15159,15,1,59,nan,na,n,,,Köthen,,,,,,
637,A_15171,15,1,71,nan,na,n,,,Wittenberg,,,,,,
638,A_15202,15,2,02,nan,na,n,,,KS Halle/Saale,,,,,,
639,A_15211,15,2,11,nan,na,n,,,Aschersleben,,,,,,
640,A_15215,15,2,15,nan,na,n,,,Eisleben,,,,,,
641,A_15222,15,2,22,nan,na,n,,,Hettstedt,,,,,,
642,A_15223,15,2,23,nan,na,n,,,Hohenmölsen,,,,,,
643,A_15227,15,2,27,nan,na,n,,,Merseburg,,,,,,
644,A_15228,15,2,28,nan,na,n,,,Naumburg,,,,,,
645,A_15229,15,2,29,nan,na,n,,,Nebra,,,,,,
646,A_15233,15,2,33,nan,na,n,,,Querfurt,,,,,,
647,A_15235,15,2,35,nan,na,n,,,Saalkreis,,,,,,
648,A_15237,15,2,37,nan,na,n,,,Sangerhausen,,,,,,
649,A_15242,15,2,42,nan,na,n,,,Weißenfels,,,,,,
650,A_15246,15,2,46,nan,na,n,,,Zeitz,,,,,,
651,A_15256,15,2,56,nan,na,n,,,Burgenlandkreis,,,,,,
652,A_15260,15,2,60,nan,na,n,,,Mansfelder Land,,,,,,
653,A_15261,15,2,61,nan,na,n,,,Merseburg-Querfurt,,,,,,
654,A_15265,15,2,65,nan,na,n,,,Saalkreis,,,,,,
655,A_15266,15,2,66,nan,na,n,,,Sangerhausen,,,,,,
656,A_15268,15,2,68,nan,na,n,,,Weißenfels,,,,,,
657,A_15303,15,3,03,nan,na,n,,,KS Magdeburg,Landeshauptstad,,,,,
658,A_15314,15,3,14,nan,na,n,,,Burg,,,,,,
659,A_15316,15,3,16,nan,na,n,,,Gardelegen,,,,,,
660,A_15317,15,3,17,nan,na,n,,,Genthin,,,,,,
661,A_15319,15,3,19,nan,na,n,,,Halberstadt,,,,,,
662,A_15320,15,3,20,nan,na,n,,,Haldensleben,,,,,,
663,A_15321,15,3,21,nan,na,n,,,Havelberg,,,,,,
664,A_15325,15,3,25,nan,na,n,,,Klötze,,,,,,
665,A_15330,15,3,30,nan,na,n,,,Oschersleben,,,,,,
666,A_15331,15,3,31,nan,na,n,,,Osterburg,,,,,,
667,A_15332,15,3,32,nan,na,n,,,Quedlinburg,,,,,,
668,A_15336,15,3,36,nan,na,n,,,Salzwedel,,,,,,
669,A_15338,15,3,38,nan,na,n,,,Schönebeck,,,,,,
670,A_15339,15,3,39,nan,na,n,,,Staßfurt,,,,,,
671,A_15340,15,3,40,nan,na,n,,,Stendal,,,,,,
672,A_15341,15,3,41,nan,na,n,,,Wanzleben,,,,,,
673,A_15343,15,3,43,nan,na,n,,,Wernigerode,,,,,,
674,A_15345,15,3,45,nan,na,n,,,Wolmirstedt,,,,,,
675,A_15352,15,3,52,nan,na,n,,,Aschersleben-Staßfurt,,,,,,
676,A_15355,15,3,55,nan,na,n,,,Bördekreis,,,,,,
677,A_15357,15,3,57,nan,na,n,,,Halberstadt,,,,,,
678,A_15358,15,3,58,nan,na,n,,,Jerichower Land,,,,,,
679,A_15362,15,3,62,nan,na,n,,,Ohre-Kreis,,,,,,
680,A_15363,15,3,63,nan,na,n,,,Stendal,,,,,,
681,A_15364,15,3,64,nan,na,n,,,Quedlinburg,,,,,,
682,A_15367,15,3,67,nan,na,n,,,Schönebeck,,,,,,
683,A_15369,15,3,69,nan,na,n,,,Wernigerode,,,,,,
684,A_15370,15,3,70,nan,na,n,,,Altmarkkreis Salzwedel,,,,,,
685,A_16001,16,0,01,nan,na,n,,,KS Erfurt,,,,,,
686,A_16002,16,0,02,nan,na,n,,,KS Gera,,,,,,
687,A_16003,16,0,03,nan,na,n,,,KS Jena,,,,,,
688,A_16004,16,0,04,nan,na,n,,,KS Suhl,,,,,,
689,A_16005,16,0,05,nan,na,n,,,KS Weimar,,,,,,
690,A_16011,16,0,11,nan,na,n,,,Altenburg,,,,,,
691,A_16012,16,0,12,nan,na,n,,,Apolda,,,,,,
692,A_16013,16,0,13,nan,na,n,,,Arnstadt,,,,,,
693,A_16014,16,0,14,nan,na,n,,,Artern,,,,,,
694,A_16015,16,0,15,nan,na,n,,,Bad Salzungen,,,,,,
695,A_16016,16,0,16,nan,na,n,,,Eisenach,,,,,,
696,A_16017,16,0,17,nan,na,n,,,Eisenberg,,,,,,
697,A_16018,16,0,18,nan,na,n,,,Erfurt,,,,,,
698,A_16019,16,0,19,nan,na,n,,,Gera,,,,,,
699,A_16020,16,0,20,nan,na,n,,,Gotha,,,,,,
700,A_16021,16,0,21,nan,na,n,,,Greiz,,,,,,
701,A_16022,16,0,22,nan,na,n,,,Heiligenstadt,,,,,,
702,A_16023,16,0,23,nan,na,n,,,Hildburghausen,,,,,,
703,A_16024,16,0,24,nan,na,n,,,Ilmenau,,,,,,
704,A_16025,16,0,25,nan,na,n,,,Jena,,,,,,
705,A_16026,16,0,26,nan,na,n,,,Langensalza,,,,,,
706,A_16027,16,0,27,nan,na,n,,,Lobenstein,,,,,,
707,A_16028,16,0,28,nan,na,n,,,Meiningen,,,,,,
708,A_16029,16,0,29,nan,na,n,,,Mühlhausen,,,,,,
709,A_16030,16,0,30,nan,na,n,,,Neuhaus am Rennweg,,,,,,
710,A_16031,16,0,31,nan,na,n,,,Nordhausen,,,,,,
711,A_16032,16,0,32,nan,na,n,,,Pößneck,,,,,,
712,A_16033,16,0,33,nan,na,n,,,Rudolstadt,,,,,,
713,A_16034,16,0,34,nan,na,n,,,Saalfeld,,,,,,
714,A_16035,16,0,35,nan,na,n,,,Schleiz,,,,,,
715,A_16036,16,0,36,nan,na,n,,,Schmalkalden,,,,,,
716,A_16037,16,0,37,nan,na,n,,,Schmölln,,,,,,
717,A_16038,16,0,38,nan,na,n,,,Sömmerda,,,,,,
718,A_16039,16,0,39,nan,na,n,,,Sondershausen,,,,,,
719,A_16040,16,0,40,nan,na,n,,,Sonneberg,,,,,,
720,A_16041,16,0,41,nan,na,n,,,Stadtroda,,,,,,
721,A_16042,16,0,42,nan,na,n,,,Suhl,,,,,,
722,A_16043,16,0,43,nan,na,n,,,Weimar,,,,,,
723,A_16044,16,0,44,nan,na,n,,,Worbis,,,,,,
724,A_16045,16,0,45,nan,na,n,,,Zeulenroda,,,,,,
725,A_16051,16,0,51,DEG01,DE,G,0,1,Erfurt,Stadt,Thüringen,Thuringia,Thuringia,Thüringen,"Erfurt, Kreisfreie Stadt"
726,A_16052,16,0,52,DEG02,DE,G,0,2,Gera,Stadt,Thüringen,Thuringia,Thuringia,Thüringen,"Gera, Kreisfreie Stadt"
727,A_16053,16,0,53,DEG03,DE,G,0,3,Jena,Stadt,Thüringen,Thuringia,Thuringia,Thüringen,"Jena, Kreisfreie Stadt"
728,A_16054,16,0,54,DEG0S,DE,G,0,S,Suhl,Stadt,Thüringen,Thuringia,Thuringia,Thüringen,"Suhl, Kreisfreie Stadt"
729,A_16055,16,0,55,DEG05,DE,G,0,5,Weimar,Stadt,Thüringen,Thuringia,Thuringia,Thüringen,"Weimar, Kreisfreie Stadt"
730,A_16056,16,0,56,nan,na,n,,,Eisenach,Stadt,,,,,
731,A_16061,16,0,61,DEG06,DE,G,0,6,Eichsfeld,,Thüringen,Thuringia,Thuringia,Thüringen,Eichsfeld
732,A_16062,16,0,62,DEG07,DE,G,0,7,Nordhausen,,Thüringen,Thuringia,Thuringia,Thüringen,Nordhausen
733,A_16063,16,0,63,DEG0R,DE,G,0,R,Wartburgkreis,,Thüringen,Thuringia,Thuringia,Thüringen,Wartburgkreis
734,A_16064,16,0,64,DEG09,DE,G,0,9,Unstrut-Hainich-Kreis,,Thüringen,Thuringia,Thuringia,Thüringen,Unstrut-Hainich-Kreis
735,A_16065,16,0,65,DEG0A,DE,G,0,A,Kyffhäuserkreis,,Thüringen,Thuringia,Thuringia,Thüringen,Kyffhäuserkreis
736,A_16066,16,0,66,DEG0Q,DE,G,0,Q,Schmalkalden-Meiningen,,Thüringen,Thuringia,Thuringia,Thüringen,Schmalkalden-Meiningen
737,A_16067,16,0,67,DEG0C,DE,G,0,C,Gotha,,Thüringen,Thuringia,Thuringia,Thüringen,Gotha
738,A_16068,16,0,68,DEG0D,DE,G,0,D,Sömmerda,,Thüringen,Thuringia,Thuringia,Thüringen,Sömmerda
739,A_16069,16,0,69,DEG0E,DE,G,0,E,Hildburghausen,,Thüringen,Thuringia,Thuringia,Thüringen,Hildburghausen
740,A_16070,16,0,70,DEG0T,DE,G,0,T,Ilm-Kreis,,Thüringen,Thuringia,Thuringia,Thüringen,Ilm-Kreis
741,A_16071,16,0,71,DEG0G,DE,G,0,G,Weimarer Land,,Thüringen,Thuringia,Thuringia,Thüringen,Weimarer Land
742,A_16072,16,0,72,DEG0V,DE,G,0,V,Sonneberg,,Thüringen,Thuringia,Thuringia,Thüringen,Sonneberg
743,A_16073,16,0,73,DEG0U,DE,G,0,U,Saalfeld-Rudolstadt,,Thüringen,Thuringia,Thuringia,Thüringen,Saalfeld-Rudolstadt
744,A_16074,16,0,74,DEG0J,DE,G,0,J,Saale-Holzland-Kreis,,Thüringen,Thuringia,Thuringia,Thüringen,Saale-Holzland-Kreis
745,A_16075,16,0,75,DEE0B,DE,E,0,B,Saale-Orla-Kreis,,Sachsen-Anhalt,Saxony-Anhalt,Saxony-Anhalt,Sachsen-Anhalt,Saalekreis
746,A_16076,16,0,76,DEG0L,DE,G,0,L,Greiz,,Thüringen,Thuringia,Thuringia,Thüringen,Greiz
747,A_16077,16,0,77,DEG0M,DE,G,0,M,Altenburger Land,,Thüringen,Thuringia,Thuringia,Thüringen,Altenburger Land
