,teryt_code,eligible_voters,issued_ballots,cdu,spd,linke,gruene,csu,fdp,afd,piraten,npd,freiewahler,tierschutz,oedp,partei,bp,volksabstimmung,pdv,mlpd,bueso,sgp,rechte,addemokraten,tierschutzallianz,bstern,bge,dib,dkp,dm,grauen,du,mg,menschliche,humanisten,gesundheitsforschung,vpartei3
0,A_01001,70105,49694,13382,12142,5699,7416,0,5073,3702,0,108,250,0,100,957,0,0,0,20,0,0,0,0,0,0,422,0,0,0,0,0,0,0,0,0,0
1,A_01002,186988,138481,35525,33093,14699,23995,0,15697,9524,0,237,488,0,322,3046,0,0,0,143,0,0,0,0,0,0,599,0,0,0,0,0,0,0,0,0,0
2,A_01003,166673,118981,34108,30109,11431,15223,0,12666,10461,0,320,981,0,238,1737,0,0,0,158,0,0,0,0,0,0,447,0,0,0,0,0,0,0,0,0,0
3,A_01004,60378,40325,12407,10252,2831,4179,0,4830,4124,0,254,247,0,60,453,0,0,0,31,0,0,0,0,0,0,193,0,0,0,0,0,0,0,0,0,0
4,A_01051,107148,78004,28400,18087,4764,6222,0,11263,6626,0,233,573,0,76,768,0,0,0,39,0,0,0,0,0,0,286,0,0,0,0,0,0,0,0,0,0
5,A_01053,151988,117615,39942,26812,7733,12222,0,14922,11929,0,358,884,0,285,1311,0,0,0,41,0,0,0,0,0,0,295,0,0,0,0,0,0,0,0,0,0
6,A_01054,131595,99133,38063,21878,6177,11904,0,12384,5710,0,202,580,0,137,979,0,0,0,44,0,0,0,0,0,0,290,0,0,0,0,0,0,0,0,0,0
7,A_01055,165689,125799,44414,30908,7520,12120,0,16608,10553,0,271,798,0,156,1074,0,0,0,35,0,0,0,0,0,0,284,0,0,0,0,0,0,0,0,0,0
8,A_01056,238533,187715,63863,42729,13111,21336,0,24735,15977,0,446,954,0,428,2200,0,0,0,52,0,0,0,0,0,0,541,0,0,0,0,0,0,0,0,0,0
9,A_01057,104905,84179,28555,19342,5277,11387,0,10712,6418,0,201,445,0,115,821,0,0,0,30,0,0,0,0,0,0,198,0,0,0,0,0,0,0,0,0,0
10,A_01058,218493,172146,61796,38881,10809,21485,0,21178,12558,0,320,1083,0,260,1922,0,0,0,59,0,0,0,0,0,0,617,0,0,0,0,0,0,0,0,0,0
11,A_01059,158366,122220,44938,28246,8303,14888,0,13882,7951,0,241,945,0,197,1143,0,0,0,39,0,0,0,0,0,0,421,0,0,0,0,0,0,0,0,0,0
12,A_01060,211659,163157,57040,36025,10982,17007,0,21924,14571,0,444,1375,0,308,1788,0,0,0,70,0,0,0,0,0,0,419,0,0,0,0,0,0,0,0,0,0
13,A_01061,105066,79237,28317,18064,5467,8346,0,9693,6466,0,288,609,0,122,891,0,0,0,32,0,0,0,0,0,0,244,0,0,0,0,0,0,0,0,0,0
14,A_01062,188426,152508,52385,32937,9875,17741,0,21277,13792,0,287,883,0,312,1642,0,0,0,30,0,0,0,0,0,0,414,0,0,0,0,0,0,0,0,0,0
15,A_02000,1296656,984926,266312,229862,119076,136371,0,105610,76511,0,1799,3458,8813,2778,15388,0,0,0,688,0,0,0,0,0,0,4573,4199,511,0,0,0,0,0,0,0,2169
16,A_03101,192041,147712,42534,38695,13673,17295,0,14684,12268,905,308,413,1423,223,2698,0,0,0,130,0,0,0,0,0,0,394,390,30,298,0,0,0,0,0,0,296
17,A_03102,73810,52929,13614,17567,4295,2525,0,3471,8599,255,282,190,529,40,524,0,0,0,33,0,0,0,0,0,0,75,64,19,178,0,0,0,0,0,0,53
18,A_03103,89886,66383,22448,18983,4752,4058,0,5433,7684,330,170,187,536,125,608,0,0,0,51,0,0,0,0,0,0,54,75,25,172,0,0,0,0,0,0,88
19,A_03151,135685,104823,37617,28356,6142,7353,0,9034,11877,401,281,371,996,93,830,0,0,0,48,0,0,0,0,0,0,96,110,6,205,0,0,0,0,0,0,180
20,A_03153,109372,80917,24948,25560,5625,4974,0,7300,8943,265,283,248,840,65,682,0,0,0,20,0,0,0,0,0,0,99,82,17,247,0,0,0,0,0,0,104
21,A_03154,73708,54912,18892,16930,3444,3135,0,4311,5387,200,405,197,586,52,487,0,0,0,25,0,0,0,0,0,0,73,47,10,79,0,0,0,0,0,0,79
22,A_03155,108355,81737,26385,27031,4630,5513,0,7177,7719,209,345,271,776,52,593,0,0,0,13,0,0,0,0,0,0,102,96,13,108,0,0,0,0,0,0,70
23,A_03157,103238,80046,24647,26916,4878,5612,0,6214,8203,324,230,281,780,51,758,0,0,0,55,0,0,0,0,0,0,123,94,12,187,0,0,0,0,0,0,106
24,A_03158,96897,77351,24161,23383,5435,6214,0,6992,7584,338,222,262,788,63,844,0,0,0,38,0,0,0,0,0,0,97,105,10,183,0,0,0,0,0,0,102
25,A_03159,255274,196220,59462,56668,16165,21271,0,17504,15776,869,541,1159,1697,174,1990,0,0,0,83,0,0,0,0,0,0,445,347,74,305,0,0,0,0,0,0,264
26,A_03241,846165,653981,194416,178553,53488,68996,0,65187,61225,3325,1344,2416,5636,665,7863,0,0,0,330,0,0,0,0,0,0,1354,1307,299,1916,0,0,0,0,0,0,1012
27,A_03251,169438,129956,48595,32722,8034,10570,0,13800,10867,419,313,580,1204,204,985,0,0,0,21,0,0,0,0,0,0,230,143,17,177,0,0,0,0,0,0,173
28,A_03252,116772,87102,28191,26159,6274,6538,0,7444,9114,374,225,247,822,72,560,0,0,0,25,0,0,0,0,0,0,106,84,16,101,0,0,0,0,0,0,119
29,A_03254,218349,169613,54871,52077,10932,14806,0,13876,15695,593,468,453,1693,150,1445,0,0,0,56,0,0,0,0,0,0,320,304,32,305,0,0,0,0,0,0,221
30,A_03255,56413,42094,12956,14191,2241,2778,0,4248,4012,145,137,120,370,25,264,0,0,0,7,0,0,0,0,0,0,68,32,8,49,0,0,0,0,0,0,51
31,A_03256,94684,69420,25803,19267,3605,5593,0,5840,6760,241,202,240,529,49,430,0,0,0,22,0,0,0,0,0,0,103,68,6,112,0,0,0,0,0,0,65
32,A_03257,124612,95595,31331,28823,5601,7660,0,8305,9752,361,257,317,1087,85,755,0,0,0,31,0,0,0,0,0,0,116,122,15,195,0,0,0,0,0,0,130
33,A_03351,139291,104899,38534,25222,5683,7522,0,11280,12234,280,286,672,909,80,943,0,0,0,41,0,0,0,0,0,0,126,118,13,160,0,0,0,0,0,0,105
34,A_03352,158327,119766,45137,33069,8074,8378,0,9638,10597,343,326,779,1157,95,780,0,0,0,23,0,0,0,0,0,0,123,82,15,151,0,0,0,0,0,0,121
35,A_03353,199081,161837,57815,35377,10117,16410,0,18839,16047,475,358,1340,1632,198,1238,0,0,0,35,0,0,0,0,0,0,209,240,31,201,0,0,0,0,0,0,293
36,A_03354,39216,29077,9507,6945,2836,3849,0,2226,2241,89,68,119,314,24,289,0,0,0,17,0,0,0,0,0,0,200,53,11,29,0,0,0,0,0,0,36
37,A_03355,141649,111923,34354,25920,9869,15057,0,10733,10257,397,327,433,1192,226,1098,0,0,0,19,0,0,0,0,0,0,681,259,25,234,0,0,0,0,0,0,205
38,A_03356,90283,70773,24072,18872,5746,6296,0,6023,6737,233,174,302,711,68,552,0,0,0,20,0,0,0,0,0,0,117,123,7,125,0,0,0,0,0,0,82
39,A_03357,128993,99273,40479,24686,5722,7933,0,8456,7961,306,353,632,802,76,681,0,0,0,26,0,0,0,0,0,0,129,138,12,129,0,0,0,0,0,0,111
40,A_03358,108680,81721,30538,22812,4498,5913,0,6732,7872,256,297,375,760,81,528,0,0,0,15,0,0,0,0,0,0,114,66,5,142,0,0,0,0,0,0,83
41,A_03359,157077,121081,44796,29928,7813,10064,0,11894,11404,546,422,669,1099,107,925,0,0,0,25,0,0,0,0,0,0,247,148,21,171,0,0,0,0,0,0,132
42,A_03360,75321,57246,20324,15677,3614,4956,0,5054,5320,196,152,216,527,65,388,0,0,0,8,0,0,0,0,0,0,91,58,9,72,0,0,0,0,0,0,71
43,A_03361,105853,82263,28963,21175,5309,7756,0,7441,7938,327,180,329,734,57,700,0,0,0,15,0,0,0,0,0,0,226,105,12,159,0,0,0,0,0,0,112
44,A_03401,57062,40108,12137,11689,3139,2610,0,3320,5185,188,132,245,411,46,332,0,0,0,12,0,0,0,0,0,0,54,42,10,86,0,0,0,0,0,0,53
45,A_03402,38327,27387,6104,10369,2698,2311,0,1928,2707,128,69,142,220,15,231,0,0,0,17,0,0,0,0,0,0,45,36,18,41,0,0,0,0,0,0,31
46,A_03403,129052,100550,26893,25590,11559,15112,0,9514,6678,457,175,379,836,216,1366,0,0,0,59,0,0,0,0,0,0,288,211,44,173,0,0,0,0,0,0,257
47,A_03404,123090,93416,29701,22230,9232,13094,0,9243,5769,519,124,210,614,133,1050,0,0,0,21,0,0,0,0,0,0,284,207,56,160,0,0,0,0,0,0,163
48,A_03405,62279,43882,12962,13015,3756,3107,0,3904,4613,128,132,430,464,32,525,0,0,0,40,0,0,0,0,0,0,59,45,15,57,0,0,0,0,0,0,44
49,A_03451,97201,75417,26524,19924,4792,6709,0,8622,5947,225,161,308,621,202,471,0,0,0,18,0,0,0,0,0,0,84,87,13,91,0,0,0,0,0,0,75
50,A_03452,153214,115289,33448,42984,7444,8192,0,8151,10170,440,288,618,942,62,730,0,0,0,18,0,0,0,0,0,0,146,87,17,95,0,0,0,0,0,0,129
51,A_03453,119275,86814,45241,16070,3958,3806,0,7558,7808,191,183,245,429,44,351,0,0,0,10,0,0,0,0,0,0,53,49,9,102,0,0,0,0,0,0,70
52,A_03454,237596,184053,96251,37073,8040,9974,0,16343,11529,399,330,329,960,114,1020,0,0,0,35,0,0,0,0,0,0,149,139,11,161,0,0,0,0,0,0,126
53,A_03455,81078,61620,20099,18674,4108,4797,0,6135,5013,164,150,324,658,38,488,0,0,0,39,0,0,0,0,0,0,73,47,11,79,0,0,0,0,0,0,82
54,A_03456,97190,75008,33347,20899,3607,4660,0,6610,3918,149,93,102,389,159,420,0,0,0,10,0,0,0,0,0,0,46,52,21,50,0,0,0,0,0,0,50
55,A_03457,130599,97092,32885,32205,5979,6427,0,6857,8874,328,283,253,775,92,903,0,0,0,20,0,0,0,0,0,0,100,90,16,79,0,0,0,0,0,0,73
56,A_03458,100619,79306,27808,19696,5192,7113,0,9149,7019,254,153,599,671,71,611,0,0,0,17,0,0,0,0,0,0,122,76,14,130,0,0,0,0,0,0,124
57,A_03459,272761,209993,85013,53635,12683,17605,0,19669,14670,673,409,515,1277,159,1213,0,0,0,26,0,0,0,0,0,0,323,197,50,240,0,0,0,0,0,0,197
58,A_03460,100767,76855,41060,12800,3187,4401,0,7740,5337,190,125,285,374,66,517,0,0,0,11,0,0,0,0,0,0,38,56,9,79,0,0,0,0,0,0,64
59,A_03461,70015,50780,16581,16237,3236,3802,0,4607,4188,163,164,250,416,37,359,0,0,0,17,0,0,0,0,0,0,59,39,12,92,0,0,0,0,0,0,50
60,A_03462,45987,33651,12037,10518,1874,2080,0,2919,2864,85,107,126,301,20,203,0,0,0,14,0,0,0,0,0,0,43,29,4,41,0,0,0,0,0,0,24
61,A_04011,393286,284098,70450,73173,38787,32731,0,27189,26851,1594,585,967,0,0,4775,0,0,0,226,0,0,0,0,0,0,1689,0,164,504,0,0,0,716,0,0,885
62,A_04012,80865,51821,12959,15771,5842,4002,0,3867,6393,364,278,227,0,0,736,0,0,0,47,0,0,0,0,0,0,115,0,10,103,0,0,0,189,0,0,134
63,A_05111,413939,316546,95658,66711,28786,31527,0,55217,24997,1248,450,681,2122,264,3006,0,217,0,237,0,23,0,973,0,0,394,597,88,343,0,0,0,0,267,250,400
64,A_05112,328202,225342,53576,72620,18915,12337,0,20860,29343,1405,1033,556,2178,167,2291,0,209,0,422,0,39,0,4019,0,0,226,244,85,245,0,0,0,0,138,234,266
65,A_05113,419680,310235,84119,87154,25249,23468,0,38675,35155,1298,788,640,2930,323,3443,0,325,0,370,0,25,0,1494,0,0,339,498,204,279,0,0,0,0,200,324,403
66,A_05114,163278,116789,36907,28787,9393,8968,0,16920,9569,546,254,267,857,100,1319,0,97,0,96,0,5,0,869,0,0,183,131,34,147,0,0,0,0,44,99,117
67,A_05116,190552,132006,46786,30547,9627,8169,0,17946,12373,582,350,279,1100,110,1280,0,126,0,85,0,6,0,613,0,0,130,142,22,111,0,0,0,0,91,118,243
68,A_05117,124310,96328,27160,27003,7395,7055,0,13313,10119,384,158,165,811,74,806,0,74,0,113,0,23,0,375,0,0,83,102,35,81,0,0,0,0,53,69,121
69,A_05119,152264,109648,28171,36209,8978,5678,0,10346,14226,602,403,257,1088,114,1000,0,128,0,112,0,15,0,604,0,0,99,105,22,86,0,0,0,0,72,104,112
70,A_05120,77247,55557,17467,14226,3991,3479,0,7350,5847,265,130,122,452,55,495,0,44,0,21,0,5,0,688,0,0,50,41,8,89,0,0,0,0,38,65,49
71,A_05122,112624,81991,25465,20151,6609,6076,0,11710,7874,409,157,155,660,86,657,0,77,0,69,0,11,0,498,0,0,91,102,9,119,0,0,0,0,53,83,101
72,A_05124,241103,176421,47727,45062,18189,14925,0,22324,18931,939,423,374,1484,206,1683,0,154,0,210,0,14,0,844,0,0,227,270,50,293,0,0,0,0,162,160,186
73,A_05154,226096,169057,69700,39316,9366,10098,0,22687,11621,560,330,614,1170,157,969,0,125,0,63,0,5,0,56,0,0,135,165,15,120,0,0,0,0,73,142,171
74,A_05158,368473,285811,94727,67088,18674,20395,0,45448,26979,1337,518,638,2480,298,1893,0,270,0,132,0,30,0,1064,0,0,245,299,37,307,0,0,0,0,163,276,307
75,A_05162,334133,257790,94615,56021,14876,16283,0,43062,21918,1063,490,775,1886,278,1853,0,203,0,109,0,18,0,973,0,0,225,327,36,217,0,0,0,0,141,201,301
76,A_05166,227423,173280,65475,38368,10342,11591,0,27576,12841,712,366,433,1446,149,1207,0,138,0,52,0,9,0,363,0,0,151,185,29,162,0,0,0,0,96,163,164
77,A_05170,357666,275618,85860,81978,19553,16803,0,32747,26349,1268,618,686,2114,212,2039,0,256,0,234,0,25,0,1182,0,0,223,253,31,270,0,0,0,0,111,277,254
78,A_05314,227583,180439,53334,36119,17133,25197,0,28113,13136,663,147,412,684,253,1950,0,107,0,81,0,22,0,325,0,0,312,431,30,206,0,0,0,0,211,69,273
79,A_05315,732825,555837,145657,126988,63324,74849,0,76122,40019,2405,653,1198,3775,655,7449,0,448,0,472,0,59,0,3095,0,0,968,1610,124,537,0,0,0,0,550,440,791
80,A_05316,116593,87628,26748,23683,6449,6026,0,11274,8936,396,232,216,662,75,954,0,113,0,101,0,9,0,388,0,0,67,103,13,90,0,0,0,0,52,78,92
81,A_05334,407521,313773,91483,95202,24564,26354,0,39008,23124,1644,572,602,1972,1096,2412,0,200,0,98,0,23,0,1110,0,0,317,555,43,276,0,0,0,0,269,180,304
82,A_05358,199675,151595,52412,43816,8809,8198,0,17155,14432,789,411,500,1293,142,844,0,170,0,32,0,9,0,392,0,0,112,133,27,117,0,0,0,0,69,143,129
83,A_05362,345328,266404,88179,68410,16296,18331,0,38057,25350,1326,591,750,2169,181,1843,0,314,0,72,0,25,0,850,0,0,247,287,30,227,0,0,0,0,164,236,265
84,A_05366,150407,112897,41988,25102,6499,6642,0,16751,11066,372,287,365,1043,126,676,0,143,0,28,0,3,0,63,0,0,124,118,14,128,0,0,0,0,56,137,133
85,A_05370,190051,142330,55605,36421,7909,7281,0,16111,12313,669,457,737,1179,123,805,0,137,0,46,0,8,0,368,0,0,100,149,8,119,0,0,0,0,61,134,150
86,A_05374,208418,156593,56567,35078,9887,9995,0,21353,16413,640,328,386,1238,253,1099,0,204,0,52,0,9,0,531,0,0,153,186,16,232,0,0,0,0,91,175,148
87,A_05378,217425,174420,61423,36221,11042,15581,0,28787,13777,505,225,802,1286,231,1173,0,142,0,43,0,10,0,296,0,0,187,205,17,175,0,0,0,0,97,132,172
88,A_05382,453435,358808,123759,75505,24154,28949,0,57409,33463,1367,546,966,2630,449,2878,0,967,0,115,0,15,0,533,0,0,432,450,33,356,0,0,0,0,225,304,415
89,A_05512,88352,66367,18476,21388,4719,3161,0,6826,8244,278,195,135,595,277,481,0,52,0,62,0,7,0,408,0,0,48,46,218,36,0,0,0,0,29,51,56
90,A_05513,175210,119414,26452,39524,8703,5489,0,10834,20113,550,417,461,1273,109,1010,0,132,0,384,0,24,0,1904,0,0,115,100,39,86,0,0,0,0,75,163,109
91,A_05515,232294,191090,62276,39714,19287,27739,0,25684,9393,712,111,246,781,641,1935,0,110,0,64,0,8,0,137,0,0,218,337,66,192,0,0,0,0,158,95,222
92,A_05554,278058,217143,101248,46112,9429,12249,0,28147,13236,646,295,668,1027,185,1013,0,140,0,73,0,15,0,340,0,0,97,139,29,160,0,0,0,0,103,174,147
93,A_05558,172726,140110,61149,29430,7483,10234,0,18926,8658,446,215,221,767,158,728,0,104,0,30,0,6,0,41,0,0,75,143,14,109,0,0,0,0,57,133,106
94,A_05562,473084,350228,102678,108671,23744,18408,0,36348,42630,1596,894,844,3029,245,2631,0,420,0,388,0,19,0,2650,0,0,270,285,158,369,0,0,0,0,160,376,307
95,A_05566,339903,264853,104760,68223,16147,18572,0,31196,17068,945,432,701,1369,231,1593,0,124,0,97,0,18,0,347,0,0,202,193,31,214,0,0,0,0,105,197,173
96,A_05570,209604,163531,65357,38992,8997,10815,0,21175,12025,538,271,472,808,153,1056,0,142,0,30,0,13,0,622,0,0,102,90,12,153,0,0,0,0,69,119,133
97,A_05711,237576,179272,48916,45103,19943,19748,0,20524,15987,909,277,366,1059,192,2116,0,135,0,142,0,27,0,1026,0,0,253,288,46,230,0,0,0,0,122,134,234
98,A_05754,263215,199263,75432,45035,12033,15620,0,25864,17199,697,366,745,1130,254,1232,0,172,0,47,0,11,0,501,0,0,157,147,23,215,0,0,0,0,84,188,203
99,A_05758,191877,141608,44102,40738,9753,9627,0,15845,15283,537,288,856,1032,112,836,0,120,0,65,0,7,0,379,0,0,92,108,14,134,0,0,0,0,67,122,138
100,A_05762,112543,86265,36255,18910,4762,4615,0,10808,7624,292,185,286,460,210,460,0,58,0,11,0,7,0,96,0,0,76,44,7,68,0,0,0,0,22,86,76
101,A_05766,268984,202556,62898,55637,13825,14448,0,24651,21720,864,429,1343,1375,259,1283,0,183,0,58,0,11,0,300,0,0,199,132,26,263,0,0,0,0,89,159,158
102,A_05770,241302,178237,58052,51168,11268,11483,0,20206,18644,729,347,564,1137,178,1218,0,181,0,56,0,5,0,257,0,0,189,140,28,181,0,0,0,0,85,163,186
103,A_05774,229056,171804,69450,31904,11433,12628,0,22800,16893,741,269,420,962,198,1167,0,158,0,39,0,13,0,267,0,0,153,179,9,277,0,0,0,0,106,145,197
104,A_05911,273708,206104,50808,62661,20703,17130,0,21821,21364,1029,609,440,1995,261,2463,0,180,0,249,0,17,0,1071,0,0,300,316,55,206,0,0,0,0,174,229,267
105,A_05913,414616,299931,72789,92937,28430,24892,0,32596,30707,1876,916,964,2601,273,3669,0,304,0,292,0,33,0,1868,0,0,392,469,109,289,0,0,0,0,217,336,380
106,A_05914,132850,93998,26297,27565,6948,4966,0,11050,11965,451,307,221,1016,97,742,0,131,0,123,0,7,0,699,0,0,69,85,27,113,0,0,0,0,77,118,96
107,A_05915,126462,91617,27760,28500,6473,4761,0,9341,10105,496,279,283,684,56,616,0,83,0,42,0,10,0,741,0,0,75,75,14,77,0,0,0,0,42,114,100
108,A_05916,111999,78811,18401,26894,6110,4146,0,7188,10827,524,309,183,858,50,695,0,93,0,119,0,24,0,939,0,0,78,83,13,71,0,0,0,0,52,106,83
109,A_05954,253040,193678,53959,56750,14887,14849,0,24942,18847,1113,414,480,1756,240,1618,0,194,0,209,0,17,0,577,0,0,214,249,60,173,0,0,0,0,107,194,199
110,A_05958,202768,154014,63651,34865,8183,7198,0,21919,12216,530,324,841,930,139,906,0,141,0,47,0,2,0,268,0,0,100,98,13,119,0,0,0,0,47,156,121
111,A_05962,304554,219478,73881,56694,14195,10792,0,29128,24512,940,603,622,1827,362,1345,0,276,0,81,0,19,0,1078,0,0,189,202,30,220,0,0,0,0,92,271,170
112,A_05966,102708,78538,36574,15768,3437,3134,0,10958,6023,295,166,170,410,91,414,0,51,0,15,0,8,0,133,0,0,42,64,12,52,0,0,0,0,28,69,68
113,A_05970,212912,162306,54648,42551,12624,8857,0,19125,17154,566,411,410,1116,578,1442,0,145,0,41,0,7,0,492,0,0,122,131,33,142,0,0,0,0,93,130,141
114,A_05974,232301,174364,62764,43184,11702,10723,0,23296,16165,634,310,387,1207,149,1183,0,159,0,40,0,11,0,184,0,0,168,183,28,168,0,0,0,0,78,176,175
115,A_05978,306624,230738,64412,75172,15677,14431,0,25533,23652,1252,731,883,2028,169,1700,0,255,0,156,0,27,0,1360,0,0,156,188,43,210,0,0,0,0,106,246,201
116,A_06411,106512,83759,19753,17127,10828,15255,0,8868,6930,712,127,354,667,277,1341,0,0,0,88,21,0,0,0,0,0,268,0,32,141,0,0,0,0,0,0,152
117,A_06412,423717,317234,82952,63254,37238,45890,0,44325,27079,1454,580,1461,2976,561,3820,0,0,0,248,61,0,0,0,0,0,766,0,144,575,0,0,0,0,0,0,616
118,A_06413,66812,45148,12077,10550,5197,4689,0,4343,5339,310,128,289,456,61,580,0,0,0,31,11,0,0,0,0,0,113,0,22,91,0,0,0,0,0,0,88
119,A_06414,189372,139775,40022,29247,13160,16286,0,18400,15496,578,222,943,1196,297,1360,0,0,0,75,54,0,0,0,0,0,341,0,26,273,0,0,0,0,0,0,253
120,A_06431,198418,156082,51088,34435,10197,13595,0,18196,19923,688,545,1227,1793,254,1261,0,0,0,57,48,0,0,0,0,0,243,0,27,298,0,0,0,0,0,0,219
121,A_06432,215017,171253,51942,40312,13477,17960,0,18654,18761,963,537,1363,1815,401,1480,0,0,0,145,32,0,0,0,0,0,322,0,123,438,0,0,0,0,0,0,303
122,A_06433,174727,133318,39950,33318,10755,11862,0,12645,15943,962,403,1387,1463,201,1192,0,0,0,124,42,0,0,0,0,0,244,0,81,386,0,0,0,0,0,0,222
123,A_06434,164970,135474,45571,23468,8420,14373,0,23674,13681,410,277,830,1533,216,945,0,0,0,27,22,0,0,0,0,0,228,0,23,193,0,0,0,0,0,0,209
124,A_06435,299541,229506,69798,52770,16132,17961,0,24860,33270,934,1159,1973,3166,428,2068,0,0,0,85,62,0,0,0,0,0,371,0,84,656,0,0,0,0,0,0,404
125,A_06436,166249,135107,46032,24836,8304,14170,0,20942,14099,497,303,1191,1248,302,1034,0,0,0,30,23,0,0,0,0,0,179,0,22,186,0,0,0,0,0,0,190
126,A_06437,70995,54381,16673,14382,4129,3903,0,5021,6985,192,200,407,633,103,416,0,0,0,48,5,0,0,0,0,0,89,0,27,143,0,0,0,0,0,0,86
127,A_06438,237902,186521,60710,37302,13571,18015,0,24327,21947,953,511,1656,1982,356,1614,0,0,0,68,38,0,0,0,0,0,338,0,51,327,0,0,0,0,0,0,346
128,A_06439,138563,111448,36763,22846,7312,10754,0,15157,12802,368,243,985,1195,183,968,0,0,0,28,21,0,0,0,0,0,205,0,22,183,0,0,0,0,0,0,189
129,A_06440,225174,175698,54642,40070,11672,15588,0,21304,21335,696,1465,1867,2083,285,1482,0,0,0,32,38,0,0,0,0,0,296,0,30,313,0,0,0,0,0,0,302
130,A_06531,199159,153223,44416,35881,13137,15509,0,16085,18292,623,604,2017,1453,374,1922,0,0,0,112,40,0,0,0,0,0,262,0,120,235,0,0,0,0,0,0,250
131,A_06532,190754,140329,46885,33964,9119,9342,0,13230,19258,491,850,1391,1308,336,1294,0,0,0,34,28,0,0,0,0,0,220,0,46,386,0,0,0,0,0,0,161
132,A_06533,129367,98560,34318,22187,6099,6802,0,11161,12344,318,345,1171,1102,95,752,0,0,0,19,16,0,0,0,0,0,160,0,13,127,0,0,0,0,0,0,152
133,A_06534,183296,142365,42377,37202,14420,13088,0,12191,16125,527,357,950,1148,312,1296,0,0,0,45,33,0,0,0,0,0,297,0,64,180,0,0,0,0,0,0,174
134,A_06535,85245,64773,20310,16648,4244,4226,0,6160,8933,180,418,821,585,87,377,0,0,0,12,12,0,0,0,0,0,108,0,13,94,0,0,0,0,0,0,82
135,A_06611,140832,102778,23945,25872,13805,13917,0,9038,10083,549,243,622,944,162,1203,0,0,0,145,17,0,0,0,0,0,376,0,47,258,0,0,0,0,0,0,163
136,A_06631,169854,131311,52627,20829,7163,8594,0,14021,20794,352,511,756,1040,299,1020,0,0,0,29,21,0,0,0,0,0,197,0,26,250,0,0,0,0,0,0,170
137,A_06632,94380,71926,21175,22419,4280,3628,0,6242,10382,227,402,583,550,55,433,0,0,0,21,16,0,0,0,0,0,76,0,12,105,0,0,0,0,0,0,75
138,A_06633,189184,148771,40689,49005,10820,10668,0,13247,16599,548,424,1075,1495,129,971,0,0,0,69,24,0,0,0,0,0,235,0,21,219,0,0,0,0,0,0,157
139,A_06634,143270,111857,30829,35770,7071,7199,0,9827,14122,385,511,1692,1035,90,740,0,0,0,22,15,0,0,0,0,0,148,0,25,136,0,0,0,0,0,0,131
140,A_06635,124064,93044,30300,24415,6142,6247,0,9970,11399,328,333,850,732,98,510,0,0,0,19,10,0,0,0,0,0,112,0,16,95,0,0,0,0,0,0,80
141,A_06636,81612,61800,17356,20318,4466,4215,0,4854,6791,203,206,646,481,80,421,0,0,0,14,11,0,0,0,0,0,126,0,21,105,0,0,0,0,0,0,72
142,A_07111,84958,63987,22712,14354,5105,6253,0,7193,5316,397,88,545,0,147,919,0,0,0,17,0,0,0,0,0,0,102,0,0,0,0,0,0,0,0,0,176
143,A_07131,101162,80230,33243,16190,4520,5723,0,10353,6997,313,251,596,0,221,659,0,0,0,16,0,0,0,0,0,0,169,0,0,0,0,0,0,0,0,0,202
144,A_07132,100773,75957,29170,19147,4750,3962,0,7488,8213,304,225,833,0,178,555,0,0,0,40,0,0,0,0,0,0,118,0,0,0,0,0,0,0,0,0,152
145,A_07133,120430,92279,31286,24429,6032,6294,0,9219,10544,333,213,1309,0,298,890,0,0,0,23,0,0,0,0,0,0,157,0,0,0,0,0,0,0,0,0,216
146,A_07134,64742,47629,15903,13477,3461,2335,0,4435,5654,154,153,601,0,194,426,0,0,0,8,0,0,0,0,0,0,65,0,0,0,0,0,0,0,0,0,102
147,A_07135,48925,38411,17743,7927,1871,1843,0,4165,3226,103,73,338,0,85,315,0,0,0,5,0,0,0,0,0,0,57,0,0,0,0,0,0,0,0,0,88
148,A_07137,166711,127838,50805,30647,7222,8083,0,13116,12783,523,264,1175,0,236,1120,0,0,0,32,0,0,0,0,0,0,174,0,0,0,0,0,0,0,0,0,300
149,A_07138,138511,105650,39187,26300,6588,6776,0,10583,11060,422,255,1149,0,196,940,0,0,0,46,0,0,0,0,0,0,179,0,0,0,0,0,0,0,0,0,244
150,A_07140,80985,63325,24201,15142,4126,3735,0,6897,6135,248,164,749,0,263,581,0,0,0,14,0,0,0,0,0,0,103,0,0,0,0,0,0,0,0,0,154
151,A_07141,95682,74371,24515,20672,4720,4926,0,7495,8029,342,155,1325,0,136,810,0,0,0,22,0,0,0,0,0,0,181,0,0,0,0,0,0,0,0,0,199
152,A_07143,154218,119834,46872,27835,6860,6994,0,13095,12839,477,330,1565,0,204,1004,0,0,0,22,0,0,0,0,0,0,191,0,0,0,0,0,0,0,0,0,305
153,A_07211,80382,60103,19358,14163,6499,7269,0,5650,4624,284,83,342,0,171,841,0,0,0,19,0,0,0,0,0,0,135,0,0,0,0,0,0,0,0,0,168
154,A_07231,86614,67575,28285,14629,4225,4060,0,7398,5605,229,141,1074,0,297,533,0,0,0,21,0,0,0,0,0,0,117,0,0,0,0,0,0,0,0,0,169
155,A_07232,72690,55672,24001,12684,3024,3502,0,5510,4046,138,106,821,0,176,418,0,0,0,11,0,0,0,0,0,0,68,0,0,0,0,0,0,0,0,0,105
156,A_07233,48142,37415,16967,7672,2330,2057,0,3842,3042,123,54,353,0,147,287,0,0,0,5,0,0,0,0,0,0,54,0,0,0,0,0,0,0,0,0,75
157,A_07235,112464,91448,36524,22787,6435,6243,0,8191,7302,321,159,1076,0,167,749,0,0,0,18,0,0,0,0,0,0,110,0,0,0,0,0,0,0,0,0,193
158,A_07311,33743,24859,7949,5617,1852,1659,0,2426,4041,108,101,311,0,39,226,0,0,0,27,0,0,0,0,0,0,53,0,0,0,0,0,0,0,0,0,65
159,A_07312,72154,51414,14266,12704,4794,4432,0,5247,6937,284,219,639,0,118,784,0,0,0,11,0,0,0,0,0,0,126,0,0,0,0,0,0,0,0,0,168
160,A_07313,35852,27832,8386,5830,2567,3951,0,2769,2762,158,60,432,0,86,364,0,0,0,14,0,0,0,0,0,0,85,0,0,0,0,0,0,0,0,0,105
161,A_07314,102805,72283,19582,19289,5274,5134,0,6487,11583,556,320,1083,0,139,940,0,0,0,117,0,0,0,0,0,0,229,0,0,0,0,0,0,0,0,0,218
162,A_07315,147529,119273,36376,25349,11591,17958,0,13090,8677,760,110,736,0,1298,1689,0,0,0,53,0,0,0,0,0,0,334,0,0,0,0,0,0,0,0,0,324
163,A_07316,40886,32257,11292,6404,1854,3174,0,3463,3826,150,90,1039,0,89,269,0,0,0,13,0,0,0,0,0,0,60,0,0,0,0,0,0,0,0,0,68
164,A_07317,31522,21562,6602,5551,1697,839,0,2015,3411,119,244,266,0,31,269,0,0,0,7,0,0,0,0,0,0,36,0,0,0,0,0,0,0,0,0,60
165,A_07318,36553,27898,8820,5938,2231,2962,0,2756,3726,116,64,410,0,70,301,0,0,0,15,0,0,0,0,0,0,63,0,0,0,0,0,0,0,0,0,79
166,A_07319,58753,43120,12995,10928,3027,3288,0,4075,6360,220,213,448,0,131,492,0,0,0,18,0,0,0,0,0,0,128,0,0,0,0,0,0,0,0,0,127
167,A_07320,26396,18880,5623,4899,1750,1115,0,1693,2704,100,87,207,0,50,281,0,0,0,6,0,0,0,0,0,0,29,0,0,0,0,0,0,0,0,0,68
168,A_07331,97517,78744,25007,20414,4737,5645,0,8058,10741,329,326,1077,0,320,685,0,0,0,28,0,0,0,0,0,0,169,0,0,0,0,0,0,0,0,0,215
169,A_07332,105022,85257,29341,19803,4730,6643,0,9853,10418,372,309,1611,0,147,689,0,0,0,25,0,0,0,0,0,0,159,0,0,0,0,0,0,0,0,0,217
170,A_07333,58490,44574,13188,12466,2985,2768,0,4059,6007,230,239,1161,0,91,508,0,0,0,6,0,0,0,0,0,0,86,0,0,0,0,0,0,0,0,0,156
171,A_07334,94287,73886,25268,15906,4284,4964,0,7586,11919,364,252,1219,0,199,694,0,0,0,30,0,0,0,0,0,0,142,0,0,0,0,0,0,0,0,0,214
172,A_07335,81619,63146,20740,16051,4447,3481,0,5281,8657,370,299,1476,0,123,655,0,0,0,6,0,0,0,0,0,0,95,0,0,0,0,0,0,0,0,0,192
173,A_07336,57338,44060,12191,14055,3463,2188,0,3266,6063,181,229,990,0,64,555,0,0,0,14,0,0,0,0,0,0,84,0,0,0,0,0,0,0,0,0,98
174,A_07337,87494,70651,25655,15557,4124,5873,0,7205,8510,274,225,1163,0,177,648,0,0,0,21,0,0,0,0,0,0,164,0,0,0,0,0,0,0,0,0,201
175,A_07338,117136,95738,33649,20665,5210,7438,0,10587,13117,450,342,1647,0,201,910,0,0,0,60,0,0,0,0,0,0,149,0,0,0,0,0,0,0,0,0,285
176,A_07339,158824,131190,46056,29983,8604,12973,0,14928,12735,666,255,1290,0,711,1243,0,0,0,25,0,0,0,0,0,0,212,0,0,0,0,0,0,0,0,0,317
177,A_07340,79282,63745,24245,15054,3923,2693,0,5761,8079,274,327,1207,0,130,708,0,0,0,27,0,0,0,0,0,0,122,0,0,0,0,0,0,0,0,0,178
178,A_08111,376869,300014,86352,46808,27383,52354,0,45413,26354,1997,295,1041,2349,942,2996,0,0,0,397,0,0,41,0,457,0,807,716,96,557,0,0,0,285,0,0,372
179,A_08115,261381,209633,73671,32036,11063,26485,0,31660,24427,1077,509,1555,1465,501,1341,0,0,0,164,0,0,60,0,391,0,251,352,27,398,0,0,0,222,0,0,241
180,A_08116,365559,295198,98033,46645,17076,42155,0,42027,34119,1485,654,2107,2714,708,2038,0,0,0,286,0,0,92,0,576,0,444,484,22,434,0,0,0,285,0,0,329
181,A_08117,178409,137585,45290,23924,6882,16749,0,17188,19956,801,372,907,1246,344,898,0,0,0,136,0,0,43,0,296,0,187,153,25,221,0,0,0,158,0,0,172
182,A_08118,365200,294193,96751,48464,17033,40165,0,42127,34667,1388,625,2618,2184,881,1987,0,0,0,316,0,0,82,0,672,0,424,406,29,403,0,0,0,320,0,0,393
183,A_08119,296469,235215,76707,37312,12948,28102,0,36152,31891,1428,602,1336,2068,984,1331,0,0,0,179,0,0,48,0,545,0,291,325,31,433,0,0,0,245,0,0,257
184,A_08121,77642,56666,16195,10342,3841,6285,0,7499,9154,235,194,299,332,217,564,0,0,0,88,0,0,33,0,131,0,75,77,6,182,0,0,0,82,0,0,69
185,A_08125,241562,191769,62850,32086,9604,20192,0,26186,29824,743,910,1633,1407,722,1374,0,0,0,124,0,0,132,0,461,0,197,209,24,405,0,0,0,259,0,0,218
186,A_08126,82646,63832,22720,9804,3253,6817,0,8444,9367,308,345,380,433,266,386,0,0,0,24,0,0,22,0,119,0,51,74,13,132,0,0,0,85,0,0,80
187,A_08127,143139,107928,35495,17668,6341,13695,0,13185,15460,562,438,516,639,832,593,0,0,0,97,0,0,30,0,261,0,144,116,23,231,0,0,0,135,0,0,211
188,A_08128,102171,80314,31568,12653,4485,7154,0,8897,10765,291,313,651,622,736,480,0,0,0,20,0,0,21,0,173,0,90,70,11,132,0,0,0,93,0,0,85
189,A_08135,94168,71377,24004,14527,4259,8161,0,7047,9366,309,267,452,571,317,452,0,0,0,71,0,0,36,0,152,0,108,90,70,92,0,0,0,96,0,0,79
190,A_08136,231075,178656,69466,29946,9906,19185,0,19842,21667,683,651,999,1322,411,1039,0,0,0,109,0,0,51,0,303,0,254,218,21,229,0,0,0,192,0,0,185
191,A_08211,38689,29268,10796,4571,1778,3835,0,3996,3087,84,38,190,146,45,153,0,0,0,7,0,0,12,0,55,0,37,35,1,38,0,0,0,28,0,0,32
192,A_08212,208868,162139,44776,27044,15452,29408,0,19251,16741,999,188,600,1595,438,2179,0,0,0,142,0,0,78,0,346,0,442,505,33,263,0,0,0,191,0,0,240
193,A_08215,323462,257599,91012,42541,13686,29169,0,31758,34526,982,574,2487,2627,450,2193,0,0,0,112,0,0,198,0,614,0,375,383,40,355,0,0,0,351,0,0,298
194,A_08216,167795,127940,48002,21803,6591,13931,0,13851,16614,560,275,1306,986,221,768,0,0,0,53,0,0,99,0,330,0,125,173,26,257,0,0,0,167,0,0,146
195,A_08221,99213,80987,21524,13996,8401,17610,0,9705,6251,364,50,247,392,186,949,0,0,0,52,0,0,6,0,121,0,139,242,19,75,0,0,0,70,0,0,120
196,A_08222,197289,144078,38746,30309,12989,18803,0,16050,18309,689,381,826,1552,231,1807,0,0,0,160,0,0,33,0,414,0,395,311,46,240,0,0,0,186,0,0,246
197,A_08225,108705,83025,32640,14522,4422,6488,0,8667,11524,273,341,649,660,366,504,0,0,0,23,0,0,21,0,214,0,100,70,11,191,0,0,0,121,0,0,108
198,A_08226,399677,320377,104683,59906,20256,37388,0,39647,40696,1206,992,2779,2908,609,2723,0,0,0,133,0,0,124,0,799,0,428,423,42,486,0,0,0,376,0,0,448
199,A_08231,76473,53063,15812,8732,3443,4917,0,6798,10099,201,143,280,769,96,404,0,0,0,57,0,0,27,0,102,0,127,53,4,87,0,0,0,72,0,0,67
200,A_08235,111507,87079,32465,12288,4520,8853,0,11170,13091,330,299,677,778,253,415,0,0,0,59,0,0,30,0,168,0,158,101,10,193,0,0,0,99,0,0,107
201,A_08236,143104,114914,38552,18369,5509,12952,0,15845,17008,408,303,858,1767,275,767,0,0,0,59,0,0,83,0,250,0,176,148,12,182,0,0,0,145,0,0,122
202,A_08237,86514,66384,23865,9544,3239,6136,0,10476,9624,280,197,460,613,198,310,0,0,0,31,0,0,37,0,119,0,84,58,4,130,0,0,0,62,0,0,74
203,A_08311,156234,126448,30720,22200,16851,29284,0,10993,9103,458,182,359,1275,512,1558,0,0,0,111,0,0,18,0,183,0,718,491,39,191,0,0,0,179,0,0,187
204,A_08315,193133,156005,56194,25729,9634,25079,0,17003,14304,560,260,869,1723,508,1023,0,0,0,54,0,0,40,0,355,0,424,248,13,219,0,0,0,208,0,0,146
205,A_08316,123390,98202,34175,17835,6000,14489,0,10215,9740,458,203,639,1307,663,608,0,0,0,41,0,0,20,0,160,0,191,107,7,124,0,0,0,78,0,0,90
206,A_08317,315797,238183,87682,39431,12499,30974,0,25741,28243,941,550,2033,2326,710,1354,0,0,0,66,0,0,70,0,554,0,342,263,37,448,0,0,0,328,0,0,348
207,A_08325,103246,79309,29924,11412,3496,7937,0,10671,10820,264,274,779,447,880,396,0,0,0,22,0,0,23,0,404,0,92,66,8,228,0,0,0,83,0,0,89
208,A_08326,149692,113151,41772,17215,6108,13676,0,13734,14306,421,558,885,949,271,644,0,0,0,97,0,0,31,0,294,0,140,109,23,214,0,0,0,141,0,0,144
209,A_08327,95981,72692,27136,10488,3645,7392,0,9657,10122,303,253,639,446,223,392,0,0,0,27,0,0,21,0,471,0,121,96,20,109,0,0,0,95,0,0,79
210,A_08335,205135,158861,52194,24529,11306,25202,0,20758,16215,639,337,988,1473,456,1354,0,0,0,82,0,0,39,0,346,0,374,303,25,357,0,0,0,194,0,0,212
211,A_08336,163239,122931,41611,22249,7426,18255,0,13267,13209,613,315,860,1032,328,847,0,0,0,140,0,0,41,0,327,0,397,180,19,243,0,0,0,182,0,0,156
212,A_08337,119716,89464,35477,14645,4524,11240,0,9558,9245,306,228,824,748,371,446,0,0,0,16,0,0,26,0,191,0,146,105,8,144,0,0,0,126,0,0,92
213,A_08415,199934,157642,53873,23321,9543,21695,0,21425,20171,639,362,856,1047,459,1141,0,0,0,154,0,0,45,0,318,0,216,209,25,206,0,0,0,164,0,0,190
214,A_08416,160138,132248,39529,20620,13510,25583,0,15081,11593,573,232,586,776,573,1148,0,0,0,110,0,0,25,0,189,0,249,347,51,168,0,0,0,120,0,0,191
215,A_08417,138802,104584,36517,15641,5613,11281,0,14520,15030,498,376,731,871,247,585,0,0,0,172,0,0,30,0,278,0,177,103,8,193,0,0,0,150,0,0,113
216,A_08421,83048,64864,19870,11269,4910,10950,0,7621,6542,551,112,362,508,211,649,0,0,0,52,0,0,15,0,125,0,164,123,10,148,0,0,0,84,0,0,106
217,A_08425,139625,112596,45118,16620,5066,13210,0,12656,13890,497,387,913,904,461,609,0,0,0,50,0,0,29,0,260,0,145,151,9,222,0,0,0,133,0,0,151
218,A_08426,145848,115131,48968,14575,5214,12742,0,12610,14370,554,359,1005,804,969,560,0,0,0,33,0,0,30,0,266,0,171,109,14,213,0,0,0,169,0,0,133
219,A_08435,157226,125646,45851,17834,7683,18476,0,16669,12825,424,226,904,837,694,747,0,0,0,56,0,0,40,0,228,0,255,188,16,243,0,0,0,217,0,0,180
220,A_08436,208135,162736,63458,21380,9672,23757,0,18152,16767,551,299,1492,1126,1829,828,0,0,0,59,0,0,50,0,316,0,307,187,21,248,0,0,0,507,0,0,188
221,A_08437,96692,74017,29643,9537,3667,8994,0,8796,9417,272,276,556,611,219,343,0,0,0,35,0,0,22,0,172,0,109,64,7,131,0,0,0,129,0,0,107
222,A_09161,91076,65044,0,9233,4475,5615,23752,7040,9890,307,159,1313,498,666,562,456,0,0,30,10,0,0,0,0,0,76,96,8,101,0,0,0,0,0,92,204
223,A_09162,923612,724991,0,116764,59758,124365,216444,102643,60414,3053,607,7918,5911,6073,6644,3779,0,0,289,202,0,0,0,0,0,1521,2457,184,1035,0,0,0,0,0,669,1411
224,A_09163,41335,30666,0,4138,1929,3482,10799,3354,4474,140,51,524,275,307,256,408,0,0,18,25,0,0,0,0,0,38,51,13,63,0,0,0,0,0,43,65
225,A_09171,82790,61970,0,8228,3606,4182,27349,5154,8373,182,131,1452,501,695,431,752,0,0,10,86,0,0,0,0,0,41,76,5,118,0,0,0,0,0,74,76
226,A_09172,74656,56622,0,6458,2928,4652,25337,5137,7376,159,115,1443,467,601,260,820,0,0,3,11,0,0,0,0,0,47,79,9,131,0,0,0,0,0,62,97
227,A_09173,92461,73836,0,8068,3944,7685,30207,8557,8740,266,94,1926,609,619,378,1618,0,0,15,15,0,0,0,0,0,116,134,7,145,0,0,0,0,0,90,118
228,A_09174,104757,85392,0,11130,3997,8163,35667,9028,10471,275,142,2175,794,890,508,1060,0,0,22,9,0,0,0,0,0,92,150,10,125,0,0,0,0,0,99,141
229,A_09175,98996,83221,0,10644,4375,10316,31795,10906,8573,295,114,1852,779,874,539,1119,0,0,6,11,0,0,0,0,0,100,191,17,135,0,0,0,0,0,96,143
230,A_09176,97698,80271,0,10503,3597,5270,35401,6704,11760,214,246,2687,517,841,474,1036,0,0,21,11,0,0,0,0,0,58,74,7,112,0,0,0,0,0,109,132
231,A_09177,99202,80136,0,9299,3977,7452,31730,8501,10793,326,154,2817,773,1180,607,1525,0,0,15,12,0,0,0,0,0,83,107,2,125,0,0,0,0,0,101,143
232,A_09178,121069,97586,0,11913,5586,11713,35721,10707,11985,435,199,4179,984,1070,874,868,0,0,18,13,0,0,0,0,0,114,196,9,189,0,0,0,0,0,125,175
233,A_09179,154694,127489,0,18493,6856,15298,48042,15715,13819,463,184,2685,1180,1067,942,1051,0,0,26,14,0,0,0,0,0,223,238,22,242,0,0,0,0,0,149,228
234,A_09180,65566,52257,0,4815,2453,4585,23739,5850,6572,115,67,1127,457,762,221,824,0,0,4,5,0,0,0,0,0,65,63,5,100,0,0,0,0,0,64,88
235,A_09181,89756,73424,0,8889,4158,9075,29073,8361,7968,236,132,1377,682,906,491,998,0,0,9,8,0,0,0,0,0,148,145,11,167,0,0,0,0,0,80,146
236,A_09182,73066,58776,0,6389,2542,5920,24579,7786,6651,146,119,1533,533,444,251,1092,0,0,4,7,0,0,0,0,0,66,142,3,114,0,0,0,0,0,68,77
237,A_09183,85431,64816,0,7283,3053,4426,28068,6055,9957,240,164,1720,577,990,383,966,0,0,3,50,0,0,0,0,0,89,51,4,98,0,0,0,0,0,102,109
238,A_09184,235172,197265,0,27490,9996,24837,73189,30054,18470,742,184,3705,1903,1630,1295,1276,0,0,26,28,0,0,0,0,0,268,423,30,266,0,0,0,0,0,255,298
239,A_09185,71702,55793,0,6717,2440,3450,24858,4968,8351,182,153,2195,398,348,345,651,0,0,13,3,0,0,0,0,0,46,47,5,90,0,0,0,0,0,67,93
240,A_09186,92806,72012,0,9087,3238,5193,30154,7043,10865,261,248,2264,673,635,506,904,0,0,14,3,0,0,0,0,0,89,108,8,142,0,0,0,0,0,76,116
241,A_09187,193835,155826,0,16829,7520,15089,64379,16957,21223,462,234,3902,1368,1850,785,3017,0,0,18,62,0,0,0,0,0,239,271,37,316,0,0,0,0,0,184,262
242,A_09188,96546,81477,0,9749,4216,11461,30351,13851,7136,263,79,1171,648,547,401,629,0,0,12,14,0,0,0,0,0,146,153,4,135,0,0,0,0,0,69,133
243,A_09189,133810,103993,0,12458,5580,10028,45859,9477,11815,284,234,2368,745,1089,529,2104,0,0,13,11,0,0,0,0,0,128,150,13,230,0,0,0,0,0,122,140
244,A_09190,101593,82076,0,10587,4761,8168,33515,8059,9573,237,160,1749,729,1383,503,1401,0,0,18,9,0,0,0,0,0,121,141,10,192,0,0,0,0,0,98,172
245,A_09261,49285,36990,0,5030,2351,3912,12864,4670,4751,154,61,1196,351,328,284,294,0,0,6,4,0,0,0,0,0,71,92,8,54,0,0,0,0,0,58,66
246,A_09262,38052,28038,0,4347,2167,3036,10116,3073,3533,91,36,328,201,370,213,164,0,0,4,4,0,0,0,0,0,50,46,3,25,0,0,0,0,0,30,52
247,A_09263,34344,23322,0,3380,1417,1483,8960,2197,3988,78,98,588,199,267,121,212,0,0,14,1,0,0,0,0,0,26,21,4,44,0,0,0,0,0,18,34
248,A_09271,91951,65566,0,8757,3405,3278,26579,5122,11980,146,239,2986,505,433,224,1137,0,0,9,6,0,0,0,0,0,57,64,5,70,0,0,0,0,0,68,97
249,A_09272,63822,46169,0,6921,2144,1882,18590,3264,9221,82,213,1571,348,339,126,1009,0,0,8,9,0,0,0,0,0,26,29,1,43,0,0,0,0,0,27,53
250,A_09273,88028,66984,0,9631,3004,4153,27887,5501,9914,195,241,2994,546,790,296,969,0,0,11,3,0,0,0,0,0,66,63,12,70,0,0,0,0,0,85,114
251,A_09274,117820,93191,0,10843,4080,6056,36566,9514,14002,269,217,6835,890,1054,408,1387,0,0,13,17,0,0,0,0,0,108,107,9,101,0,0,0,0,0,106,148
252,A_09275,150221,111032,0,16599,5533,5725,45834,9427,18998,240,395,3046,927,1380,398,1218,0,0,12,12,0,0,0,0,0,96,88,12,131,0,0,0,0,0,151,141
253,A_09276,62255,45459,0,6906,2016,1761,18144,3106,9261,91,157,1528,346,413,145,722,0,0,2,1,0,0,0,0,0,24,22,1,47,0,0,0,0,0,44,46
254,A_09277,92055,68069,0,8461,3025,3747,29737,6241,10332,158,170,2140,569,1330,276,1032,0,0,5,7,0,0,0,0,0,66,61,7,84,0,0,0,0,0,77,89
255,A_09278,77354,60643,0,7226,2157,2602,26608,5005,10327,112,328,3294,401,967,175,766,0,0,3,5,0,0,0,0,0,36,52,10,73,0,0,0,0,0,60,69
256,A_09279,71290,52031,0,6895,2320,2466,21219,4650,9463,113,178,2156,425,635,172,734,0,0,6,10,0,0,0,0,0,35,36,3,75,0,0,0,0,0,69,51
257,A_09361,32744,23154,0,4035,1755,1814,8255,1997,3418,71,87,571,221,236,147,183,0,0,8,3,0,0,0,0,0,14,33,4,23,0,0,0,0,0,27,42
258,A_09362,105833,80854,0,11951,7598,11709,26698,8094,8686,419,88,1623,699,927,843,342,0,0,22,14,0,0,0,0,0,141,188,28,105,0,0,0,0,0,82,172
259,A_09363,32995,23269,0,4657,1544,1488,8596,1897,3354,76,67,547,191,153,130,181,0,0,7,4,0,0,0,0,0,27,21,5,18,0,0,0,0,0,48,35
260,A_09371,82116,64974,0,11739,3367,3952,26463,4552,8398,182,254,2856,616,707,347,637,0,0,20,9,0,0,0,0,0,67,69,8,86,0,0,0,0,0,77,73
261,A_09372,101946,75426,0,10069,3046,3253,31945,5229,13487,193,260,4887,523,574,263,789,0,0,9,9,0,0,0,0,0,39,60,9,90,0,0,0,0,0,78,76
262,A_09373,101016,81379,0,10306,3826,6231,37002,6305,9734,222,325,3676,699,804,434,630,0,0,20,6,0,0,0,0,0,106,82,9,133,0,0,0,0,0,118,114
263,A_09374,75953,60240,0,11706,2657,2771,25448,3670,8324,184,255,2473,420,527,246,647,0,0,8,8,0,0,0,0,0,54,44,5,86,0,0,0,0,0,79,92
264,A_09375,147083,117926,0,16631,5661,8623,48022,9625,16939,358,334,6751,1005,1022,515,1034,0,0,9,17,0,0,0,0,0,91,98,14,163,0,0,0,0,0,152,168
265,A_09376,114472,87123,0,16053,4293,4049,34882,5379,14519,251,386,3391,757,814,331,803,0,0,22,6,0,0,0,0,0,65,81,7,72,0,0,0,0,0,117,115
266,A_09377,59467,47005,0,8268,2003,2167,21647,2912,5733,92,172,2041,355,280,204,465,0,0,7,2,0,0,0,0,0,32,32,7,39,0,0,0,0,0,69,65
267,A_09461,55773,42397,0,6969,3802,6107,13174,4533,4823,161,106,486,357,350,615,181,0,0,51,7,0,0,0,0,0,89,123,6,81,0,0,0,0,0,44,107
268,A_09462,57170,41873,0,7687,3039,4637,14969,4924,4012,149,75,529,301,191,602,75,0,0,8,4,0,0,0,0,0,58,93,8,64,0,0,0,0,0,68,136
269,A_09463,31781,23523,0,4942,1902,2471,7754,2460,2495,104,85,259,233,159,243,44,0,0,12,4,0,0,0,0,0,38,57,5,35,0,0,0,0,0,21,42
270,A_09464,33437,23628,0,4662,1648,1628,8500,2169,3248,149,87,377,221,65,305,62,0,0,3,5,0,0,0,0,0,42,40,5,49,0,0,0,0,0,30,51
271,A_09471,116290,94533,0,14148,4637,5862,40071,8055,14551,304,619,2308,816,669,637,529,0,0,59,12,0,0,0,0,0,112,99,15,147,0,0,0,0,0,164,125
272,A_09472,84462,67379,0,12827,3104,4054,30147,5119,7293,173,242,2092,550,262,479,209,0,0,5,7,0,0,0,0,0,66,48,5,83,0,0,0,0,0,93,162
273,A_09473,70038,55037,0,12142,2971,3752,21356,4605,6549,155,241,1220,496,323,366,107,0,0,47,4,0,0,0,0,0,47,59,2,60,0,0,0,0,0,67,47
274,A_09474,90139,73626,0,11265,4071,6441,31084,6433,8645,226,238,2502,691,399,479,262,0,0,31,12,0,0,0,0,0,74,73,6,162,0,0,0,0,0,99,92
275,A_09475,77737,60916,0,13223,3090,3086,24945,4595,7495,205,264,1699,601,193,574,125,0,0,11,8,0,0,0,0,0,74,62,7,75,0,0,0,0,0,81,84
276,A_09476,55446,42805,0,9927,1950,1870,18519,2830,4984,122,225,940,383,147,208,85,0,0,11,5,0,0,0,0,0,21,38,5,34,0,0,0,0,0,49,39
277,A_09477,59443,46237,0,9316,2311,2874,19438,3508,5248,124,190,1398,437,264,358,89,0,0,15,1,0,0,0,0,0,48,67,4,119,0,0,0,0,0,53,73
278,A_09478,54067,41471,0,7190,1840,2264,18430,2908,5383,137,224,1111,371,276,333,138,0,0,16,4,0,0,0,0,0,45,40,4,53,0,0,0,0,0,55,60
279,A_09479,58767,44209,0,10432,2519,2337,16108,3198,6042,150,223,1255,485,131,393,156,0,0,21,5,0,0,0,0,0,69,47,4,50,0,0,0,0,0,66,64
280,A_09561,31067,22222,0,4101,2218,2239,7153,1750,2918,92,72,549,205,292,230,45,0,0,4,0,0,0,0,0,0,25,37,5,43,0,0,0,0,0,42,28
281,A_09562,77280,62152,0,10997,5779,10056,19604,6569,4982,377,90,779,469,736,676,100,0,0,48,6,0,0,0,0,0,123,184,9,102,0,0,0,0,0,68,143
282,A_09563,86606,63791,0,13219,6807,7521,18146,5778,7501,368,150,922,732,322,880,225,0,0,21,7,0,0,0,0,0,126,173,27,112,0,0,0,0,0,105,146
283,A_09564,343832,255126,0,49473,26940,31503,73217,24322,30453,1373,753,3568,2952,1971,3144,508,0,0,185,30,0,0,0,0,0,565,678,160,493,0,0,0,0,0,428,537
284,A_09565,30191,23164,0,4450,1662,2572,7771,2289,2729,100,71,448,272,171,185,96,0,0,5,5,0,0,0,0,0,47,33,3,42,0,0,0,0,0,34,43
285,A_09571,140308,109193,0,17794,7079,9245,44368,8361,12724,473,532,4079,967,1194,675,297,0,0,16,11,0,0,0,0,0,104,104,15,173,0,0,0,0,0,177,121
286,A_09572,103450,85896,0,14581,5336,9806,32810,8404,8971,301,271,2456,698,530,578,180,0,0,20,11,0,0,0,0,0,89,118,7,114,0,0,0,0,0,74,120
287,A_09573,91482,74520,0,13928,5016,7690,26574,6878,8991,274,227,1968,820,357,508,212,0,0,14,6,0,0,0,0,0,73,127,7,116,0,0,0,0,0,132,129
288,A_09574,130070,106899,0,20488,7255,10933,37979,9549,12159,525,340,3471,1113,720,741,221,0,0,26,10,0,0,0,0,0,145,141,21,211,0,0,0,0,0,143,162
289,A_09575,77403,60431,0,9942,3619,5329,24752,4889,6541,219,299,2279,558,579,362,193,0,0,15,8,0,0,0,0,0,63,69,12,106,0,0,0,0,0,87,88
290,A_09576,97490,78996,0,13552,4380,7100,31764,6441,9158,326,217,2609,801,486,516,267,0,0,10,12,0,0,0,0,0,82,108,9,132,0,0,0,0,0,113,118
291,A_09577,72385,54540,0,9569,2911,4755,22904,3714,6092,247,184,1624,413,645,304,152,0,0,16,10,0,0,0,0,0,47,37,5,76,0,0,0,0,0,72,84
292,A_09661,49763,36600,0,6399,2917,4077,12053,4247,4336,116,91,348,305,348,373,87,0,0,45,10,0,0,0,0,0,78,51,3,115,0,0,0,0,0,52,99
293,A_09662,37922,26280,0,5199,2802,1855,8239,2327,4066,110,63,290,297,120,209,83,0,0,63,5,0,0,0,0,0,38,36,4,90,0,0,0,0,0,28,63
294,A_09663,98602,76187,0,12732,7016,12581,24015,8644,6063,303,103,731,804,611,1182,100,0,0,31,6,0,0,0,0,0,172,214,16,195,0,0,0,0,0,74,186
295,A_09671,133599,108338,0,18799,5782,9355,42956,11363,12306,348,379,2075,1022,748,862,317,0,0,60,10,0,0,0,0,0,124,150,22,191,0,0,0,0,0,186,225
296,A_09672,83783,65943,0,9968,3801,4571,29578,6011,7459,255,355,1421,599,395,359,157,0,0,7,10,0,0,0,0,0,79,78,5,150,0,0,0,0,0,98,109
297,A_09673,64277,50357,0,7106,3060,3508,23306,4665,5181,174,206,1225,382,207,371,164,0,0,17,10,0,0,0,0,0,62,51,6,63,0,0,0,0,0,84,79
298,A_09674,67970,54902,0,9830,3224,3280,22904,4408,7010,181,365,1429,447,487,348,173,0,0,14,6,0,0,0,0,0,54,59,5,100,0,0,0,0,0,101,85
299,A_09675,69300,54829,0,9115,2919,4558,22549,5081,5923,187,230,1807,518,438,347,290,0,0,23,8,0,0,0,0,0,58,66,4,173,0,0,0,0,0,96,79
300,A_09676,95773,75955,0,13408,4363,5900,30653,7287,8477,262,221,2154,660,571,515,163,0,0,29,11,0,0,0,0,0,85,94,9,137,0,0,0,0,0,143,171
301,A_09677,100410,81251,0,15495,4199,6039,34592,6433,8379,229,232,2357,719,380,540,181,0,0,23,10,0,0,0,0,0,99,76,10,206,0,0,0,0,0,112,344
302,A_09678,91819,75050,0,11849,4701,5304,32886,6381,8916,243,273,1587,717,331,446,281,0,0,39,7,0,0,0,0,0,67,63,9,144,0,0,0,0,0,112,129
303,A_09679,127396,106774,0,19394,5915,11138,43570,10169,9701,343,288,1902,1032,622,867,223,0,0,29,10,0,0,0,0,0,142,137,11,269,0,0,0,0,0,143,223
304,A_09761,189687,137282,0,21968,12605,17433,42474,13426,18487,872,296,1919,1452,1132,1594,616,0,0,135,77,0,0,0,0,0,305,340,40,300,0,0,0,0,0,190,551
305,A_09762,31316,22487,0,3081,1824,2184,8079,2504,3128,113,47,474,211,143,122,185,0,0,11,4,0,0,0,0,0,32,30,4,42,0,0,0,0,0,30,36
306,A_09763,48267,34781,0,4952,2585,3917,11721,4045,4633,155,85,869,351,259,274,155,0,0,19,4,0,0,0,0,0,157,42,6,135,0,0,0,0,0,50,99
307,A_09764,29462,21630,0,3418,1326,1903,7584,2357,3273,83,83,370,155,461,102,103,0,0,10,3,0,0,0,0,0,79,26,6,25,0,0,0,0,0,22,24
308,A_09771,100245,80987,0,9386,3534,6722,34830,8355,11510,284,206,2143,744,919,443,798,0,0,17,9,0,0,0,0,0,88,111,15,155,0,0,0,0,0,104,181
309,A_09772,187683,148406,0,19314,7769,12977,59813,15180,20268,560,416,5254,1434,1278,821,1002,0,0,41,26,0,0,0,0,0,176,179,16,267,0,0,0,0,0,214,397
310,A_09773,72289,54652,0,7284,2487,3659,21835,5439,9021,173,303,2415,438,234,249,371,0,0,8,4,0,0,0,0,0,51,43,10,67,0,0,0,0,0,78,110
311,A_09774,89816,66837,0,8522,3168,4667,27527,6428,10600,318,320,2279,691,547,379,368,0,0,10,10,0,0,0,0,0,101,61,13,104,0,0,0,0,0,114,140
312,A_09775,123373,94472,0,14351,5376,9006,35221,10186,13328,469,403,2116,903,700,524,331,0,0,26,13,0,0,0,0,0,138,133,12,244,0,0,0,0,0,150,181
313,A_09776,59631,46616,0,6138,3235,5987,18869,4819,4164,146,70,1007,399,538,268,267,0,0,9,7,0,0,0,0,0,97,86,6,85,0,0,0,0,0,45,82
314,A_09777,105237,83924,0,9536,4269,7273,37624,8393,9555,248,180,2343,668,926,435,1321,0,0,9,11,0,0,0,0,0,119,93,8,176,0,0,0,0,0,95,153
315,A_09778,107982,84276,0,8964,3698,6079,36001,8657,12827,256,352,2672,675,1664,394,686,0,0,8,16,0,0,0,0,0,144,93,9,210,0,0,0,0,0,101,128
316,A_09779,100218,78803,0,11689,3678,5540,34937,6754,10359,268,278,2243,594,683,322,481,0,0,16,10,0,0,0,0,0,61,73,8,100,0,0,0,0,0,92,92
317,A_09780,118706,95040,0,10635,4310,9888,42265,10071,9732,276,210,3280,864,810,387,867,0,0,12,17,0,0,0,0,0,305,101,6,211,0,0,0,0,0,116,145
318,A_10041,246897,183228,52434,48290,26073,13409,0,14364,17979,1018,1149,1407,0,0,2755,0,0,112,194,0,0,0,0,0,0,460,0,0,272,0,0,0,0,0,0,540
319,A_10042,79847,62326,21267,16479,7564,3232,0,4824,5667,341,269,516,0,0,607,0,0,101,24,0,0,0,0,0,0,72,0,0,60,0,0,0,0,0,0,157
320,A_10043,106805,79951,23850,23751,10423,3673,0,5220,8556,390,500,584,0,0,959,0,0,69,55,0,0,0,0,0,0,97,0,0,135,0,0,0,0,0,0,199
321,A_10044,155321,119855,39616,31464,15222,6371,0,8864,11846,579,573,934,0,0,1400,0,0,124,66,0,0,0,0,0,0,154,0,0,159,0,0,0,0,0,0,346
322,A_10045,115221,90412,29214,22943,10287,5659,0,7474,10044,381,366,823,0,0,1071,0,0,78,51,0,0,0,0,0,0,157,0,0,156,0,0,0,0,0,0,253
323,A_10046,73173,59639,23192,15968,5879,2773,0,3731,4828,228,249,561,0,0,683,0,0,49,37,0,0,0,0,0,0,85,0,0,104,0,0,0,0,0,0,119
324,A_11100,1046751,792630,151288,118241,204400,81810,0,49917,116022,4250,0,3231,11554,1298,19128,0,0,0,694,473,210,0,0,0,480,2964,3393,1134,1832,4571,1238,0,1294,0,3047,1164
325,A_11200,1456319,1099504,273033,216012,146770,153137,0,117129,109148,6644,0,2123,13861,1908,19899,0,0,0,923,725,263,0,0,0,431,3962,4074,551,2380,5438,1794,0,1850,0,1785,1569
326,A_12051,59272,38952,10734,7898,6618,1782,0,2348,6619,0,223,473,701,80,472,0,0,0,23,0,0,0,0,0,0,151,0,87,149,0,0,0,0,0,0,0
327,A_12052,79990,58129,13153,8802,10627,2203,0,4616,13905,0,590,432,1123,85,1059,0,0,0,65,0,0,0,0,0,0,294,0,169,202,0,0,0,0,0,0,0
328,A_12053,45822,31722,7262,4944,6748,1491,0,1918,6851,0,219,285,638,36,510,0,0,0,51,0,0,0,0,0,0,148,0,56,115,0,0,0,0,0,0,0
329,A_12054,132891,104722,22421,18947,22012,11347,0,8466,13245,0,322,721,2176,280,2314,0,0,0,108,0,0,0,0,0,0,761,0,207,445,0,0,0,0,0,0,0
330,A_12060,150338,111712,28004,16891,22696,5521,0,6827,22721,0,891,1763,2137,208,1426,0,0,0,86,0,0,0,0,0,0,487,0,243,453,0,0,0,0,0,0,0
331,A_12061,135794,103662,27273,17721,16595,4758,0,7281,21872,0,906,1489,1868,187,1231,0,0,0,48,0,0,0,0,0,0,345,0,206,388,0,0,0,0,0,0,0
332,A_12062,87876,65488,19024,9952,9503,1624,0,4187,15543,0,851,1290,996,83,596,0,0,0,49,0,0,0,0,0,0,216,0,54,268,0,0,0,0,0,0,0
333,A_12063,130447,96218,27383,18309,13937,5868,0,7019,17096,0,702,842,1687,153,1221,0,0,0,59,0,0,0,0,0,0,322,0,90,311,0,0,0,0,0,0,0
334,A_12064,159563,117950,29447,18392,23521,5198,0,7668,24213,0,887,1623,2255,202,1600,0,0,0,67,0,0,0,0,0,0,530,0,311,314,0,0,0,0,0,0,0
335,A_12065,171134,128261,35406,23552,18912,7110,0,9192,24467,0,1235,1317,2564,187,1564,0,0,0,79,0,0,0,0,0,0,456,0,168,318,0,0,0,0,0,0,0
336,A_12066,94308,67816,17178,10683,10878,1798,0,4595,17245,0,984,905,986,76,710,0,0,0,62,0,0,0,0,0,0,227,0,53,322,0,0,0,0,0,0,0
337,A_12067,148937,108329,26626,17758,19454,4405,0,7323,23626,0,1290,1479,1882,244,1506,0,0,0,180,0,0,0,0,0,0,433,0,188,332,0,0,0,0,0,0,0
338,A_12068,83395,56818,16663,11405,9383,2214,0,2977,10345,0,524,556,734,89,641,0,0,0,68,0,0,0,0,0,0,165,0,40,163,0,0,0,0,0,0,0
339,A_12069,171603,133580,38193,25485,19037,9577,0,12101,20265,0,783,1460,2155,219,1476,0,0,0,65,0,0,0,0,0,0,488,0,205,363,0,0,0,0,0,0,0
340,A_12070,65244,45333,13568,9759,7333,1331,0,2605,8197,0,313,419,441,42,347,0,0,0,112,0,0,0,0,0,0,126,0,28,62,0,0,0,0,0,0,0
341,A_12071,98686,73984,18213,10927,10829,1890,0,5325,21000,0,847,674,1278,119,839,0,0,0,59,0,0,0,0,0,0,290,0,127,286,0,0,0,0,0,0,0
342,A_12072,135020,99222,26469,18122,15353,4586,0,7504,19521,0,694,1336,1916,146,1231,0,0,0,58,0,0,0,0,0,0,340,0,161,375,0,0,0,0,0,0,0
343,A_12073,101239,70247,20822,12275,12285,2268,0,3533,14372,0,732,698,706,60,728,0,0,0,38,0,0,0,0,0,0,287,0,121,202,0,0,0,0,0,0,0
344,A_13003,168771,121903,34313,19805,26688,8434,0,7662,17701,0,657,687,1467,287,2217,0,0,0,246,0,0,0,0,0,0,458,0,0,0,0,0,0,0,0,0,0
345,A_13004,76665,55594,16551,10217,10491,2934,0,3650,8594,0,368,694,554,52,691,0,0,0,92,0,0,0,0,0,0,155,0,0,0,0,0,0,0,0,0,0
346,A_13071,218185,150988,51417,20403,28175,4724,0,8420,29209,0,1685,1255,1717,175,1228,0,0,0,210,0,0,0,0,0,0,524,0,0,0,0,0,0,0,0,0,0
347,A_13072,176437,128445,45732,18843,20448,4960,0,8315,23068,0,1257,1031,1609,168,1045,0,0,0,191,0,0,0,0,0,0,326,0,0,0,0,0,0,0,0,0,0
348,A_13073,187092,130065,43496,15681,23156,5154,0,8356,26257,0,1146,990,2207,133,1181,0,0,0,200,0,0,0,0,0,0,408,0,0,0,0,0,0,0,0,0,0
349,A_13074,128283,90331,29256,16864,14603,4039,0,5523,15167,0,944,674,1087,90,745,0,0,0,112,0,0,0,0,0,0,259,0,0,0,0,0,0,0,0,0,0
350,A_13075,195069,136197,43858,15811,21941,5486,0,8478,30524,0,2654,976,2353,132,1396,0,0,0,130,0,0,0,0,0,0,635,0,0,0,0,0,0,0,0,0,0
351,A_13076,174112,125064,42640,22065,19866,3783,0,7491,21889,0,1697,1236,1513,168,806,0,0,0,185,0,0,0,0,0,0,269,0,0,0,0,0,0,0,0,0,0
352,A_14511,195929,147218,36270,17373,28010,6818,0,12184,35456,874,1149,1068,2042,308,2746,0,0,0,156,255,0,0,0,0,0,478,407,0,0,0,0,0,0,0,0,277
353,A_14521,288076,217887,66401,20503,30765,4956,0,15648,61991,680,3491,2987,3055,514,1959,0,0,0,170,122,0,0,0,0,0,606,361,0,0,0,0,0,0,0,0,281
354,A_14522,256511,192490,53740,19036,27731,5244,0,14991,57748,835,2457,2015,2497,429,1856,0,0,0,189,431,0,0,0,0,0,467,334,0,0,0,0,0,0,0,0,229
355,A_14523,193081,142775,42604,16043,22578,4266,0,10154,37217,415,1437,1299,2046,311,1495,0,0,0,144,79,0,0,0,0,0,355,255,0,0,0,0,0,0,0,0,163
356,A_14524,269048,196813,58860,21055,31813,5750,0,15029,50445,643,1734,2402,2754,373,1930,0,0,0,221,120,0,0,0,0,0,441,322,0,0,0,0,0,0,0,0,261
357,A_14612,429448,339619,79111,34421,59222,29337,0,33402,75819,2536,2292,2856,4381,1944,6616,0,0,0,377,492,0,0,0,0,0,1749,1403,0,0,0,0,0,0,0,0,696
358,A_14625,252642,191367,50780,17180,26419,4955,0,15014,61160,776,2735,3011,2523,593,1612,0,0,0,171,280,0,0,0,0,0,662,367,0,0,0,0,0,0,0,0,232
359,A_14626,213021,156089,41000,14249,21534,4476,0,10810,50551,516,2337,2464,2285,368,1444,0,0,0,128,362,0,0,0,0,0,658,290,0,0,0,0,0,0,0,0,248
360,A_14627,201310,152988,39406,13148,20111,5531,0,13156,49615,579,2279,1585,2119,389,1398,0,0,0,119,312,0,0,0,0,0,601,330,0,0,0,0,0,0,0,0,235
361,A_14628,202580,156342,39581,12040,19708,4643,0,12795,54749,483,2875,2186,1975,456,1278,0,0,0,119,437,0,0,0,0,0,533,300,0,0,0,0,0,0,0,0,217
362,A_14713,448372,336605,75733,43399,70195,29454,0,28431,61065,1817,1847,2745,5432,706,7408,0,0,0,505,440,0,0,0,0,0,2051,1654,0,0,0,0,0,0,0,0,832
363,A_14729,215616,161321,47944,18139,23368,5157,0,12859,42823,505,1793,1580,2298,251,1366,0,0,0,168,100,0,0,0,0,0,510,297,0,0,0,0,0,0,0,0,233
364,A_14730,163916,118170,34321,14519,17173,3021,0,9189,31301,397,1789,1273,1714,167,891,0,0,0,99,60,0,0,0,0,0,340,155,0,0,0,0,0,0,0,0,154
365,A_15001,68441,47733,13820,6755,8543,2225,0,3830,9442,0,417,483,0,0,400,0,0,0,76,0,0,0,0,671,0,136,73,0,0,0,0,207,0,0,0,0
366,A_15002,186409,131786,33357,18727,25795,9835,0,11432,22229,0,637,1177,0,0,2692,0,0,0,334,0,0,0,0,1994,0,725,645,0,0,0,0,325,0,0,0,0
367,A_15003,190332,132096,34764,22094,25033,7770,0,10622,20512,0,748,1023,0,0,2282,0,0,0,252,0,0,0,0,2687,0,481,753,0,0,0,0,1477,0,0,0,0
368,A_15081,70625,47788,16071,8226,8776,1635,0,3162,7352,0,279,311,0,0,455,0,0,0,55,0,0,0,0,533,0,108,116,0,0,0,0,198,0,0,0,0
369,A_15082,137721,92441,28102,12399,15944,2197,0,6674,20374,0,748,1598,0,0,713,0,0,0,205,0,0,0,0,1366,0,217,114,0,0,0,0,323,0,0,0,0
370,A_15083,144052,97766,31231,15764,15614,2689,0,7274,18048,0,915,1275,0,0,918,0,0,0,102,0,0,0,0,1433,0,205,145,0,0,0,0,530,0,0,0,0
371,A_15084,151811,103283,30633,13429,16651,2654,0,7954,24726,0,1226,1307,0,0,863,0,0,0,99,0,0,0,0,1321,0,263,170,0,0,0,0,314,0,0,0,0
372,A_15085,185546,124019,41602,19912,21426,4395,0,8580,20127,0,717,1425,0,0,1169,0,0,0,153,0,0,0,0,1866,0,336,194,0,0,0,0,360,0,0,0,0
373,A_15086,76734,52733,16335,8289,8941,1547,0,4139,9857,0,415,799,0,0,395,0,0,0,49,0,0,0,0,704,0,153,68,0,0,0,0,254,0,0,0,0
374,A_15087,118664,79205,22322,11773,14034,1616,0,5694,18620,0,786,641,0,0,598,0,0,0,84,0,0,0,0,1160,0,239,101,0,0,0,0,261,0,0,0,0
375,A_15088,156523,109635,31950,14200,17363,2968,0,9821,25915,0,882,1172,0,0,1065,0,0,0,167,0,0,0,0,1697,0,282,178,0,0,0,0,335,0,0,0,0
376,A_15089,164469,105851,32342,16312,18609,2625,0,7587,21247,0,796,1081,0,0,795,0,0,0,157,0,0,0,0,1697,0,193,130,0,0,0,0,542,0,0,0,0
377,A_15090,95000,63405,19951,10495,11570,2013,0,4676,11067,0,383,577,0,0,515,0,0,0,63,0,0,0,0,685,0,196,126,0,0,0,0,269,0,0,0,0
378,A_15091,108564,75733,24931,10605,12559,2074,0,5110,14885,0,788,1523,0,0,694,0,0,0,51,0,0,0,0,901,0,228,95,0,0,0,0,222,0,0,0,0
379,A_16051,166560,125934,31301,17867,24389,8762,0,10667,23041,904,816,1204,0,807,2844,0,0,0,195,0,0,0,0,0,0,600,0,0,536,0,0,0,0,0,0,419
380,A_16052,78746,56818,12691,5916,11625,1659,0,4683,16011,270,719,799,0,193,818,0,0,0,66,0,0,0,0,0,0,155,0,0,202,0,0,0,0,0,0,337
381,A_16053,83027,65548,14976,8770,14800,6639,0,6158,9349,422,272,826,0,342,1621,0,0,0,84,0,0,0,0,0,0,317,0,0,225,0,0,0,0,0,0,253
382,A_16054,29677,21277,5409,2781,4903,787,0,1592,4171,73,204,320,0,128,307,0,0,0,27,0,0,0,0,0,0,155,0,0,106,0,0,0,0,0,0,44
383,A_16055,50104,37977,9639,5166,7236,3719,0,3202,6024,220,268,330,0,251,800,0,0,0,40,0,0,0,0,0,0,334,0,0,117,0,0,0,0,0,0,174
384,A_16056,33655,24586,6128,3635,4392,1153,0,1843,4615,137,991,343,0,82,388,0,0,0,108,0,0,0,0,0,0,203,0,0,166,0,0,0,0,0,0,64
385,A_16061,82004,63003,27342,7046,5700,2031,0,5269,11322,162,908,954,0,650,484,0,0,0,24,0,0,0,0,0,0,146,0,0,139,0,0,0,0,0,0,90
386,A_16062,70495,49345,13591,8022,8489,1682,0,3446,10239,164,605,633,0,286,546,0,0,0,63,0,0,0,0,0,0,522,0,0,106,0,0,0,0,0,0,79
387,A_16063,103299,77226,23698,10865,11747,2486,0,5002,17178,282,1402,1658,0,250,856,0,0,0,150,0,0,0,0,0,0,240,0,0,281,0,0,0,0,0,0,113
388,A_16064,85604,61342,18514,8706,9032,1957,0,4700,14031,257,626,1184,0,231,613,0,0,0,111,0,0,0,0,0,0,177,0,0,161,0,0,0,0,0,0,130
389,A_16065,64174,45991,11734,6584,8424,1065,0,3259,11293,177,960,580,0,230,444,0,0,0,66,0,0,0,0,0,0,197,0,0,104,0,0,0,0,0,0,72
390,A_16066,103660,75849,23942,10517,11910,2697,0,5064,16188,335,843,1371,0,382,894,0,0,0,117,0,0,0,0,0,0,235,0,0,216,0,0,0,0,0,0,147
391,A_16067,109619,80586,22766,11490,12321,2666,0,6059,18435,407,1054,1574,0,298,1252,0,0,0,105,0,0,0,0,0,0,215,0,0,527,0,0,0,0,0,0,207
392,A_16068,58257,42668,12495,5013,6832,1221,0,3242,10178,184,811,841,0,134,582,0,0,0,49,0,0,0,0,0,0,145,0,0,163,0,0,0,0,0,0,88
393,A_16069,53456,39362,11701,5097,6273,1130,0,2442,9809,208,408,759,0,272,418,0,0,0,81,0,0,0,0,0,0,105,0,0,116,0,0,0,0,0,0,77
394,A_16070,88722,67479,17810,8901,10599,2745,0,5159,16656,326,770,1117,0,243,1402,0,0,0,88,0,0,0,0,0,0,244,0,0,302,0,0,0,0,0,0,140
395,A_16071,67184,51318,15849,5869,7294,1822,0,4301,12000,203,622,1212,0,203,709,0,0,0,36,0,0,0,0,0,0,196,0,0,153,0,0,0,0,0,0,141
396,A_16072,47653,33749,9904,4431,5381,945,0,2200,8525,127,380,417,0,247,422,0,0,0,124,0,0,0,0,0,0,99,0,0,73,0,0,0,0,0,0,62
397,A_16073,92002,67574,17611,8125,10912,2066,0,5070,18010,281,990,1294,0,296,1199,0,0,0,105,0,0,0,0,0,0,291,0,0,337,0,0,0,0,0,0,158
398,A_16074,68855,52933,15688,6092,8822,1704,0,4473,12278,250,490,1001,0,219,693,0,0,0,66,0,0,0,0,0,0,193,0,0,179,0,0,0,0,0,0,137
399,A_16075,68269,51372,14470,6210,8354,1354,0,3666,13452,205,603,1005,0,218,602,0,0,0,69,0,0,0,0,0,0,170,0,0,213,0,0,0,0,0,0,130
400,A_16076,84711,64361,19139,7171,9945,1775,0,5468,16203,253,694,994,0,279,737,0,0,0,59,0,0,0,0,0,0,222,0,0,239,0,0,0,0,0,0,224
401,A_16077,77281,55754,15860,6758,8832,1275,0,4164,15061,210,647,715,0,157,501,0,0,0,69,0,0,0,0,0,0,146,0,0,287,0,0,0,0,0,0,164
