,teryt_code,eligible_voters,issued_ballots,spd,cdu,gruene,csu,rep,fdp,oedp,bp,cm,liga,solidariaet,bsa,apd,bfb,familie,dsu,graue,naturgesetz,autonome,npd,forum,pbc,pass,pds,pead,statt
0,A_01001,69149,31592,13008,10616,3999,0,560,1032,108,23,44,20,15,10,224,457,0,15,374,108,75,74,37,74,61,243,13,143
1,A_01002,191055,93879,34973,29314,16315,0,1821,3311,679,68,102,86,44,28,517,1581,0,57,712,244,148,129,175,132,176,1426,11,1056
2,A_01003,171742,80540,30966,29316,9870,0,2258,2388,281,64,125,68,34,13,412,844,0,57,638,229,76,222,113,133,112,647,18,846
3,A_01004,64402,27949,11292,10497,2512,0,626,866,59,27,54,31,8,8,149,297,0,13,193,76,26,55,38,132,26,197,6,412
4,A_01051,104652,52843,18886,23748,4234,0,1017,1768,131,33,59,28,26,10,331,506,0,43,374,139,74,110,49,56,74,179,12,244
5,A_01053,131109,70504,22990,28796,7934,0,2032,3000,242,70,120,34,24,20,481,1049,0,43,553,197,69,338,83,125,108,396,11,914
6,A_01054,122895,61105,21732,26353,6309,0,729,2461,168,43,90,35,32,18,362,610,0,35,448,188,68,140,64,107,93,233,9,171
7,A_01055,154296,82552,29528,35506,7245,0,1838,2758,289,63,130,43,31,23,516,962,0,71,496,254,108,171,81,201,88,380,18,535
8,A_01056,216310,116797,39008,45194,16091,0,2562,5200,316,153,182,64,50,26,751,1681,0,67,955,317,122,210,132,248,175,850,16,1045
9,A_01057,95811,53125,18801,21877,5827,0,974,1899,212,46,72,27,26,20,331,796,0,29,375,141,62,99,39,71,46,359,9,280
10,A_01058,199975,103147,35635,43557,11309,0,1693,4005,391,92,140,63,33,37,572,1346,0,69,700,307,122,169,93,251,125,575,22,576
11,A_01059,142665,74715,27186,32283,7253,0,1002,2413,226,52,90,42,36,32,418,903,0,58,556,255,88,124,51,143,95,323,8,279
12,A_01060,180242,91471,29115,38379,10968,0,1939,3984,317,82,161,49,46,32,638,1223,0,59,755,278,95,202,117,202,127,605,17,1084
13,A_01061,103372,53138,19284,22370,5424,0,1014,1683,141,41,92,34,36,18,297,475,0,40,318,145,65,144,31,146,79,211,16,245
14,A_01062,162833,90356,28102,36570,12550,0,1952,4111,536,89,120,43,27,34,541,1477,0,59,774,258,83,121,116,123,80,589,11,977
17,A_02000,1245025,644190,220503,204760,117417,0,19671,23419,1817,565,773,240,192,141,2682,9704,0,296,7867,1874,800,957,873,978,891,8919,103,11670
20,A_03101,203078,108591,41153,40437,13416,0,2451,4535,288,86,136,39,37,21,353,1184,0,49,693,227,138,153,123,256,133,1257,13,413
21,A_03102,86974,43397,19793,16271,2469,0,1340,1089,70,48,75,14,12,7,163,390,0,27,249,64,43,92,25,82,76,257,12,150
22,A_03103,97027,51144,20083,21551,3754,0,1362,1398,106,56,71,16,15,12,236,516,0,46,351,94,38,159,29,163,65,274,5,152
23,A_03151,115788,62939,22812,27266,5197,0,1900,2239,131,57,99,34,13,19,265,476,0,38,262,133,87,166,31,586,77,292,11,191
24,A_03152,203198,112279,41039,39550,18078,0,2079,4795,392,119,159,34,40,32,451,1030,0,41,477,201,314,205,160,221,100,1467,19,271
25,A_03153,128363,70303,28748,28674,4905,0,1905,2544,139,72,67,31,23,15,287,607,0,43,285,114,49,119,49,134,63,446,7,187
26,A_03154,80060,43547,18006,18170,2812,0,949,1162,90,33,68,13,8,8,213,408,0,24,189,71,21,257,25,101,46,216,10,102
27,A_03155,120645,68978,32396,24433,4599,0,1799,2614,140,63,86,27,25,17,260,500,0,41,262,89,62,103,38,145,83,326,14,186
28,A_03156,70760,37660,17125,14326,2150,0,1004,1187,92,42,48,10,18,8,185,278,0,12,173,44,21,90,19,51,58,193,4,85
29,A_03157,97011,54105,25636,19034,3963,0,1555,1398,107,42,51,20,18,7,248,379,0,21,274,76,54,84,29,99,55,226,10,148
30,A_03158,94573,54408,22793,21430,4196,0,1272,1978,94,48,47,23,22,10,215,529,0,41,210,106,68,108,44,88,76,279,4,188
31,A_03201,389135,208357,78307,70378,30008,0,6188,8536,693,167,287,68,108,37,730,2158,0,336,2097,505,358,397,283,478,349,3276,51,689
32,A_03251,155541,66740,26038,23260,7531,0,1598,3944,317,65,103,33,26,17,300,643,0,26,329,142,52,105,35,162,85,441,21,295
33,A_03252,126426,68196,28872,25145,5838,0,2174,2651,145,70,125,30,27,16,278,620,0,30,297,125,54,135,40,118,78,367,12,235
34,A_03253,449404,251054,100136,96978,22257,0,7708,10264,640,269,482,113,97,56,1119,2414,0,108,1811,484,245,294,150,432,212,1467,49,889
35,A_03254,224875,131683,55773,51137,10547,0,3515,3746,445,127,245,64,51,33,506,932,0,80,777,236,148,243,100,266,161,685,17,347
36,A_03255,65398,37455,18022,12872,2309,0,923,1441,72,33,53,23,11,10,160,298,0,19,141,67,24,88,13,49,51,157,7,108
37,A_03256,93674,40939,16905,15127,3695,0,1231,1612,88,36,74,17,21,6,214,377,0,25,206,66,44,86,25,53,54,185,9,163
38,A_03257,123777,67304,29774,24032,5335,0,2021,2309,169,53,144,31,31,18,281,659,0,41,354,133,86,140,47,285,105,345,14,218
39,A_03351,135026,70724,22953,31858,5316,0,2558,3274,224,76,139,55,32,19,287,1371,0,43,448,153,52,172,45,313,86,338,8,274
40,A_03352,153955,77495,30808,32030,6536,0,1864,2403,148,49,62,29,17,11,266,740,0,24,366,154,49,184,36,93,84,390,12,378
41,A_03353,163680,91461,28864,36834,11626,0,2796,4440,313,126,164,41,34,14,513,2098,0,53,593,238,81,131,62,212,98,629,12,715
42,A_03354,40617,20901,6086,8723,3464,0,751,640,40,18,33,14,9,8,73,251,0,17,98,43,35,80,12,68,38,161,1,71
43,A_03355,118316,60363,21317,22437,7822,0,1586,2622,190,66,88,32,19,11,246,1013,0,34,356,184,65,131,57,91,78,688,17,630
44,A_03356,81121,43069,17854,14180,5837,0,872,1863,102,35,67,10,11,6,170,323,0,18,271,141,50,90,32,140,54,368,4,177
45,A_03357,114669,58926,20825,26392,5919,0,1107,1933,107,35,104,39,39,16,272,459,0,36,189,113,72,100,30,113,55,293,9,175
46,A_03358,101536,51918,18342,21978,4693,0,1674,1956,355,41,76,24,26,14,259,641,0,30,248,88,41,122,27,214,86,245,9,166
47,A_03359,137937,70807,27411,27951,7255,0,1505,2887,186,58,89,33,12,10,289,610,0,41,363,149,55,182,49,92,77,493,15,385
48,A_03360,76642,41439,15264,17486,3696,0,1132,1465,97,47,73,25,19,12,181,457,0,25,191,81,49,178,28,81,53,173,8,172
49,A_03361,95286,47320,18544,16401,6398,0,1059,2168,110,29,55,22,13,10,219,512,0,18,224,122,58,70,24,167,73,313,4,223
50,A_03401,58978,27117,12314,8902,2371,0,796,1052,70,22,25,7,6,5,139,214,0,11,243,66,24,49,15,28,36,271,2,118
51,A_03402,39855,18869,10848,4258,1688,0,385,607,29,9,31,13,4,7,75,122,0,2,101,21,38,30,9,41,22,156,3,74
52,A_03403,116954,59509,23443,17649,10522,0,930,3182,154,36,72,22,16,13,168,568,0,28,421,157,118,91,66,80,76,973,8,218
53,A_03404,123510,68220,24584,27270,9040,0,1164,2728,161,42,104,18,16,11,233,571,0,30,337,147,56,89,81,84,104,630,16,165
54,A_03405,71643,34959,16500,11373,2862,0,1007,1210,50,25,37,12,12,13,133,338,0,24,244,68,31,38,11,26,77,264,3,141
55,A_03451,78550,36584,15043,13130,3554,0,632,2465,77,22,40,11,10,5,134,299,0,11,155,94,31,57,20,44,29,198,2,123
56,A_03452,137867,69563,39388,18156,5350,0,1073,2082,101,36,94,27,23,15,171,310,0,26,218,120,161,87,30,196,72,364,9,272
57,A_03453,97207,45108,10787,27530,2442,0,567,1398,78,41,126,40,13,18,117,295,0,22,140,97,30,43,14,38,41,138,11,172
58,A_03454,205685,108984,27402,67240,5906,0,1272,2887,226,62,250,53,33,25,299,519,0,56,278,153,113,88,43,79,123,273,12,319
59,A_03455,75986,36465,17139,11697,3153,0,759,1825,84,26,49,14,16,12,119,287,0,13,159,68,30,58,26,42,48,194,3,127
60,A_03456,89892,44609,17223,19860,3174,0,521,1658,395,26,103,24,5,10,134,230,0,19,127,69,38,72,17,79,53,146,2,112
61,A_03457,115717,56769,28753,18444,4061,0,947,1486,192,21,136,24,15,17,180,323,0,15,231,120,50,73,29,398,55,288,13,184
62,A_03458,85063,41225,16211,14813,4434,0,896,2730,84,32,51,19,12,7,188,347,0,19,187,106,27,52,19,56,44,260,5,223
63,A_03459,245807,140743,49188,66547,11971,0,2053,4869,287,94,240,73,48,37,551,778,0,69,515,363,119,160,80,190,136,466,31,311
64,A_03460,80941,43500,9315,26560,2491,0,471,1756,130,36,141,38,17,7,131,1122,0,20,114,76,34,27,12,46,40,114,4,124
65,A_03461,71214,33144,16793,9452,2835,0,617,1840,110,16,42,8,9,4,105,171,0,18,190,72,36,55,13,27,40,175,12,94
66,A_03462,41893,18337,8096,7037,1305,0,311,687,36,17,20,7,2,7,75,124,0,11,71,37,23,30,5,18,22,83,6,60
69,A_04011,414605,222546,87673,60733,37604,0,6251,10284,403,157,332,95,113,114,1093,2131,0,204,2942,786,544,588,288,493,392,5048,48,1730
70,A_04012,96850,47122,20838,13790,5162,0,1749,1874,109,34,52,26,16,29,220,472,0,92,598,158,59,134,35,49,132,471,9,325
73,A_05111,423632,239475,87122,84207,33804,0,6863,12371,590,247,345,96,189,29,797,2284,0,89,3135,496,360,415,185,243,298,2284,99,1044
74,A_05112,381566,207980,110824,52596,18820,0,7715,5181,493,165,288,105,172,45,873,1649,0,73,2313,375,191,555,110,230,321,1910,73,717
75,A_05113,479682,266045,123611,80427,29010,0,7843,10050,816,189,414,137,191,76,1117,1940,0,91,2592,356,253,478,138,335,397,2240,75,1112
76,A_05114,174302,97525,35381,37300,11323,0,2698,4675,339,87,164,41,43,12,393,760,0,27,1558,161,82,161,60,145,142,582,42,393
77,A_05116,200339,108284,37102,44238,12493,0,2532,5565,522,112,162,43,72,23,408,818,0,50,1008,224,126,208,64,128,138,636,25,463
78,A_05117,137507,84858,39986,25121,9542,0,1913,3851,236,70,95,28,34,11,382,569,0,20,803,158,76,137,53,136,114,523,11,293
79,A_05119,169034,94312,50322,24661,8721,0,2542,2594,656,77,111,28,43,24,432,488,0,26,864,164,122,337,35,84,158,654,61,293
80,A_05120,88085,47500,19203,16348,4545,0,1693,2581,273,53,71,21,24,5,185,384,0,19,494,94,70,133,38,96,62,402,14,225
81,A_05122,119222,69113,26506,23965,7109,0,2205,4118,984,65,108,36,27,3,293,523,0,29,717,135,118,142,25,117,92,742,19,324
82,A_05124,278417,154328,61578,48600,19749,0,5468,7918,414,151,273,70,90,17,689,1330,0,58,2353,257,593,335,100,362,186,1605,37,806
83,A_05154,203470,123111,40767,58408,10310,0,2061,5264,859,87,232,67,53,19,356,633,0,61,798,202,89,135,41,135,121,388,35,402
84,A_05158,374930,226170,83835,82994,26072,0,6750,12520,743,233,416,112,156,33,1094,2024,0,90,2267,411,322,435,151,424,254,1456,49,1240
85,A_05162,316602,192371,65563,81469,19356,0,4791,9973,743,196,335,113,155,21,757,1519,0,92,1828,362,150,341,109,169,198,1036,59,845
86,A_05166,209657,123667,42243,53149,12423,0,2518,6330,386,139,202,56,83,19,564,832,0,34,1390,253,98,201,60,127,125,548,37,509
87,A_05170,338380,200705,91223,65436,19909,0,5266,8186,590,166,269,77,116,23,752,1612,0,65,1707,346,208,304,92,218,233,1071,51,724
88,A_05313,171307,110401,32291,46687,18075,0,2066,5095,428,67,124,57,57,11,385,726,0,44,832,225,149,187,107,104,136,1104,19,380
89,A_05314,217793,138277,38675,51713,24285,0,2969,9636,828,249,228,62,74,13,490,2236,0,53,1297,337,161,179,212,294,129,1426,44,1168
90,A_05315,675515,381828,146103,115743,65224,0,11404,19876,1198,289,522,177,245,47,1354,2665,0,129,5037,714,478,659,333,496,404,3981,165,1462
91,A_05316,119155,72122,28266,24969,8618,0,2341,3796,218,59,115,20,66,8,360,550,0,30,712,117,76,106,43,71,68,465,14,288
92,A_05354,222044,140042,57536,54594,11968,0,3836,4293,323,100,166,74,86,23,613,818,0,48,927,231,93,342,57,75,185,560,39,571
93,A_05358,188837,114800,42954,48488,9869,0,2617,4535,304,112,189,69,71,18,504,781,0,55,891,216,109,184,51,94,149,434,36,319
94,A_05362,320053,200341,85709,67998,20728,0,5475,9756,643,149,271,82,104,33,823,1220,0,70,1823,327,150,309,105,168,180,871,54,677
95,A_05366,134918,83990,26606,37524,8016,0,2375,4553,371,72,186,49,58,10,334,493,0,40,678,182,58,130,41,165,72,259,27,301
96,A_05370,169335,105025,33376,50606,8675,0,2312,3922,368,93,208,50,73,19,429,631,0,48,677,240,67,193,39,53,146,334,23,352
97,A_05374,201044,121315,43706,49961,11913,0,3138,5809,470,102,360,109,66,25,465,772,0,45,889,192,88,291,68,469,136,523,28,414
98,A_05378,202250,128551,41046,51136,16642,0,3138,8892,502,106,256,60,80,12,565,1105,0,51,1311,263,110,250,87,389,120,705,32,507
99,A_05382,391508,244979,77612,100414,29966,0,5875,14544,1373,322,458,143,154,30,1131,2533,0,100,2195,591,248,379,147,471,278,1245,75,1309
100,A_05512,91138,54739,28894,16261,4238,0,1363,1183,559,28,53,13,28,7,221,251,0,8,325,73,57,120,13,23,65,301,20,144
101,A_05513,214471,111682,58932,28725,9597,0,5512,2466,253,100,192,38,68,22,539,669,0,27,1038,173,84,315,55,154,221,997,36,382
102,A_05515,206723,139593,41079,52225,28647,0,1831,7970,1135,87,199,62,54,17,299,1264,0,44,950,246,153,152,157,111,133,1392,26,435
103,A_05554,240014,147627,44021,78869,12118,0,1980,4808,726,67,346,65,57,19,397,593,0,50,613,213,111,150,48,102,109,459,32,471
104,A_05558,145488,95299,27376,47818,10423,0,1407,4077,304,84,188,57,46,13,289,468,0,41,575,170,92,126,37,41,102,362,12,300
105,A_05562,496164,287194,138564,90185,26119,0,8943,8295,782,213,414,128,172,45,1367,1800,0,97,2256,490,289,617,122,323,395,1601,62,984
106,A_05566,302751,185010,70125,77826,19130,0,2780,7671,583,92,318,58,68,23,450,933,0,60,858,252,136,390,64,133,144,634,34,542
107,A_05570,196561,126407,42777,57367,12200,0,2289,5386,522,97,240,50,75,16,465,823,0,43,916,207,112,198,57,57,112,527,28,454
108,A_05711,240252,147821,57057,49933,22622,0,3537,5610,563,128,318,59,72,20,481,1163,0,55,1148,244,325,357,105,338,140,1376,34,462
109,A_05754,235404,141645,46753,61083,16985,0,2987,6234,851,113,293,58,57,31,499,947,0,60,911,262,161,255,65,130,146,636,40,452
110,A_05758,189685,113406,48860,39342,11385,0,2833,4209,376,119,211,52,65,28,432,1044,0,48,660,202,141,273,63,233,121,544,35,400
111,A_05762,115223,71943,20885,37765,5671,0,1562,2102,648,66,345,62,18,9,254,534,0,34,319,86,67,134,26,43,68,188,15,169
112,A_05766,270515,164758,66841,56915,18541,0,3897,7838,858,178,434,100,113,28,691,1480,0,100,1023,309,176,461,110,789,199,786,50,606
113,A_05770,239588,138271,60493,46585,13463,0,3305,6439,508,90,276,81,73,16,433,1171,0,64,702,249,276,270,78,512,144,564,28,529
114,A_05774,195986,115468,29855,61180,11740,0,2413,4188,621,113,426,76,60,12,349,748,0,52,655,229,88,174,68,154,133,427,36,384
115,A_05911,304118,180774,91654,48149,20577,0,4818,4956,331,148,282,59,106,35,953,1064,0,43,2005,286,265,453,100,265,307,1717,52,559
116,A_05913,445593,265881,133800,69913,30140,0,8548,8220,599,173,273,85,177,47,1029,1736,0,83,2595,477,348,959,180,206,357,2427,86,926
117,A_05914,157385,84940,38164,27259,7602,0,3602,3109,192,75,231,43,35,8,358,748,0,28,846,147,95,324,56,146,114,504,23,343
118,A_05915,131902,78284,33921,29192,6415,0,2533,2197,253,49,100,30,43,6,270,452,0,31,656,123,47,142,29,86,92,369,16,344
119,A_05916,130606,71290,39272,17838,5989,0,2857,1439,101,41,132,18,55,12,362,381,0,21,615,128,74,247,29,105,115,486,34,216
120,A_05954,270311,166714,80427,46729,18181,0,4889,7065,462,147,302,89,71,22,816,1171,0,52,1370,259,178,361,96,379,256,1050,43,601
121,A_05958,208801,130878,41271,67104,9176,0,2919,4422,435,102,371,74,40,11,524,811,0,48,708,171,149,150,48,73,126,360,27,370
122,A_05962,325755,185227,71292,69948,15766,0,8008,8122,739,189,479,148,125,19,851,1513,0,86,1596,381,160,471,104,863,283,838,77,1014
123,A_05966,98629,61454,17351,34864,3982,0,994,1775,158,49,119,37,19,4,172,307,0,27,295,80,35,72,17,59,54,151,17,207
124,A_05970,219992,131466,53173,46301,12066,0,4546,5946,756,173,484,131,67,20,601,1522,0,69,732,179,114,266,74,1390,165,719,23,493
125,A_05974,215303,133001,47463,57982,12094,0,2722,5651,461,117,418,63,78,25,491,805,0,44,1076,336,140,291,62,106,150,457,40,437
126,A_05978,308207,191011,93079,57165,18829,0,5745,5882,544,159,307,66,99,22,935,1102,0,56,1468,365,127,541,80,200,271,1055,59,800
129,A_06411,100179,56910,17776,17787,11192,0,1711,3357,345,83,91,34,20,25,330,704,0,24,496,153,103,233,82,240,115,770,11,242
130,A_06412,394917,219352,60188,78357,38644,0,11856,9878,1089,321,332,105,87,78,1203,3698,0,132,2298,708,457,736,337,440,459,3901,77,983
131,A_06413,73717,38330,12237,13893,4883,0,2704,1531,131,70,46,33,16,11,220,469,0,25,348,119,67,110,30,36,89,505,7,158
132,A_06414,189928,106158,31927,37929,15438,0,6042,5660,507,195,212,67,100,28,623,2019,0,66,916,265,140,252,96,343,173,942,30,646
133,A_06431,193374,110482,36771,43166,11814,0,5670,4655,436,171,257,149,38,36,780,1200,0,56,688,256,137,372,72,280,184,549,17,538
134,A_06432,198316,116142,41451,38315,15560,0,4189,5787,726,199,219,116,54,28,1011,1423,0,72,793,415,102,751,113,569,233,853,45,514
135,A_06433,166969,95312,37515,30283,11722,0,4208,3597,418,168,142,56,45,29,851,1068,0,50,854,317,134,287,86,236,212,737,39,406
136,A_06434,161643,97953,23907,41068,13087,0,3830,7113,624,163,181,91,39,24,694,2847,0,55,658,331,92,253,87,182,152,634,18,512
137,A_06435,287653,153957,51677,57737,16649,0,8508,5983,711,325,367,152,76,48,1279,1974,0,87,1066,506,190,857,130,381,322,1196,41,756
138,A_06436,156465,95441,23434,40609,12122,0,3963,6023,580,199,198,97,52,22,713,3153,0,45,685,335,119,329,107,136,162,629,24,468
139,A_06437,70241,40175,16499,12679,4073,0,1856,1532,199,80,82,45,24,16,270,460,0,26,185,107,32,151,24,205,71,212,16,145
140,A_06438,230945,134876,37981,55201,17493,0,6045,6259,1180,254,212,108,52,35,1063,2020,0,80,1072,507,134,334,88,219,261,1040,31,682
141,A_06439,133026,74154,22045,29272,9309,0,3518,4146,343,128,124,48,27,19,538,1352,0,45,432,203,89,184,54,179,97,405,14,431
142,A_06440,207164,113319,40405,41244,12009,0,4853,5234,508,171,212,91,42,22,857,1609,0,73,623,347,100,797,111,475,185,676,22,496
143,A_06531,183379,104510,37349,34242,13563,0,4929,5475,572,133,226,249,40,44,745,1488,0,40,579,278,119,367,109,393,188,930,22,452
144,A_06532,191781,96163,36965,32339,8482,0,5214,4121,444,152,463,255,33,30,732,1307,0,76,554,254,83,976,64,1087,192,517,19,389
145,A_06533,126266,70860,24191,31794,5385,0,2263,2249,366,77,141,46,32,18,690,576,0,32,384,190,66,245,49,103,108,293,9,240
146,A_06534,181999,100663,36318,33394,14103,0,5018,3772,503,137,328,181,34,46,598,960,0,46,531,230,161,255,143,829,161,1337,29,319
147,A_06535,91154,48275,18601,17463,3902,0,2743,2110,217,66,92,56,36,22,333,411,0,38,211,104,26,142,26,167,77,206,16,284
148,A_06611,146282,78468,28630,25484,12882,0,2298,3468,256,56,121,50,16,23,371,810,0,39,519,185,92,192,96,232,137,1105,3,332
149,A_06631,156492,95281,21003,51985,7635,0,4405,2984,393,201,523,111,35,21,715,1002,0,69,557,283,44,210,77,312,185,404,25,454
150,A_06632,103158,60043,27496,19128,4313,0,2629,1908,208,75,104,55,19,20,297,659,0,43,288,116,47,359,46,244,96,293,7,313
151,A_06633,187616,108687,53250,31261,10702,0,2680,4155,305,94,159,68,27,25,773,808,0,69,550,227,87,204,82,234,158,642,20,370
152,A_06634,147619,89898,43441,25800,7337,0,3778,3926,241,90,149,144,21,22,554,663,0,60,492,171,49,229,55,201,116,416,14,305
153,A_06635,127582,69449,27107,25108,5482,0,2723,4087,798,88,174,48,26,16,379,706,0,47,372,110,37,283,31,221,105,297,10,225
154,A_06636,93052,51198,24474,15833,4084,0,1500,2184,127,51,77,27,6,19,261,431,0,37,225,154,37,114,34,92,86,267,7,166
157,A_07111,85654,58715,21395,24572,5611,0,1206,1863,236,51,121,15,20,12,221,662,0,27,360,88,40,70,33,107,56,272,12,163
158,A_07131,93057,69325,18972,35069,5380,0,1353,2906,1083,86,177,54,36,25,328,568,0,29,374,141,75,86,44,63,67,202,13,212
159,A_07132,99768,75352,28981,31357,5141,0,1740,3026,221,74,204,65,30,14,339,427,0,21,365,130,51,80,31,423,107,226,19,213
160,A_07133,117973,87507,36166,30257,7786,0,2764,4011,479,82,149,49,46,12,403,570,0,27,476,216,67,223,64,136,117,276,11,425
161,A_07134,71003,49867,21531,16872,3482,0,1902,2456,221,42,50,27,21,10,306,359,0,23,249,126,40,98,21,64,88,150,7,163
162,A_07135,51272,41687,10758,23448,2461,0,910,1019,142,42,104,37,8,7,189,212,0,19,154,69,11,46,11,37,31,69,6,102
163,A_07137,155442,116004,43605,51445,8513,0,2096,3308,482,101,151,75,38,16,486,778,0,29,472,174,67,109,65,164,103,254,13,291
164,A_07138,131885,95207,37232,38661,7407,0,2023,3402,692,89,166,51,39,19,467,673,0,37,547,144,65,129,60,266,78,287,13,292
165,A_07140,77475,60470,20914,25536,4864,0,1460,3255,279,68,154,59,22,8,313,452,0,25,253,131,24,93,34,148,77,167,7,179
166,A_07141,97395,72642,31941,25186,5558,0,2059,2675,298,76,109,48,29,7,421,617,0,17,429,171,44,127,41,155,60,243,12,261
167,A_07143,142950,108947,39762,46854,8101,0,2853,3563,323,132,251,77,57,21,726,718,0,33,608,246,61,140,68,332,114,310,14,304
168,A_07211,77082,49436,17517,19952,5989,0,1039,1687,315,39,116,24,18,9,158,343,0,10,300,79,54,55,44,42,48,325,4,170
169,A_07231,87805,66812,20111,31185,5141,0,1808,2908,261,67,156,47,39,13,349,389,0,30,373,168,56,92,26,51,75,172,11,179
170,A_07232,73195,56724,18184,26948,3787,0,1034,1848,396,39,171,56,20,16,268,262,0,27,295,121,23,60,24,43,62,111,8,120
171,A_07233,47981,37266,10363,19784,2519,0,688,1022,156,43,85,42,13,10,201,191,0,16,223,66,15,40,18,36,34,82,9,110
172,A_07235,103015,82198,29715,35411,6231,0,1836,2349,436,86,169,45,31,24,368,417,0,25,371,160,39,102,28,63,96,263,11,231
173,A_07311,34581,23728,8958,8977,1800,0,1387,830,88,28,51,24,14,11,144,249,0,12,101,76,9,41,22,74,29,116,9,81
174,A_07312,76593,48914,19440,16342,4681,0,2388,1995,410,63,85,53,34,19,283,442,0,32,296,122,41,122,54,106,100,290,9,183
175,A_07313,29897,21754,7965,8087,2405,0,852,813,197,12,43,17,8,2,121,123,0,6,104,59,20,66,23,87,38,90,8,60
176,A_07314,113298,74468,31081,25407,6095,0,4340,2086,315,70,136,39,56,24,390,704,0,45,534,206,70,138,76,156,118,457,24,302
177,A_07315,130589,90262,28689,33160,12002,0,3735,4989,1177,91,201,60,49,24,387,1206,0,67,602,175,106,99,124,108,105,807,15,344
178,A_07316,41677,30510,9435,13147,2873,0,1175,1312,584,19,72,22,11,6,138,244,0,8,148,63,19,75,25,57,38,119,6,81
179,A_07317,39207,25434,10412,8899,2043,0,1327,683,136,30,57,16,9,5,132,211,0,11,143,52,21,72,5,32,47,82,8,94
180,A_07318,35967,25038,9067,9154,2533,0,1210,879,460,33,38,17,14,8,139,229,0,13,137,65,33,38,25,93,24,138,4,80
181,A_07319,59414,38575,15377,13253,3526,0,2397,1349,183,44,79,41,10,12,157,235,0,22,186,108,24,98,23,116,50,162,16,112
182,A_07320,28023,18572,8380,5505,1153,0,809,895,508,18,31,22,16,13,139,164,0,13,86,42,23,52,7,19,34,91,0,70
183,A_07331,85055,66821,27710,20440,6551,0,3467,3285,287,88,109,44,30,16,430,464,0,30,299,190,48,227,41,136,89,215,19,234
184,A_07332,99559,77022,28849,27888,6922,0,3817,3653,628,73,151,65,38,17,457,492,0,18,349,213,50,199,46,203,105,252,14,268
185,A_07333,56336,43615,19791,12367,3684,0,2095,2107,279,60,78,36,25,13,242,279,0,25,193,107,21,175,22,83,70,117,2,111
186,A_07334,83972,64860,22034,26613,5160,0,3297,2307,1198,52,144,53,26,16,323,414,0,31,226,184,42,116,39,206,87,173,14,160
187,A_07335,81110,63757,25508,23471,4398,0,3469,1953,321,101,125,31,22,16,460,369,0,20,276,162,38,163,32,162,116,134,16,171
188,A_07336,62114,47518,24271,12052,3335,0,2935,1379,186,44,62,28,16,12,287,309,0,5,190,108,23,142,21,87,79,134,4,131
189,A_07337,81062,65648,21693,27049,5858,0,2582,2753,499,85,256,53,40,15,383,404,0,31,287,177,62,293,33,242,104,167,20,174
190,A_07338,108122,84852,30669,33155,7092,0,4306,3432,584,111,165,57,28,17,487,709,0,17,392,202,54,136,74,189,105,268,20,279
191,A_07339,139472,107523,38904,38972,11859,0,3703,5507,731,123,209,58,67,23,686,919,0,69,564,275,93,215,88,171,127,557,16,393
192,A_07340,81932,67165,22854,27493,4757,0,3436,2479,480,91,187,67,36,37,509,416,0,23,283,202,41,188,27,131,154,116,18,154
195,A_08111,375099,241831,62710,83118,41131,0,16734,15569,2811,279,376,276,264,46,1243,2479,0,60,1842,644,258,285,297,795,264,2173,76,1865
196,A_08115,234530,159621,37802,62611,23942,0,9366,8866,1415,258,502,408,69,27,1211,1542,0,57,1003,490,146,331,142,1134,183,712,28,1933
197,A_08116,338428,232038,58952,88938,31627,0,16585,12567,2213,356,561,447,88,58,1575,2105,0,78,1265,685,196,354,190,1497,227,1072,82,2572
198,A_08117,176513,116126,32177,43555,12371,0,7982,6098,1943,176,278,222,59,20,716,1125,0,25,683,374,109,285,71,605,138,439,27,743
199,A_08118,330825,226363,58410,83551,31511,0,15770,12232,1771,310,499,375,77,37,1416,2384,0,68,1510,682,209,432,192,1987,257,1093,66,2882
200,A_08119,277073,180555,45059,66041,21705,0,13463,12038,4262,278,463,378,109,42,1187,1643,0,66,1090,471,129,369,139,2386,164,751,38,1078
201,A_08121,81095,50832,15767,17157,5387,0,4759,2541,290,64,97,64,13,6,320,719,0,14,333,134,44,76,33,186,51,281,13,335
202,A_08125,207469,143230,39720,51806,15063,0,11054,7575,1951,170,349,317,50,28,1024,1674,0,38,749,378,86,340,96,1077,108,525,19,905
203,A_08126,72525,48528,11571,19657,5397,0,3280,2885,646,81,162,107,32,9,349,466,0,18,229,207,28,160,45,279,56,181,15,315
204,A_08127,127794,81913,21546,32874,9090,0,4228,4351,1798,142,233,224,37,18,458,587,0,23,346,204,104,288,92,696,104,309,17,403
205,A_08128,100454,72033,15619,33988,6471,0,4534,2611,1057,128,333,122,59,16,449,728,0,31,335,224,39,178,48,368,105,205,13,376
206,A_08135,95958,63602,18820,22567,6892,0,5664,2123,997,74,110,100,18,8,300,416,0,34,266,155,38,60,39,607,43,292,13,243
207,A_08136,220312,147688,38294,64525,15318,0,7993,5400,1464,205,346,291,49,29,709,976,0,50,585,412,103,206,62,585,142,428,27,945
208,A_08211,39631,24614,5433,10598,3235,0,996,1698,179,31,28,55,14,7,136,415,0,7,203,87,16,55,23,73,29,143,5,183
209,A_08212,204701,115343,35141,41603,17584,0,4206,6008,1364,91,128,152,31,15,379,1318,0,33,559,210,133,300,134,414,121,926,31,855
210,A_08215,291787,199982,53183,84207,21161,0,10514,7806,1508,213,540,417,74,28,1178,1856,0,44,927,521,145,456,141,1299,198,617,44,1184
211,A_08216,158489,105707,26288,47172,10097,0,5507,4059,769,117,200,213,43,26,641,997,0,30,432,304,51,222,55,237,130,308,16,582
212,A_08221,95953,63884,16712,21381,13516,0,2508,3348,492,46,74,57,29,12,232,823,0,20,320,147,67,85,106,161,67,1009,22,567
213,A_08222,208190,121780,41762,40120,15109,0,7579,4182,449,123,119,132,41,20,547,1368,0,44,731,257,122,296,82,258,151,1157,24,1452
214,A_08225,105009,74479,18777,33267,5931,0,3832,2429,1022,73,175,132,18,11,439,2204,0,19,292,169,42,187,25,342,64,209,14,374
215,A_08226,371104,261615,77006,101132,31041,0,12146,11814,1523,248,391,397,89,51,1425,3211,0,74,1178,583,177,1109,163,697,305,1253,42,1772
216,A_08231,80321,45806,11536,17733,4824,0,4102,2412,287,68,80,123,31,11,339,717,0,9,337,134,55,83,38,252,47,235,11,479
217,A_08235,105638,71277,15850,30111,7712,0,4845,3704,596,94,298,473,16,11,496,791,0,26,473,218,46,190,55,1176,101,271,17,478
218,A_08236,130803,88409,24014,31425,10453,0,6964,4646,680,116,278,265,43,17,734,967,0,20,520,288,83,167,68,1046,98,319,16,732
219,A_08237,82948,54913,12851,24694,4946,0,3277,2563,694,78,232,128,7,12,344,453,0,20,312,178,19,109,41,984,72,177,15,276
220,A_08311,138409,88237,21134,25716,24749,0,3103,4008,1833,85,102,107,22,31,325,624,0,23,587,219,277,81,175,344,141,1059,21,611
221,A_08315,166569,116380,26715,46668,18576,0,4071,6750,1959,116,294,208,41,19,615,780,0,22,705,381,104,113,102,626,101,442,26,657
222,A_08316,107899,73345,20401,27647,10590,0,2616,3508,750,66,261,152,16,15,386,403,0,27,407,217,69,118,42,356,55,286,16,552
223,A_08317,288997,190681,46918,83006,20597,0,7588,7427,1569,210,733,354,75,29,911,2376,0,58,862,635,133,285,134,826,213,660,40,1290
224,A_08325,100302,66978,15048,30022,5094,0,3439,3023,2449,113,235,214,19,9,436,434,0,22,386,219,58,214,64,473,94,244,16,361
225,A_08326,147989,92941,22472,39615,10449,0,3882,5457,970,108,300,327,26,27,595,612,0,95,613,238,98,322,64,505,110,311,30,630
226,A_08327,89901,63260,13400,29302,6005,0,3191,3380,721,98,143,204,19,7,396,499,0,26,299,181,41,301,48,299,90,181,10,375
227,A_08335,182583,113991,27478,46744,16373,0,3888,6336,815,164,234,232,42,44,773,998,0,45,682,354,130,260,122,471,171,595,32,1093
228,A_08336,150246,93335,28189,33480,12520,0,3656,4912,709,127,251,185,39,24,510,561,0,15,723,367,131,195,152,887,122,538,22,662
229,A_08337,113750,75123,17161,33723,8493,0,2737,3620,1727,104,173,137,21,23,523,461,0,21,405,233,58,110,49,457,89,301,21,382
230,A_08415,187467,126538,30388,50578,15533,0,7952,7083,1023,207,462,656,48,26,872,2156,0,39,799,407,109,248,125,1081,154,601,28,845
231,A_08416,134569,93836,23677,32377,17562,0,4785,5147,928,111,281,262,35,30,707,1317,0,26,566,325,170,129,176,815,121,884,16,492
232,A_08417,137006,87077,20820,38872,7506,0,4952,4350,733,135,207,249,34,16,581,1347,0,31,476,303,60,273,62,433,144,232,24,603
233,A_08421,77474,50187,14691,18093,7042,0,2836,2646,538,77,85,70,20,9,274,721,0,16,355,256,54,77,41,198,71,312,16,264
234,A_08425,125297,91639,20780,43143,8794,0,5168,3705,1455,108,279,265,31,14,511,733,0,37,400,253,62,186,57,737,117,228,15,443
235,A_08426,124744,88722,14134,47526,8166,0,5509,2669,2206,141,397,344,42,18,505,803,0,31,398,336,76,267,41,372,87,187,15,517
236,A_08435,137377,92011,18960,40403,11577,0,3946,4761,2580,147,282,271,42,15,551,1058,0,42,466,275,90,253,85,358,137,352,32,915
237,A_08436,183874,122662,22144,58138,13303,0,6412,4604,6356,217,383,668,37,18,766,1150,0,54,561,416,123,201,82,576,162,388,24,961
238,A_08437,90408,63630,10966,33609,5998,0,3346,2293,988,110,206,220,33,14,379,580,0,20,345,194,26,140,31,245,88,192,11,350
241,A_09161,78491,41086,9710,0,3016,20425,3574,1062,595,550,56,51,14,9,194,535,0,33,143,119,23,50,27,78,48,219,5,146
242,A_09162,850746,502961,142792,0,67948,189511,29573,24372,6119,6491,344,413,228,93,3718,13694,0,162,2717,1259,444,450,618,794,599,3930,111,2391
243,A_09163,40976,21617,3762,0,1950,9339,2488,664,427,623,35,55,13,4,98,1282,0,6,151,81,46,32,22,61,46,71,11,95
244,A_09171,77819,45494,8417,0,2489,25627,3311,1116,1114,1383,97,62,40,8,169,519,0,27,169,125,31,26,19,27,58,91,10,126
245,A_09172,72000,40766,6482,0,3099,22308,3702,1047,1078,849,89,175,11,8,134,778,0,12,128,80,27,59,21,101,46,84,9,85
246,A_09173,80480,48536,6868,0,4271,25348,3111,1679,850,1571,60,56,7,7,238,3225,0,17,191,153,30,36,32,63,52,119,7,163
247,A_09174,86169,49510,9047,0,3944,23964,4574,1590,1642,1033,70,64,17,10,405,1739,0,26,211,123,27,30,29,81,64,139,17,242
248,A_09175,79388,47897,9205,0,5100,23158,2302,2195,983,1113,58,64,25,3,348,1986,0,14,215,134,43,30,43,68,55,171,8,205
249,A_09176,79480,48830,11129,0,2740,27306,3214,931,841,814,98,109,8,7,198,377,0,13,101,127,28,47,14,43,45,112,4,119
250,A_09177,73663,40928,6595,0,3051,20988,3320,1102,1532,1228,74,103,21,5,227,1639,0,12,131,93,36,18,15,35,39,156,7,150
251,A_09178,96258,52889,9511,0,6076,25339,3265,1884,1625,1190,56,75,16,6,383,1904,0,18,231,123,35,115,48,104,52,240,13,212
252,A_09179,138480,84237,18098,0,9573,37550,4913,4041,1740,1641,81,82,25,11,599,3336,0,29,440,232,63,52,83,142,113,295,28,425
253,A_09180,63913,36526,3930,0,2409,20778,2064,1174,1466,784,64,57,47,3,159,2696,0,27,151,110,16,30,21,40,27,76,6,83
254,A_09181,71025,38882,6802,0,4039,19840,1937,1482,992,1425,82,89,9,5,190,890,0,15,158,103,20,27,31,78,40,113,10,203
255,A_09182,65853,38549,5705,0,2813,20668,2334,1287,512,936,52,51,10,3,164,3035,0,23,134,103,17,39,31,41,38,92,8,146
256,A_09183,77377,42559,6322,0,2227,23752,3537,970,762,1601,124,77,32,4,237,1817,0,19,146,85,30,29,15,44,65,75,5,155
257,A_09184,202109,124740,27542,0,14637,54065,6277,8253,2766,1886,117,159,47,9,888,4648,0,39,578,318,81,97,120,192,138,481,24,624
258,A_09185,62808,34161,7163,0,1954,19316,2472,773,486,621,47,32,10,1,158,323,0,17,101,56,30,32,10,36,34,65,9,95
259,A_09186,75164,42793,8700,0,2810,22584,3654,1117,1106,882,45,52,9,6,230,575,0,20,125,92,37,45,16,56,47,102,8,139
260,A_09187,160105,92841,13440,0,7271,46690,8323,2817,2118,3449,176,177,33,15,431,5222,0,27,449,288,62,86,64,167,112,207,19,363
261,A_09188,88643,55283,9662,0,7039,25388,2315,4368,1110,935,41,57,21,3,261,2647,0,19,200,175,38,52,56,57,58,183,13,229
262,A_09189,120430,70137,12433,0,5640,37274,4899,1799,1885,2621,138,266,11,7,269,1112,0,26,242,169,43,65,27,84,83,217,16,191
263,A_09190,87648,50699,9063,0,4127,24740,3057,1392,1178,1610,84,107,11,4,264,3559,0,10,213,138,44,56,35,101,61,123,16,193
264,A_09261,45927,24984,5320,0,2221,12777,1668,757,571,344,38,29,9,1,105,358,0,8,170,70,16,31,8,34,31,76,5,75
265,A_09262,39289,20151,4353,0,1679,10004,1014,957,763,246,31,14,3,3,65,526,0,2,70,44,31,16,20,24,31,66,6,52
266,A_09263,33481,16648,3423,0,656,9151,1263,346,844,254,11,17,7,3,67,190,0,4,69,30,11,17,9,20,21,53,0,38
267,A_09271,83189,40095,7856,0,2025,22497,3574,805,784,867,58,30,20,8,189,399,0,19,135,83,12,45,15,117,48,78,8,90
268,A_09272,62011,26835,6085,0,1107,14469,2147,484,755,714,48,40,4,8,100,296,0,9,102,70,8,18,6,26,49,25,1,40
269,A_09273,74901,39131,9486,0,2110,20183,3715,821,841,655,78,34,6,3,125,245,0,19,119,59,19,52,11,33,43,88,4,92
270,A_09274,96909,52313,9747,0,3363,28274,4317,1482,1602,1276,70,66,15,6,272,551,0,19,180,128,33,53,19,94,42,119,11,129
271,A_09275,134433,63044,13526,0,2879,34541,4710,1343,2014,1246,170,61,9,13,215,940,0,29,161,126,27,97,16,38,73,95,9,124
272,A_09276,62454,28961,6137,0,1297,15432,3331,435,649,668,35,31,3,6,101,233,0,18,100,65,23,14,3,44,24,38,5,41
273,A_09277,86182,40651,6929,0,1681,23622,3404,835,1261,1146,141,53,17,9,163,442,0,29,110,74,20,70,11,44,37,97,11,70
274,A_09278,66955,38212,6520,0,1218,22202,2969,794,2183,1013,37,21,8,7,151,274,0,10,101,45,11,56,6,38,28,56,5,57
275,A_09279,63194,34469,7165,0,1482,19210,2689,637,1287,732,42,38,12,8,154,243,0,13,95,56,25,45,14,43,27,54,4,58
276,A_09361,33564,18439,5117,0,1272,8923,1170,472,341,233,34,28,7,8,81,173,0,11,114,56,9,16,4,50,38,64,2,54
277,A_09362,95920,53727,12906,0,5206,26254,3133,1446,1478,834,55,30,20,14,180,489,0,38,273,162,56,51,37,70,42,424,6,135
278,A_09363,34457,18948,5570,0,1052,9264,1021,484,337,232,16,26,14,5,96,159,0,18,72,49,13,18,14,66,33,76,3,80
279,A_09371,78932,46050,13252,0,2492,22748,2948,991,925,717,113,58,26,15,217,279,0,41,146,102,30,39,12,115,67,102,4,110
280,A_09372,97403,47150,9290,0,1893,27044,4248,795,1095,806,88,59,19,13,188,325,0,21,149,154,26,34,10,101,46,69,9,64
281,A_09373,86819,51201,9544,0,2771,31114,3020,1062,841,803,79,66,15,4,230,385,0,24,142,116,33,111,23,80,53,102,11,114
282,A_09374,74251,43231,12340,0,1687,22702,2530,872,756,575,86,49,16,5,180,259,0,21,119,60,27,55,15,97,51,85,5,112
283,A_09375,123530,72224,18078,0,4210,36397,5304,1645,2106,1574,105,70,84,14,349,522,0,30,236,183,41,69,14,91,58,185,5,171
284,A_09376,107951,59744,18067,0,2632,28913,4383,934,1505,865,98,58,24,22,275,439,0,39,166,120,59,46,21,88,47,134,7,97
285,A_09377,62397,36693,9829,0,1414,20300,1890,724,563,507,66,59,6,3,170,240,0,24,110,72,14,57,17,33,34,49,4,81
286,A_09461,54432,27558,5993,0,3284,13197,1362,1002,817,368,69,38,5,2,112,460,0,7,173,58,26,27,19,44,57,170,13,94
287,A_09462,57153,28679,8714,0,3263,11805,1326,1303,612,211,46,38,4,7,77,289,0,21,134,52,30,63,26,146,38,141,5,117
288,A_09463,34098,19074,6247,0,1897,8091,815,768,259,107,15,13,7,3,80,187,0,4,64,23,18,43,22,48,27,122,3,70
289,A_09464,40052,19470,6352,0,1070,8906,1276,420,177,138,49,22,4,1,89,295,0,5,75,42,6,34,14,177,17,70,2,52
290,A_09471,100633,57254,11379,0,3901,31989,3623,1366,1246,1002,140,73,14,8,371,529,0,21,212,153,53,59,30,146,96,119,11,179
291,A_09472,81832,46801,13744,0,2861,22787,3016,1179,760,480,76,60,11,5,187,392,0,23,157,85,24,67,22,99,55,108,5,120
292,A_09473,68591,41945,15461,0,2966,18064,1984,1110,402,340,39,24,12,12,158,312,0,12,104,82,23,82,26,61,50,125,4,102
293,A_09474,80585,48519,10369,0,3704,25571,3824,1424,831,554,91,85,10,3,253,394,0,11,153,101,34,50,31,202,54,146,11,157
294,A_09475,86922,48939,17325,0,2329,22278,2662,905,510,421,99,46,7,6,258,409,0,20,159,73,23,56,41,465,71,175,5,88
295,A_09476,60948,36678,13307,0,1604,17910,1661,549,223,183,37,30,6,4,109,191,0,10,55,39,21,29,12,79,37,79,7,72
296,A_09477,61266,34448,11737,0,2248,15002,2465,783,468,288,50,35,6,5,154,261,0,15,119,41,31,64,22,144,37,138,2,61
297,A_09478,53508,29166,7963,0,1900,15633,1234,605,369,336,66,32,4,2,113,214,0,11,50,63,19,51,14,66,29,46,3,71
298,A_09479,70936,39179,14654,0,2066,16872,2236,739,394,460,61,23,9,7,153,316,0,14,147,81,31,71,19,109,61,126,9,106
299,A_09561,30050,16031,4429,0,1344,7227,820,466,791,97,35,12,4,2,72,190,0,17,98,36,18,26,10,60,19,55,4,58
300,A_09562,73734,44844,12186,0,6740,17473,1817,2675,1156,232,78,38,17,8,166,504,0,17,307,90,71,71,84,186,89,346,13,217
301,A_09563,77637,40507,12666,0,4499,15038,3424,1396,540,243,80,36,21,6,231,464,0,38,265,97,45,85,46,143,65,291,16,290
302,A_09564,356845,204510,61044,0,23734,80709,14640,6668,2292,1265,392,119,159,43,1146,2889,0,123,1683,555,237,626,197,598,438,1753,59,1150
303,A_09565,28274,15583,4383,0,1767,6663,1013,559,193,128,35,15,5,1,78,160,0,6,97,31,13,21,9,58,16,85,6,116
304,A_09571,128954,73342,16811,0,5714,36554,4958,2144,2651,686,304,93,23,13,416,517,0,51,270,133,66,215,42,363,95,226,10,253
305,A_09572,89814,55083,14367,0,5863,24577,3242,2619,1142,432,99,49,14,9,321,500,0,25,234,113,46,157,47,167,82,226,13,288
306,A_09573,81143,48545,14841,0,4584,20151,3377,1751,791,376,121,34,22,9,288,538,0,21,204,118,38,117,36,213,71,185,7,288
307,A_09574,123951,72880,21784,0,7035,31119,4933,2525,961,618,126,57,25,15,396,837,0,29,372,184,52,200,48,305,102,260,21,337
308,A_09575,70611,39752,9738,0,2887,19517,2872,1262,1198,347,133,28,8,11,170,288,0,20,144,90,28,131,23,171,56,113,6,134
309,A_09576,87825,50063,13111,0,4009,25196,2764,1315,736,483,116,46,15,6,283,419,0,26,239,144,37,66,28,129,72,157,13,263
310,A_09577,69959,40161,10024,0,2858,20762,2547,987,958,313,113,53,13,4,157,239,0,18,124,110,24,55,26,116,52,106,6,103
311,A_09661,48019,23301,5802,0,2464,10850,1599,719,308,154,46,37,6,2,102,249,0,16,142,75,52,45,19,37,25,169,6,128
312,A_09662,41164,23701,7701,0,1680,10549,1454,624,337,143,37,21,8,7,95,242,0,20,116,43,22,49,23,42,39,107,5,82
313,A_09663,96951,54957,12860,0,8195,23089,2996,2485,1482,314,93,80,19,9,265,814,0,36,459,115,58,53,75,248,94,384,9,254
314,A_09671,124472,67834,16789,0,6030,33655,3871,2017,1220,528,166,123,38,15,390,552,0,62,256,221,75,84,30,64,97,284,9,401
315,A_09672,83524,49174,9526,0,3227,28745,2613,1298,687,419,140,49,15,17,268,707,0,52,175,110,29,69,25,124,69,124,16,131
316,A_09673,63652,37383,6690,0,2621,23192,1738,853,436,280,109,46,11,5,167,272,0,34,127,78,35,46,9,61,47,107,10,90
317,A_09674,65507,39791,10025,0,2553,20906,2161,1250,740,380,95,59,9,8,185,281,0,37,113,68,40,61,20,76,62,126,8,121
318,A_09675,64163,36336,8256,0,2776,18065,2645,1208,1116,347,92,70,17,9,187,309,0,32,146,75,35,109,24,169,44,73,7,114
319,A_09676,89661,52147,12533,0,4465,26330,2925,1621,1290,455,103,161,41,11,263,363,0,41,190,130,34,117,23,47,55,161,4,177
320,A_09677,98208,56756,13393,0,4546,29751,3098,1539,1125,432,135,74,25,17,296,563,0,33,237,103,35,63,23,107,84,156,7,223
321,A_09678,85929,52802,11243,0,4081,29585,2824,1325,869,445,146,62,29,10,335,339,0,41,186,111,47,95,21,109,76,103,14,177
322,A_09679,114413,71395,18320,0,7218,34336,3652,2276,1329,518,151,75,34,17,445,675,0,44,342,173,54,98,47,275,91,233,16,304
323,A_09761,184574,99612,24231,0,11053,43271,8803,2951,2436,1507,247,105,43,21,453,1077,0,36,528,279,88,188,91,286,144,510,21,347
324,A_09762,31679,17362,3578,0,1489,8599,1065,689,468,312,38,37,6,2,138,221,0,12,140,58,18,102,13,45,20,51,4,87
325,A_09763,46073,24942,5845,0,2336,11178,1626,1171,952,351,47,92,9,5,149,277,0,20,156,78,12,40,9,127,41,82,9,81
326,A_09764,28976,16194,4085,0,1359,7268,1043,546,700,166,50,18,7,4,72,207,0,4,107,43,11,41,9,168,28,54,1,63
327,A_09771,85225,47434,8420,0,4461,24953,3925,1521,943,969,83,66,31,5,278,517,0,14,188,140,28,56,28,115,48,114,19,184
328,A_09772,161344,86158,18042,0,8029,43249,6215,2794,1974,1464,227,113,48,11,467,1058,0,45,372,267,50,149,51,195,92,235,11,353
329,A_09773,64926,33855,6786,0,2120,17971,3150,1088,754,483,77,47,20,4,153,290,0,23,105,80,24,34,25,52,25,70,7,107
330,A_09774,83946,43466,8463,0,2908,23412,3249,1205,1312,725,118,48,21,2,231,373,0,26,258,138,42,84,23,83,45,117,11,166
331,A_09775,110813,58388,15039,0,5674,26157,3304,2390,1345,744,170,83,40,4,352,814,0,29,304,180,51,142,45,240,82,195,20,288
332,A_09776,54802,29298,5817,0,3085,14039,1217,1532,1106,421,114,131,22,9,131,599,0,21,201,78,50,37,21,172,34,84,7,131
333,A_09777,92615,51096,8384,0,4301,28115,2529,1844,1630,1786,187,116,24,4,229,565,0,16,221,150,39,143,24,91,49,88,10,179
334,A_09778,95283,52394,7605,0,3314,30025,3257,1571,2402,1100,213,140,34,8,327,742,0,45,252,162,45,115,22,227,38,111,14,161
335,A_09779,93344,50703,11240,0,3555,28111,2575,1228,994,623,124,61,21,10,235,661,0,17,188,106,40,103,19,87,43,86,15,127
336,A_09780,106450,60228,9897,0,5496,32903,2613,2898,2113,1098,161,312,24,10,293,604,0,15,312,201,53,67,34,200,64,140,17,225
339,A_10041,276563,192698,81508,60716,17810,0,7939,8633,994,60,363,59,49,48,1212,1690,665,21,1165,286,190,282,125,117,260,1187,47,562
340,A_10042,81055,64366,25228,24384,4137,0,2325,2236,517,28,243,26,15,15,292,366,196,13,243,72,87,180,15,57,68,123,13,188
341,A_10043,118133,86384,41045,26577,5875,0,3711,2510,283,35,187,37,24,17,509,449,346,13,375,113,73,79,31,66,113,333,21,218
342,A_10044,164154,124169,50580,44159,9516,0,5241,4214,683,72,389,57,46,51,710,796,478,22,532,184,115,129,43,121,185,338,23,303
343,A_10045,123141,91307,35486,31060,7910,0,4182,3385,571,54,232,42,17,12,585,921,895,10,400,140,126,99,53,130,133,371,19,411
344,A_10046,75855,62785,25143,25722,3736,0,2176,1262,209,27,143,30,2,11,307,279,201,31,153,67,57,52,14,54,62,149,5,209
347,A_11000,2513128,1343515,372559,375889,189176,0,44197,42310,7242,949,1203,543,1113,635,11401,11529,0,2035,21670,4739,2374,2253,6073,2043,6841,211055,583,6735
350,A_12051,70865,24638,9612,5034,1127,0,457,697,88,14,41,34,39,29,185,397,0,54,277,91,27,65,107,51,329,5429,15,73
351,A_12052,95219,37605,12528,8592,1827,0,592,853,115,29,65,51,45,23,335,274,0,124,283,127,81,83,212,47,401,10224,46,73
352,A_12053,62140,25801,7764,4258,1595,0,622,491,125,26,27,29,46,12,270,242,0,49,253,89,31,143,176,72,350,8685,28,42
353,A_12054,105571,48598,16668,6178,2914,0,740,829,275,35,43,36,35,28,357,330,0,79,423,158,135,98,295,102,468,17627,37,135
354,A_12060,114105,45410,16713,9571,2224,0,1070,1006,162,46,96,90,54,37,469,362,0,155,386,176,50,96,246,58,573,10868,32,109
355,A_12061,109294,51704,18841,11737,2217,0,1385,1362,351,64,103,101,62,25,591,480,0,171,404,185,56,127,217,81,610,11424,43,124
356,A_12062,106659,47000,15215,14969,1952,0,1233,1797,167,80,137,144,64,38,576,385,0,411,335,225,46,154,265,87,713,6783,31,114
357,A_12063,99702,40078,16016,8854,1599,0,868,1339,135,49,71,73,56,26,368,322,0,125,409,159,79,118,219,56,537,7775,32,128
358,A_12064,128432,52678,18367,10670,2083,0,1266,1728,210,70,114,100,72,41,514,380,0,175,440,208,44,149,284,108,723,13768,39,106
359,A_12065,129315,54006,20415,11592,2562,0,1317,1313,184,64,110,85,69,46,578,399,0,204,461,205,48,134,267,135,665,12018,37,134
360,A_12066,120821,47218,15487,14574,1732,0,1202,1153,129,58,130,114,69,40,543,391,0,433,262,159,67,152,250,79,677,8136,61,95
361,A_12067,143236,58678,21336,12283,2648,0,1584,1501,248,96,117,82,73,55,632,615,0,186,530,228,46,196,403,93,882,13496,65,164
362,A_12068,86230,32562,12951,8069,1396,0,649,1059,143,45,66,70,41,25,251,229,0,102,190,112,36,115,148,118,426,5626,20,55
363,A_12069,132968,59739,23376,13265,3248,0,1239,1821,256,117,107,87,87,57,615,640,0,161,485,248,75,140,301,166,664,11328,70,120
364,A_12070,79725,32541,12357,9193,1080,0,741,1062,76,61,90,56,37,22,266,248,0,106,201,86,33,106,136,55,398,5435,23,71
365,A_12071,115135,46093,14299,14220,1678,0,1097,1205,126,61,125,86,67,28,499,378,0,327,406,184,46,144,225,66,684,8954,31,87
366,A_12072,111779,48113,19872,10065,2084,0,1162,1244,264,62,89,83,61,35,477,471,0,121,419,196,46,122,206,139,661,9216,39,131
367,A_12073,121663,48970,18670,10973,1957,0,1124,1049,97,76,96,85,68,43,481,347,0,176,298,118,43,140,186,54,745,10954,47,93
370,A_13001,46431,29162,4081,10723,1561,0,758,398,76,38,18,25,48,4,259,372,0,43,198,59,39,72,240,51,285,8154,33,76
371,A_13002,62527,41233,7803,10562,2042,0,1051,700,156,39,30,27,70,13,428,339,0,65,219,119,53,76,267,60,370,14813,43,140
372,A_13003,180963,103083,25238,20442,7856,0,1960,1911,336,86,81,81,192,26,762,1273,0,176,789,203,111,205,939,167,786,34867,79,370
373,A_13004,91241,58631,14347,12154,3527,0,733,1304,252,47,30,58,105,15,475,321,0,433,414,116,50,389,844,87,378,19667,41,211
374,A_13005,53270,34683,6032,12049,1600,0,1146,558,69,30,33,28,67,8,370,371,0,62,254,69,34,65,218,94,339,8726,34,144
375,A_13006,39859,23406,7346,6534,888,0,425,445,54,12,22,27,29,10,191,264,0,34,257,39,15,47,301,27,175,4965,20,69
376,A_13051,69555,47603,10354,15299,2335,0,1005,1206,108,59,47,67,113,27,452,575,0,105,323,131,57,131,394,78,437,10482,55,169
377,A_13052,74718,52866,8279,22290,1267,0,1319,920,105,95,76,109,107,32,488,412,0,149,260,147,32,119,242,92,417,11256,60,115
378,A_13053,87456,60123,13935,18450,2653,0,1359,1395,129,84,67,100,116,41,484,515,0,221,339,163,96,137,381,108,506,13818,62,183
379,A_13054,94146,63919,16570,19967,2755,0,1116,1615,127,114,93,102,139,42,583,403,0,203,384,166,63,241,507,93,444,13061,60,210
380,A_13055,63480,44129,9332,14463,1640,0,1439,962,97,80,39,78,91,39,431,289,0,143,239,136,47,124,254,77,377,9959,40,97
381,A_13056,53212,37877,8478,12113,1708,0,1052,834,88,69,45,80,135,30,332,241,0,105,177,85,28,78,271,71,271,8441,42,100
382,A_13057,87872,59193,10255,22460,1840,0,1561,1115,141,115,73,98,176,34,572,501,0,188,395,143,59,144,358,67,604,12668,71,195
383,A_13058,82020,53842,14095,16258,2081,0,947,1109,140,86,59,109,93,37,465,409,0,167,386,179,65,154,484,99,402,11817,59,179
384,A_13059,86997,59772,8858,23099,1636,0,1915,1231,126,86,74,87,122,42,566,539,0,158,267,168,70,146,301,162,633,13595,71,170
385,A_13060,78924,54303,12544,16932,2127,0,1113,1625,142,77,81,87,119,29,490,379,0,200,325,147,47,143,417,105,453,12350,63,165
386,A_13061,60341,38260,5794,12334,1352,0,1091,919,71,45,48,73,124,26,434,372,0,85,275,130,50,75,274,73,583,10598,77,106
387,A_13062,67502,46478,6946,17811,1401,0,1606,794,93,70,41,56,80,9,381,271,0,156,240,125,41,117,176,81,460,11578,48,78
390,A_14001,221999,150855,41083,43307,9372,0,3776,4038,474,84,223,275,101,66,1772,1251,0,1621,1627,420,231,227,2309,387,1411,30206,147,455
391,A_14002,372414,249363,35132,87388,20371,0,6675,9054,1371,177,320,418,374,133,2818,3872,0,3678,3746,788,355,664,3234,412,2393,54454,384,1092
392,A_14003,53776,34280,5987,12323,1783,0,1468,1048,118,45,64,122,27,22,409,409,0,1083,482,108,35,131,344,60,522,5921,28,135
393,A_14004,382946,221944,55138,56447,21781,0,5489,6244,907,150,195,146,148,130,2504,3518,0,3430,3725,548,296,405,3676,376,1907,46169,315,695
394,A_14005,55588,35656,8081,12757,2243,0,1330,1621,92,18,68,63,22,7,373,268,0,257,370,93,60,60,481,72,309,5377,24,118
395,A_14006,86174,54828,11740,18642,3189,0,1780,1967,109,42,97,86,39,40,590,438,0,1372,590,130,42,90,553,121,478,10463,32,201
396,A_14011,58623,44788,8126,19282,1510,0,1940,1703,77,49,210,246,49,28,530,358,0,701,336,107,35,159,1036,260,561,4610,35,88
397,A_14012,85240,65264,12313,25972,2621,0,2462,1916,134,62,208,243,38,31,707,1156,0,2185,558,159,63,193,570,353,743,8572,37,174
398,A_14013,52784,38007,7789,15429,1450,0,1532,1423,91,33,124,215,27,15,361,255,0,1445,283,101,29,33,345,243,271,4389,20,81
399,A_14014,89028,65473,9093,30606,2488,0,2319,1854,177,58,131,167,61,27,906,602,0,944,608,213,39,160,586,140,798,9448,59,175
400,A_14015,47244,36246,6103,15340,1222,0,1244,1759,104,29,77,72,50,14,546,323,0,459,372,137,36,73,335,127,503,4756,27,99
401,A_14016,61677,43111,11102,14822,1614,0,1297,1073,73,39,29,29,27,21,501,375,0,607,441,106,21,50,1750,58,474,6096,41,89
402,A_14017,27522,21869,3661,10256,632,0,761,901,51,27,68,61,16,11,291,165,0,246,137,65,8,36,183,47,264,2358,19,68
403,A_14018,72895,55522,13055,22439,2351,0,1555,2294,138,60,181,243,39,20,663,471,0,675,513,163,46,93,621,298,517,5702,58,160
404,A_14019,39373,27944,6519,10172,1268,0,893,1055,79,28,16,14,17,7,342,241,0,194,391,83,25,33,270,30,257,4356,13,60
405,A_14020,32421,25997,3739,11896,956,0,1091,796,96,50,61,104,22,10,434,204,0,266,274,96,29,61,280,93,391,3298,34,57
406,A_14021,64762,46856,8820,19234,1746,0,1458,1809,97,47,49,35,29,38,678,423,0,297,440,133,46,88,486,47,610,6875,50,106
407,A_14022,79214,58803,8222,24279,3663,0,2157,2587,224,57,113,169,71,27,824,753,0,1216,828,192,34,163,726,122,617,7974,50,205
408,A_14023,36165,26533,6077,8636,1721,0,1010,896,51,46,22,18,12,7,339,255,0,251,278,80,20,40,265,37,251,4708,21,55
409,A_14024,37356,28217,5133,12225,1174,0,986,989,67,25,67,92,25,13,383,222,0,266,284,104,34,35,347,96,385,3373,22,106
410,A_14025,58392,42079,7217,17654,2230,0,1308,1281,244,58,105,87,38,34,634,413,0,401,352,138,76,103,483,48,634,5813,34,282
411,A_14026,58410,41980,6735,17925,1822,0,1599,1296,147,46,71,67,47,14,525,387,0,602,481,114,52,91,550,46,503,6242,60,112
412,A_14027,20969,15703,3540,5968,571,0,526,494,33,16,23,22,13,6,168,157,0,287,140,58,14,34,384,63,165,1813,11,48
413,A_14028,48186,34127,7931,13553,1848,0,969,1204,62,29,60,69,27,11,337,306,0,454,318,107,41,73,423,103,371,3803,19,102
414,A_14029,17922,13745,2094,5901,504,0,644,407,34,10,32,52,13,17,146,128,0,399,152,57,5,45,151,38,199,1644,17,41
415,A_14030,52708,38861,9193,13763,2091,0,1306,1892,112,45,61,32,32,34,545,496,0,571,353,150,21,107,484,58,457,4925,33,87
416,A_14031,29928,22045,3486,9101,913,0,866,746,73,30,36,46,13,7,244,156,0,680,186,93,18,33,165,52,240,3224,18,49
417,A_14032,47203,34614,7180,13707,1355,0,1179,1257,83,34,59,81,32,7,448,279,0,521,359,124,26,83,323,50,442,4555,22,88
418,A_14033,44810,32387,7158,12409,1401,0,894,1619,54,19,108,49,14,14,383,252,0,483,369,79,25,41,351,117,256,4240,19,50
419,A_14034,75720,50645,11779,16146,1602,0,1343,1793,94,45,52,60,35,35,539,411,0,492,394,174,50,103,317,59,567,11536,50,103
420,A_14035,43058,33522,5286,15275,1104,0,926,1153,64,34,60,51,28,19,372,203,0,400,344,121,25,50,245,55,398,5275,29,77
421,A_14036,25283,19431,4746,7189,711,0,991,769,62,22,54,77,10,13,216,189,0,233,204,70,12,34,169,149,202,2003,15,57
422,A_14037,99877,70854,17056,23989,4626,0,1857,2988,252,55,77,50,42,25,836,908,0,1844,1087,190,66,119,1016,81,608,9438,66,233
423,A_14038,69000,51511,7089,21669,1776,0,1932,1746,112,43,125,180,37,18,714,622,0,1637,555,153,57,103,552,204,732,7237,44,132
424,A_14039,43743,34338,6298,14452,1152,0,1749,1240,87,31,145,133,26,19,410,277,0,389,246,100,46,61,627,163,476,3640,30,78
425,A_14040,82740,59080,9352,23835,2848,0,2067,2188,175,46,83,95,93,26,730,543,0,1144,715,171,41,208,625,77,663,8901,73,191
426,A_14041,27630,20695,3159,8674,668,0,938,588,45,12,46,88,32,16,246,152,0,639,158,68,11,30,177,50,301,3233,18,44
427,A_14042,28472,20607,4707,7500,782,0,1029,826,53,34,54,81,14,11,213,181,0,467,175,66,18,33,205,100,190,2451,13,43
428,A_14043,36784,27722,5495,9661,1428,0,900,1158,61,17,24,18,15,23,342,184,0,835,206,80,33,48,421,22,354,4332,20,47
429,A_14044,80976,59705,8326,26074,2462,0,1939,1952,163,62,76,90,95,74,771,730,0,925,859,187,38,472,529,78,764,9585,84,233
430,A_14045,27542,21458,4830,8570,1092,0,811,1122,51,29,47,58,15,14,262,150,0,248,187,76,30,23,256,65,213,2086,17,56
431,A_14046,40446,28518,7293,9756,1425,0,1318,1295,64,30,69,133,17,9,301,199,0,692,253,76,31,19,309,77,255,3504,12,62
432,A_14047,67885,46640,9509,16952,2021,0,1382,1767,117,29,47,53,34,20,566,351,0,771,510,162,31,75,447,75,593,8119,28,111
433,A_14048,36347,27160,6588,10095,1039,0,772,1187,61,25,51,109,24,17,388,206,0,469,220,88,24,166,266,74,352,3219,18,63
434,A_14049,41643,30993,5482,12557,1003,0,1434,966,56,19,92,71,22,15,337,315,0,505,232,98,20,157,326,192,406,4404,20,75
435,A_14050,37294,27613,3685,13255,1067,0,1083,1111,73,15,54,45,37,13,297,224,0,381,293,105,21,73,217,40,377,3313,30,65
436,A_14051,58640,43922,9476,17369,1628,0,1690,1704,96,54,179,224,23,11,518,427,0,554,337,112,26,89,460,224,506,5265,28,94
437,A_14052,40755,28835,7127,9661,1253,0,1112,1562,63,35,44,40,20,18,364,281,0,178,238,107,18,50,246,31,355,4427,25,57
438,A_14053,40321,26425,5153,9065,1073,0,1286,759,78,30,38,22,24,16,386,212,0,301,265,126,25,43,255,35,408,5406,32,64
439,A_14054,51873,36647,8641,13345,1833,0,1779,1597,116,48,126,85,29,19,376,323,0,473,405,117,30,64,437,112,415,4399,26,129
440,A_14055,37250,26869,6289,9557,1483,0,920,859,78,45,51,32,33,10,354,299,0,493,294,120,23,66,295,106,301,3726,24,80
441,A_14056,60860,43961,6438,17684,1803,0,1671,1575,96,102,99,71,54,30,612,1031,0,687,673,136,50,105,475,127,693,6943,51,139
442,A_14057,43369,33457,6397,14466,1137,0,1251,1078,58,36,171,171,32,17,384,302,0,432,205,92,29,75,467,209,404,3899,23,75
443,A_14058,61554,47240,9047,19195,1955,0,1640,2090,93,59,201,176,41,38,559,333,0,1028,387,154,34,90,459,334,517,5725,34,134
446,A_15101,73984,46117,10909,12992,3400,0,1090,2132,125,58,50,37,126,87,815,553,0,531,561,163,100,106,579,103,837,9089,39,168
447,A_15112,56559,36670,9626,10836,1369,0,1002,2013,91,81,54,55,64,54,478,627,0,115,378,95,31,108,409,73,766,6685,44,187
448,A_15113,89962,57517,15635,17326,2896,0,2038,2661,163,85,89,83,180,66,950,563,0,239,743,164,64,125,582,74,1180,8830,46,163
449,A_15118,28718,20157,5199,6579,785,0,647,1009,60,37,33,22,60,22,330,167,0,93,230,84,16,66,181,71,439,2930,12,48
450,A_15124,23984,17406,4871,5406,776,0,552,821,57,32,34,19,55,15,354,136,0,76,134,67,12,45,123,33,319,2553,17,64
451,A_15126,56934,37367,9864,11892,1683,0,929,1453,97,104,60,39,88,37,419,512,0,101,357,95,52,104,341,66,716,6556,19,84
452,A_15134,26071,18185,4625,5584,941,0,503,738,36,22,46,13,44,17,310,184,0,156,208,69,25,39,462,31,479,2932,16,59
453,A_15144,66723,43510,11590,12831,2688,0,1362,2094,159,85,85,65,154,44,741,485,0,118,501,170,49,124,477,91,915,6805,43,219
454,A_15147,28226,19456,5334,5622,1302,0,612,1025,42,32,32,24,53,27,251,162,0,98,226,74,25,57,211,16,424,2991,19,65
455,A_15202,227627,138458,30474,31570,9333,0,2755,9269,354,123,139,144,551,105,1822,1521,0,387,2801,393,193,328,2683,146,2326,33030,150,617
456,A_15211,47109,32161,8657,9242,1739,0,708,1670,91,43,37,27,72,34,403,260,0,426,389,102,29,109,343,32,785,5701,28,141
457,A_15215,51392,34147,9056,11300,1140,0,886,1310,83,52,52,40,108,22,506,354,0,136,574,104,21,91,351,33,673,5695,23,118
458,A_15222,40584,27997,7507,9495,1125,0,703,931,74,42,32,40,66,42,454,266,0,127,316,79,31,76,316,51,609,4295,40,92
459,A_15223,20549,14228,3763,4764,529,0,387,521,31,19,22,10,36,15,210,100,0,62,126,36,10,56,92,9,294,2437,21,34
460,A_15227,87933,56123,14813,16794,2578,0,1352,3181,135,78,69,70,121,67,772,457,0,299,799,169,56,155,1308,61,1027,8942,69,480
461,A_15228,39478,27171,6812,8483,1671,0,1021,1596,78,40,47,40,97,26,426,224,0,225,439,91,25,113,276,21,489,3790,16,74
462,A_15229,21616,15493,3739,4815,680,0,482,1245,42,25,23,31,57,15,229,133,0,53,143,46,14,77,231,22,363,2189,26,36
463,A_15233,23772,16711,3992,5274,593,0,480,1513,45,29,33,18,39,13,259,132,0,94,153,59,15,52,241,18,343,2400,29,48
464,A_15235,49655,35528,8259,11481,1500,0,967,2804,109,49,43,44,99,29,590,313,0,146,377,108,29,130,398,28,704,5257,31,118
465,A_15237,57138,39737,10458,12690,1615,0,1121,2196,102,54,56,41,108,45,584,310,0,109,512,112,63,133,436,56,931,5967,60,103
466,A_15242,46935,29505,7346,9443,1375,0,900,1313,102,53,52,48,78,34,455,294,0,225,424,114,42,104,355,32,623,4798,32,207
467,A_15246,56165,36256,9072,11909,1575,0,1207,1412,100,80,73,38,97,42,573,351,0,131,443,114,24,104,306,61,723,5848,52,123
468,A_15303,211283,131619,38310,28747,10519,0,3078,3404,318,105,123,77,207,99,1415,1120,0,273,2062,348,137,286,1318,180,1965,33869,89,787
469,A_15314,46867,31465,9309,9229,1532,0,793,1077,86,37,59,32,60,26,363,305,0,88,345,97,53,57,427,40,490,5845,30,68
470,A_15316,27599,19407,5312,5848,1200,0,600,801,39,18,24,20,33,17,186,228,0,54,236,52,50,43,188,21,379,3196,12,66
471,A_15317,28105,18763,6050,4916,1069,0,521,692,63,27,31,20,49,19,299,200,0,35,197,88,44,45,180,21,432,2979,12,75
472,A_15319,65358,44333,12266,14003,2389,0,1177,1430,96,75,46,37,88,27,470,375,0,117,558,119,68,136,1126,78,711,7485,14,102
473,A_15320,42319,30644,8901,9679,1753,0,798,1066,78,26,47,44,61,44,308,360,0,76,291,89,54,64,230,78,522,4468,30,81
474,A_15321,15373,10397,3013,2836,412,0,270,499,35,9,15,31,26,9,129,74,0,50,133,36,8,24,61,39,196,2077,10,27
475,A_15325,21567,14840,3974,4676,777,0,464,805,43,24,28,22,22,15,165,151,0,37,147,39,13,42,157,27,227,2330,8,50
476,A_15330,31502,22416,7987,6341,947,0,505,564,41,36,26,31,43,21,278,166,0,53,224,66,24,43,147,21,362,3609,11,37
477,A_15331,31783,22919,6558,6883,1092,0,626,855,57,28,40,26,41,28,283,191,0,66,198,68,29,40,280,58,447,3978,12,73
478,A_15332,64173,41554,11479,12264,2147,0,1020,2105,119,57,57,67,79,41,626,450,0,311,575,138,35,151,584,89,918,6256,35,124
479,A_15336,33298,22498,6375,6413,1238,0,706,622,51,15,32,24,47,24,237,258,0,70,196,76,65,23,354,40,345,4284,22,55
480,A_15338,61219,40299,10871,12965,1890,0,1044,1251,102,51,52,31,74,39,503,377,0,131,438,118,28,76,318,76,808,7533,37,93
481,A_15339,50083,32849,9242,9851,1438,0,760,1318,64,49,40,40,84,41,348,234,0,114,332,102,29,76,203,32,570,6480,28,108
482,A_15340,70903,44601,13752,12569,2496,0,1220,1383,106,55,68,58,87,59,549,420,0,132,543,129,41,134,469,81,827,7724,33,154
483,A_15341,30384,22007,6166,6791,1035,0,569,946,36,29,25,28,50,23,287,181,0,55,168,55,6,51,137,28,372,4009,16,47
484,A_15343,75873,54552,15695,15552,3339,0,1466,1960,133,72,76,66,107,44,789,520,0,133,721,158,90,161,559,99,984,9876,46,159
485,A_15345,33999,23844,6476,7615,1341,0,668,943,85,25,35,29,56,39,380,263,0,57,287,70,28,66,198,24,433,3575,23,118
488,A_16001,155611,99525,24922,26907,8503,0,1744,2722,648,96,53,110,118,50,828,1097,0,578,1172,335,82,216,2366,135,740,23141,44,714
489,A_16002,97669,62781,13812,17026,3811,0,1618,1745,134,76,61,72,98,32,737,658,0,1081,849,244,76,152,842,51,664,16468,43,394
490,A_16003,77427,52274,13484,12391,5616,0,1021,2748,169,59,35,35,54,21,442,737,0,336,533,190,97,120,1360,63,408,10883,33,396
491,A_16004,41785,29081,6362,7415,1667,0,697,877,156,23,28,32,45,7,248,171,0,139,221,92,34,58,1049,19,207,8596,18,93
492,A_16005,46656,32493,7997,9183,3673,0,722,1310,130,28,23,36,36,15,316,321,0,166,407,120,59,100,971,46,276,5489,17,228
493,A_16011,73605,49883,12173,17542,2656,0,1622,1432,98,56,51,55,46,18,449,344,0,421,433,171,52,145,632,120,536,8440,30,325
494,A_16012,34731,24936,5727,9102,1268,0,629,1409,63,33,24,25,17,8,694,205,0,117,261,78,22,82,314,39,208,3519,9,94
495,A_16013,47422,34682,8751,11693,2020,0,877,1409,95,65,29,43,47,12,351,247,0,685,312,141,20,193,824,58,356,5056,18,146
496,A_16014,39317,29908,8107,10043,1216,0,975,1477,50,43,23,30,26,9,255,147,0,262,197,133,11,71,324,18,311,4777,25,85
497,A_16015,66009,49291,12710,18913,2451,0,1657,1913,78,46,53,39,46,17,372,223,0,300,325,167,16,101,416,46,295,7007,18,234
498,A_16016,83494,59378,17151,20541,3643,0,1521,1991,183,57,56,75,44,14,494,300,0,378,502,165,38,150,674,89,427,8523,21,436
499,A_16017,24380,17125,4193,5306,1004,0,576,1004,53,33,22,36,31,7,178,173,0,137,188,102,15,42,192,11,174,2710,11,79
500,A_16018,34225,26353,5814,10769,1611,0,641,1153,100,40,22,36,32,7,267,249,0,166,197,124,15,65,374,13,198,3268,11,120
501,A_16019,40117,29880,7244,10984,1595,0,943,1157,64,47,37,28,38,13,317,281,0,477,266,142,20,67,323,38,240,4207,15,111
502,A_16020,106817,76691,21351,26039,4839,0,1830,3478,181,90,63,96,68,27,761,489,0,798,766,274,63,288,914,115,585,10144,41,836
503,A_16021,35682,25175,7233,8276,1299,0,890,875,73,37,37,38,35,15,284,218,0,212,244,104,16,55,544,84,241,3392,12,102
504,A_16022,31367,24870,4271,14271,1009,0,478,679,239,11,43,26,9,5,155,69,0,102,132,37,9,44,215,26,147,2184,3,59
505,A_16023,44314,33586,8477,11831,1429,0,944,2237,133,41,12,24,26,18,297,151,0,423,152,128,15,60,269,19,233,5234,9,87
506,A_16024,49298,37445,9207,13299,1627,0,1325,1251,92,36,18,42,32,13,379,234,0,839,261,110,53,91,684,38,339,5840,16,151
507,A_16025,24245,18277,4147,6631,1132,0,657,1145,56,36,20,19,30,4,192,184,0,127,150,109,16,45,308,16,136,2316,9,89
508,A_16026,33564,24545,6578,8603,1152,0,707,1562,48,28,13,14,20,6,219,147,0,141,164,86,12,82,235,43,169,3535,9,101
509,A_16027,20957,15987,4535,4987,626,0,582,745,58,24,44,25,7,7,174,84,0,160,122,63,19,26,120,33,124,2767,7,53
510,A_16028,50487,38638,8946,14556,2231,0,979,1291,135,53,28,34,34,12,337,196,0,258,351,121,21,58,354,56,313,6549,19,272
511,A_16029,65438,49119,14404,18802,2282,0,1208,1766,87,43,32,50,39,14,367,264,0,327,375,152,20,145,419,32,371,6154,26,304
512,A_16030,27308,21077,5964,7061,829,0,844,739,41,17,15,14,11,8,183,127,0,153,105,68,9,33,217,16,134,3456,6,52
513,A_16031,82257,57415,17272,17761,2838,0,1460,2005,106,72,33,36,49,20,434,234,0,180,476,171,30,124,1196,126,392,10478,15,110
514,A_16032,38609,28036,6909,9875,1421,0,1499,1266,60,32,22,27,17,16,209,187,0,520,194,103,16,55,295,33,229,3928,13,107
515,A_16033,49702,35720,8420,12305,1962,0,1202,1611,100,46,50,37,28,24,371,322,0,302,358,156,30,110,536,41,357,5888,19,164
516,A_16034,43257,29845,7671,9574,1651,0,1024,1313,77,33,26,31,19,7,291,198,0,350,238,120,44,72,469,35,279,5259,20,155
517,A_16035,22023,16916,3929,6172,937,0,632,786,53,28,33,27,23,3,144,109,0,106,132,74,15,37,204,68,118,2486,4,73
518,A_16036,48493,35370,8214,14312,1633,0,981,1822,58,29,47,72,15,5,264,157,0,342,254,101,26,58,360,87,209,4796,12,163
519,A_16037,23815,17455,4437,6536,799,0,499,629,40,34,8,25,10,8,156,136,0,247,145,65,12,40,251,54,166,2226,9,63
520,A_16038,48151,35434,8383,13215,2138,0,905,1901,70,44,26,35,37,14,373,233,0,172,282,117,19,79,379,29,330,5213,11,129
521,A_16039,39428,30028,7932,10613,1516,0,940,1203,49,25,21,38,13,15,186,164,0,207,244,108,12,70,266,36,256,4976,9,73
522,A_16040,45036,33856,8712,11116,1438,0,1371,1758,104,45,39,27,17,14,217,214,0,409,213,103,25,42,343,54,169,6026,14,91
523,A_16041,24263,18104,4143,6321,1103,0,537,974,58,39,20,30,22,5,170,132,0,130,174,76,16,44,346,15,160,2743,11,82
524,A_16042,31484,22894,5487,8170,1106,0,650,965,189,22,14,7,29,2,249,151,0,238,206,81,12,55,484,7,154,3390,13,92
525,A_16043,31775,24159,5444,9318,1560,0,719,1302,86,42,20,23,32,10,261,209,0,155,232,111,20,77,346,21,207,2820,6,110
526,A_16044,53753,41742,8063,22608,1388,0,814,1439,462,25,59,41,17,10,252,160,0,370,148,74,16,94,355,42,252,3848,6,106
527,A_16045,25571,19275,4550,7507,1068,0,623,808,42,40,16,29,21,5,208,141,0,231,174,67,17,45,242,25,190,2386,10,90
