Country code,NUTS-3 Code,NUTS-3 label,Urban-Rural typology,Coastal regions,Metropolitan regions,Border regions,Island regions,Mountanious regions,Capital regions
BE,BE100,Arr. de Bruxelles-Capitale/Arr. van Brussel-Hoofdstad,predominantly urban,non-coastal,,,,,Capital region
BE,BE211,Arr. Antwerpen,predominantly urban,coastal,,,,,
BE,BE212,Arr. Mechelen,predominantly urban,coastal,,,,,
BE,BE213,Arr. Turnhout,intermediate,non-coastal,,,,,
BE,BE223,Arr. Tongeren,intermediate,non-coastal,,,,,
BE,BE224,Arr. Hasselt,predominantly urban,non-coastal,,,,,
BE,BE225,Arr. Maaseik,intermediate,non-coastal,,,,,
BE,BE231,Arr. Aalst,predominantly urban,coastal,,,,,
BE,BE232,Arr. Dendermonde,predominantly urban,coastal,,,,,
BE,BE233,Arr. Eeklo,predominantly urban,coastal,,,,,
BE,BE234,Arr. Gent,predominantly urban,coastal,,,,,
BE,BE235,Arr. Oudenaarde,intermediate,non-coastal,,,,,
BE,BE236,Arr. Sint-Niklaas,predominantly urban,coastal,,,,,
BE,BE241,Arr. Halle-Vilvoorde,predominantly urban,non-coastal,,,,,
BE,BE242,Arr. Leuven,intermediate,non-coastal,,,,,
BE,BE251,Arr. Brugge,predominantly urban,coastal,,,,,
BE,BE252,Arr. Diksmuide,intermediate,coastal,,,,,
BE,BE253,Arr. Ieper,predominantly rural,coastal,,,,,
BE,BE254,Arr. Kortrijk,predominantly urban,non-coastal,,,,,
BE,BE255,Arr. Oostende,predominantly urban,coastal,,,,,
BE,BE256,Arr. Roeselare,intermediate,coastal,,,,,
BE,BE257,Arr. Tielt,intermediate,coastal,,,,,
BE,BE258,Arr. Veurne,intermediate,coastal,,,,,
BE,BE310,Arr. Nivelles,intermediate,non-coastal,,,,,
BE,BE323,Arr. Mons,predominantly urban,non-coastal,,,,,
BE,BE328,Arr. Tournai-Mouscron,intermediate,non-coastal,,,,,
BE,BE329,Arr. La Louvière,predominantly urban,non-coastal,,,,,
BE,BE32A,Arr. Ath,intermediate,non-coastal,,,,,
BE,BE32B,Arr. Charleroi,predominantly urban,non-coastal,,,,,
BE,BE32C,Arr. Soignies,predominantly urban,non-coastal,,,,,
BE,BE32D,Arr. Thuin,predominantly rural,non-coastal,,,,,
BE,BE331,Arr. Huy,predominantly rural,non-coastal,,,,,
BE,BE332,Arr. Liège,predominantly urban,non-coastal,,,,,
BE,BE334,Arr. Waremme,predominantly rural,non-coastal,,,,,
BE,BE335,Arr. Verviers — communes francophones,intermediate,non-coastal,,,,,
BE,BE336,Bezirk Verviers — Deutschsprachige Gemeinschaft,predominantly rural,non-coastal,,,,,
BE,BE341,Arr. Arlon,predominantly rural,non-coastal,,,,,
BE,BE342,Arr. Bastogne,predominantly rural,non-coastal,,,,,
BE,BE343,Arr. Marche-en-Famenne,predominantly rural,non-coastal,,,,,
BE,BE344,Arr. Neufchâteau,predominantly rural,non-coastal,,,,,
BE,BE345,Arr. Virton,predominantly rural,non-coastal,,,,,
BE,BE351,Arr. Dinant,predominantly rural,non-coastal,,,,,
BE,BE352,Arr. Namur,intermediate,non-coastal,,,,,
BE,BE353,Arr. Philippeville,predominantly rural,non-coastal,,,,,
BG,BG311,Видин,predominantly rural,non-coastal,,,,,
BG,BG312,Монтана,intermediate,non-coastal,,,,,
BG,BG313,Враца,intermediate,non-coastal,,,,,
BG,BG314,Плевен,intermediate,non-coastal,,,,,
BG,BG315,Ловеч,predominantly rural,non-coastal,,,,,
BG,BG321,Велико Търново,intermediate,non-coastal,,,,,
BG,BG322,Габрово,intermediate,non-coastal,,,,,
BG,BG323,Русе,intermediate,non-coastal,,,,,
BG,BG324,Разград,predominantly rural,non-coastal,,,,,
BG,BG325,Силистра,predominantly rural,non-coastal,,,,,
BG,BG331,Варна,intermediate,coastal,,,,,
BG,BG332,Добрич,intermediate,coastal,,,,,
BG,BG333,Шумен,intermediate,non-coastal,,,,,
BG,BG334,Търговище,intermediate,non-coastal,,,,,
BG,BG341,Бургас,intermediate,coastal,,,,,
BG,BG342,Сливен,intermediate,non-coastal,,,,,
BG,BG343,Ямбол,intermediate,non-coastal,,,,,
BG,BG344,Стара Загора,intermediate,non-coastal,,,,,
BG,BG411,София (столица),predominantly urban,non-coastal,,,,,Capital region
BG,BG412,София,intermediate,non-coastal,,,,,
BG,BG413,Благоевград,intermediate,non-coastal,,,,,
BG,BG414,Перник,intermediate,non-coastal,,,,,
BG,BG415,Кюстендил,intermediate,non-coastal,,,,,
BG,BG421,Пловдив,intermediate,non-coastal,,,,,
BG,BG422,Хасково,intermediate,non-coastal,,,,,
BG,BG423,Пазарджик,intermediate,non-coastal,,,,,
BG,BG424,Смолян,predominantly rural,non-coastal,,,,,
BG,BG425,Кърджали,predominantly rural,non-coastal,,,,,
CZ,CZ010,Hlavní město Praha,predominantly urban,non-coastal,,,,,Capital region
CZ,CZ020,Středočeský kraj,intermediate,non-coastal,,,,,
CZ,CZ031,Jihočeský kraj,predominantly rural,non-coastal,,,,,
CZ,CZ032,Plzeňský kraj,predominantly rural,non-coastal,,,,,
CZ,CZ041,Karlovarský kraj,intermediate,non-coastal,,,,,
CZ,CZ042,Ústecký kraj,intermediate,non-coastal,,,,,
CZ,CZ051,Liberecký kraj,intermediate,non-coastal,,,,,
CZ,CZ052,Královéhradecký kraj,predominantly rural,non-coastal,,,,,
CZ,CZ053,Pardubický kraj,intermediate,non-coastal,,,,,
CZ,CZ063,Kraj Vysočina,predominantly rural,non-coastal,,,,,
CZ,CZ064,Jihomoravský kraj,intermediate,non-coastal,,,,,
CZ,CZ071,Olomoucký kraj,intermediate,non-coastal,,,,,
CZ,CZ072,Zlínský kraj,intermediate,non-coastal,,,,,
CZ,CZ080,Moravskoslezský kraj,intermediate,non-coastal,,,,,
DK,DK011,Byen København,predominantly urban,coastal,,,,,Capital region
DK,DK012,Københavns omegn,predominantly urban,coastal,,,,,
DK,DK013,Nordsjælland,intermediate,coastal,,,,,
DK,DK014,Bornholm,predominantly rural,coastal,,,,,
DK,DK021,Østsjælland,intermediate,coastal,,,,,
DK,DK022,Vest- og Sydsjælland,predominantly rural,coastal,,,,,
DK,DK031,Fyn,intermediate,coastal,,,,,
DK,DK032,Sydjylland,intermediate,coastal,,,,,
DK,DK041,Vestjylland,predominantly rural,coastal,,,,,
DK,DK042,Østjylland,intermediate,coastal,,,,,
DK,DK050,Nordjylland,intermediate,coastal,,,,,
DE,DE111,"Stuttgart, Stadtkreis",predominantly urban,non-coastal,,,,,
DE,DE112,Böblingen,predominantly urban,non-coastal,,,,,
DE,DE113,Esslingen,predominantly urban,non-coastal,,,,,
DE,DE114,Göppingen,predominantly urban,non-coastal,,,,,
DE,DE115,Ludwigsburg,predominantly urban,non-coastal,,,,,
DE,DE116,Rems-Murr-Kreis,predominantly urban,non-coastal,,,,,
DE,DE117,"Heilbronn, Stadtkreis",intermediate,non-coastal,,,,,
DE,DE118,"Heilbronn, Landkreis",intermediate,non-coastal,,,,,
DE,DE119,Hohenlohekreis,predominantly rural,non-coastal,,,,,
DE,DE11A,Schwäbisch Hall,predominantly rural,non-coastal,,,,,
DE,DE11B,Main-Tauber-Kreis,predominantly rural,non-coastal,,,,,
DE,DE11C,Heidenheim,intermediate,non-coastal,,,,,
DE,DE11D,Ostalbkreis,intermediate,non-coastal,,,,,
DE,DE121,"Baden-Baden, Stadtkreis",predominantly urban,non-coastal,,,,,
DE,DE122,"Karlsruhe, Stadtkreis",predominantly urban,non-coastal,,,,,
DE,DE123,"Karlsruhe, Landkreis",predominantly urban,non-coastal,,,,,
DE,DE124,Rastatt,predominantly urban,non-coastal,,,,,
DE,DE125,"Heidelberg, Stadtkreis",predominantly urban,non-coastal,,,,,
DE,DE126,"Mannheim, Stadtkreis",predominantly urban,non-coastal,,,,,
DE,DE127,Neckar-Odenwald-Kreis,predominantly rural,non-coastal,,,,,
DE,DE128,Rhein-Neckar-Kreis,predominantly urban,non-coastal,,,,,
DE,DE129,"Pforzheim, Stadtkreis",predominantly urban,non-coastal,,,,,
DE,DE12A,Calw,intermediate,non-coastal,,,,,
DE,DE12B,Enzkreis,predominantly urban,non-coastal,,,,,
DE,DE12C,Freudenstadt,predominantly rural,non-coastal,,,,,
DE,DE131,"Freiburg im Breisgau, Stadtkreis",intermediate,non-coastal,,,,,
DE,DE132,Breisgau-Hochschwarzwald,intermediate,non-coastal,,,,,
DE,DE133,Emmendingen,intermediate,non-coastal,,,,,
DE,DE134,Ortenaukreis,intermediate,non-coastal,,,,,
DE,DE135,Rottweil,intermediate,non-coastal,,,,,
DE,DE136,Schwarzwald-Baar-Kreis,intermediate,non-coastal,,,,,
DE,DE137,Tuttlingen,intermediate,non-coastal,,,,,
DE,DE138,Konstanz,intermediate,non-coastal,,,,,
DE,DE139,Lörrach,intermediate,non-coastal,,,,,
DE,DE13A,Waldshut,intermediate,non-coastal,,,,,
DE,DE141,Reutlingen,intermediate,non-coastal,,,,,
DE,DE142,"Tübingen, Landkreis",predominantly urban,non-coastal,,,,,
DE,DE143,Zollernalbkreis,intermediate,non-coastal,,,,,
DE,DE144,"Ulm, Stadtkreis",intermediate,non-coastal,,,,,
DE,DE145,Alb-Donau-Kreis,intermediate,non-coastal,,,,,
DE,DE146,Biberach,predominantly rural,non-coastal,,,,,
DE,DE147,Bodenseekreis,intermediate,non-coastal,,,,,
DE,DE148,Ravensburg,intermediate,non-coastal,,,,,
DE,DE149,Sigmaringen,predominantly rural,non-coastal,,,,,
DE,DE211,"Ingolstadt, Kreisfreie Stadt",intermediate,non-coastal,,,,,
DE,DE212,"München, Kreisfreie Stadt",predominantly urban,non-coastal,,,,,
DE,DE213,"Rosenheim, Kreisfreie Stadt",intermediate,non-coastal,,,,,
DE,DE214,Altötting,intermediate,non-coastal,,,,,
DE,DE215,Berchtesgadener Land,intermediate,non-coastal,,,,,
DE,DE216,Bad Tölz-Wolfratshausen,intermediate,non-coastal,,,,,
DE,DE217,Dachau,intermediate,non-coastal,,,,,
DE,DE218,Ebersberg,intermediate,non-coastal,,,,,
DE,DE219,Eichstätt,intermediate,non-coastal,,,,,
DE,DE21A,Erding,predominantly rural,non-coastal,,,,,
DE,DE21B,Freising,intermediate,non-coastal,,,,,
DE,DE21C,Fürstenfeldbruck,predominantly urban,non-coastal,,,,,
DE,DE21D,Garmisch-Partenkirchen,intermediate,non-coastal,,,,,
DE,DE21E,Landsberg am Lech,predominantly rural,non-coastal,,,,,
DE,DE21F,Miesbach,intermediate,non-coastal,,,,,
DE,DE21G,Mühldorf a. Inn,intermediate,non-coastal,,,,,
DE,DE21H,"München, Landkreis",predominantly urban,non-coastal,,,,,
DE,DE21I,Neuburg-Schrobenhausen,predominantly rural,non-coastal,,,,,
DE,DE21J,Pfaffenhofen a. d. Ilm,intermediate,non-coastal,,,,,
DE,DE21K,"Rosenheim, Landkreis",intermediate,non-coastal,,,,,
DE,DE21L,Starnberg,predominantly urban,non-coastal,,,,,
DE,DE21M,Traunstein,predominantly rural,non-coastal,,,,,
DE,DE21N,Weilheim-Schongau,intermediate,non-coastal,,,,,
DE,DE221,"Landshut, Kreisfreie Stadt",intermediate,non-coastal,,,,,
DE,DE222,"Passau, Kreisfreie Stadt",predominantly rural,non-coastal,,,,,
DE,DE223,"Straubing, Kreisfreie Stadt",predominantly rural,non-coastal,,,,,
DE,DE224,Deggendorf,intermediate,non-coastal,,,,,
DE,DE225,Freyung-Grafenau,predominantly rural,non-coastal,,,,,
DE,DE226,Kelheim,predominantly rural,non-coastal,,,,,
DE,DE227,"Landshut, Landkreis",intermediate,non-coastal,,,,,
DE,DE228,"Passau, Landkreis",predominantly rural,non-coastal,,,,,
DE,DE229,Regen,predominantly rural,non-coastal,,,,,
DE,DE22A,Rottal-Inn,predominantly rural,non-coastal,,,,,
DE,DE22B,Straubing-Bogen,predominantly rural,non-coastal,,,,,
DE,DE22C,Dingolfing-Landau,predominantly rural,non-coastal,,,,,
DE,DE231,"Amberg, Kreisfreie Stadt",intermediate,non-coastal,,,,,
DE,DE232,"Regensburg, Kreisfreie Stadt",intermediate,non-coastal,,,,,
DE,DE233,"Weiden i. d. Opf, Kreisfreie Stadt",predominantly rural,non-coastal,,,,,
DE,DE234,Amberg-Sulzbach,intermediate,non-coastal,,,,,
DE,DE235,Cham,predominantly rural,non-coastal,,,,,
DE,DE236,Neumarkt i. d. OPf.,predominantly rural,non-coastal,,,,,
DE,DE237,Neustadt a. d. Waldnaab,predominantly rural,non-coastal,,,,,
DE,DE238,"Regensburg, Landkreis",intermediate,non-coastal,,,,,
DE,DE239,Schwandorf,intermediate,non-coastal,,,,,
DE,DE23A,Tirschenreuth,predominantly rural,non-coastal,,,,,
DE,DE241,"Bamberg, Kreisfreie Stadt",intermediate,non-coastal,,,,,
DE,DE242,"Bayreuth, Kreisfreie Stadt",intermediate,non-coastal,,,,,
DE,DE243,"Coburg, Kreisfreie Stadt",intermediate,non-coastal,,,,,
DE,DE244,"Hof, Kreisfreie Stadt",intermediate,non-coastal,,,,,
DE,DE245,"Bamberg, Landkreis",intermediate,non-coastal,,,,,
DE,DE246,"Bayreuth, Landkreis",intermediate,non-coastal,,,,,
DE,DE247,"Coburg, Landkreis",intermediate,non-coastal,,,,,
DE,DE248,Forchheim,intermediate,non-coastal,,,,,
DE,DE249,"Hof, Landkreis",intermediate,non-coastal,,,,,
DE,DE24A,Kronach,predominantly rural,non-coastal,,,,,
DE,DE24B,Kulmbach,predominantly rural,non-coastal,,,,,
DE,DE24C,Lichtenfels,intermediate,non-coastal,,,,,
DE,DE24D,Wunsiedel i. Fichtelgebirge,predominantly rural,non-coastal,,,,,
DE,DE251,"Ansbach, Kreisfreie Stadt",predominantly rural,non-coastal,,,,,
DE,DE252,"Erlangen, Kreisfreie Stadt",predominantly urban,non-coastal,,,,,
DE,DE253,"Fürth, Kreisfreie Stadt",predominantly urban,non-coastal,,,,,
DE,DE254,"Nürnberg, Kreisfreie Stadt",predominantly urban,non-coastal,,,,,
DE,DE255,"Schwabach, Kreisfreie Stadt",predominantly urban,non-coastal,,,,,
DE,DE256,"Ansbach, Landkreis",predominantly rural,non-coastal,,,,,
DE,DE257,Erlangen-Höchstadt,predominantly urban,non-coastal,,,,,
DE,DE258,"Fürth, Landkreis",predominantly urban,non-coastal,,,,,
DE,DE259,Nürnberger Land,intermediate,non-coastal,,,,,
DE,DE25A,Neustadt a. d. Aisch-Bad Windsheim,predominantly rural,non-coastal,,,,,
DE,DE25B,Roth,intermediate,non-coastal,,,,,
DE,DE25C,Weißenburg-Gunzenhausen,predominantly rural,non-coastal,,,,,
DE,DE261,"Aschaffenburg, Kreisfreie Stadt",predominantly urban,non-coastal,,,,,
DE,DE262,"Schweinfurt, Kreisfreie Stadt",intermediate,non-coastal,,,,,
DE,DE263,"Würzburg, Kreisfreie Stadt",intermediate,non-coastal,,,,,
DE,DE264,"Aschaffenburg, Landkreis",predominantly urban,non-coastal,,,,,
DE,DE265,Bad Kissingen,predominantly rural,non-coastal,,,,,
DE,DE266,Rhön-Grabfeld,predominantly rural,non-coastal,,,,,
DE,DE267,Haßberge,predominantly rural,non-coastal,,,,,
DE,DE268,Kitzingen,predominantly rural,non-coastal,,,,,
DE,DE269,Miltenberg,intermediate,non-coastal,,,,,
DE,DE26A,Main-Spessart,predominantly rural,non-coastal,,,,,
DE,DE26B,"Schweinfurt, Landkreis",intermediate,non-coastal,,,,,
DE,DE26C,"Würzburg, Landkreis",intermediate,non-coastal,,,,,
DE,DE271,"Augsburg, Kreisfreie Stadt",predominantly urban,non-coastal,,,,,
DE,DE272,"Kaufbeuren, Kreisfreie Stadt",intermediate,non-coastal,,,,,
DE,DE273,"Kempten (Allgäu), Kreisfreie Stadt",intermediate,non-coastal,,,,,
DE,DE274,"Memmingen, Kreisfreie Stadt",predominantly rural,non-coastal,,,,,
DE,DE275,Aichach-Friedberg,intermediate,non-coastal,,,,,
DE,DE276,"Augsburg, Landkreis",predominantly urban,non-coastal,,,,,
DE,DE277,Dillingen a.d. Donau,predominantly rural,non-coastal,,,,,
DE,DE278,Günzburg,intermediate,non-coastal,,,,,
DE,DE279,Neu-Ulm,intermediate,non-coastal,,,,,
DE,DE27A,Lindau (Bodensee),predominantly urban,non-coastal,,,,,
DE,DE27B,Ostallgäu,intermediate,non-coastal,,,,,
DE,DE27C,Unterallgäu,predominantly rural,non-coastal,,,,,
DE,DE27D,Donau-Ries,predominantly rural,non-coastal,,,,,
DE,DE27E,Oberallgäu,intermediate,non-coastal,,,,,
DE,DE300,Berlin,predominantly urban,non-coastal,,,,,Capital region
DE,DE401,"Brandenburg an der Havel, Kreisfreie Stadt",intermediate,non-coastal,,,,,
DE,DE402,"Cottbus, Kreisfreie Stadt",intermediate,non-coastal,,,,,
DE,DE403,"Frankfurt (Oder), Kreisfreie Stadt",intermediate,non-coastal,,,,,
DE,DE404,"Potsdam, Kreisfreie Stadt",intermediate,non-coastal,,,,,
DE,DE405,Barnim,intermediate,non-coastal,,,,,
DE,DE406,Dahme-Spreewald,intermediate,non-coastal,,,,,
DE,DE407,Elbe-Elster,predominantly rural,non-coastal,,,,,
DE,DE408,Havelland,intermediate,non-coastal,,,,,
DE,DE409,Märkisch-Oderland,intermediate,non-coastal,,,,,
DE,DE40A,Oberhavel,intermediate,non-coastal,,,,,
DE,DE40B,Oberspreewald-Lausitz,predominantly rural,non-coastal,,,,,
DE,DE40C,Oder-Spree,intermediate,non-coastal,,,,,
DE,DE40D,Ostprignitz-Ruppin,predominantly rural,non-coastal,,,,,
DE,DE40E,Potsdam-Mittelmark,intermediate,non-coastal,,,,,
DE,DE40F,Prignitz,predominantly rural,non-coastal,,,,,
DE,DE40G,Spree-Neiße,intermediate,non-coastal,,,,,
DE,DE40H,Teltow-Fläming,intermediate,non-coastal,,,,,
DE,DE40I,Uckermark,intermediate,non-coastal,,,,,
DE,DE501,"Bremen, Kreisfreie Stadt",predominantly urban,coastal,,,,,
DE,DE502,"Bremerhaven, Kreisfreie Stadt",intermediate,coastal,,,,,
DE,DE600,Hamburg,predominantly urban,coastal,,,,,
DE,DE711,"Darmstadt, Kreisfreie Stadt",predominantly urban,non-coastal,,,,,
DE,DE712,"Frankfurt am Main, Kreisfreie Stadt",predominantly urban,non-coastal,,,,,
DE,DE713,"Offenbach am Main, Kreisfreie Stadt",predominantly urban,non-coastal,,,,,
DE,DE714,"Wiesbaden, Kreisfreie Stadt",predominantly urban,non-coastal,,,,,
DE,DE715,Bergstraße,predominantly urban,non-coastal,,,,,
DE,DE716,Darmstadt-Dieburg,predominantly urban,non-coastal,,,,,
DE,DE717,Groß-Gerau,predominantly urban,non-coastal,,,,,
DE,DE718,Hochtaunuskreis,predominantly urban,non-coastal,,,,,
DE,DE719,Main-Kinzig-Kreis,predominantly urban,non-coastal,,,,,
DE,DE71A,Main-Taunus-Kreis,predominantly urban,non-coastal,,,,,
DE,DE71B,Odenwaldkreis,predominantly rural,non-coastal,,,,,
DE,DE71C,"Offenbach, Landkreis",predominantly urban,non-coastal,,,,,
DE,DE71D,Rheingau-Taunus-Kreis,intermediate,non-coastal,,,,,
DE,DE71E,Wetteraukreis,intermediate,non-coastal,,,,,
DE,DE721,"Gießen, Landkreis",intermediate,non-coastal,,,,,
DE,DE722,Lahn-Dill-Kreis,intermediate,non-coastal,,,,,
DE,DE723,Limburg-Weilburg,intermediate,non-coastal,,,,,
DE,DE724,Marburg-Biedenkopf,intermediate,non-coastal,,,,,
DE,DE725,Vogelsbergkreis,predominantly rural,non-coastal,,,,,
DE,DE731,"Kassel, Kreisfreie Stadt",intermediate,non-coastal,,,,,
DE,DE732,Fulda,intermediate,non-coastal,,,,,
DE,DE733,Hersfeld-Rotenburg,predominantly rural,non-coastal,,,,,
DE,DE734,"Kassel, Landkreis",intermediate,non-coastal,,,,,
DE,DE735,Schwalm-Eder-Kreis,predominantly rural,non-coastal,,,,,
DE,DE736,Waldeck-Frankenberg,predominantly rural,non-coastal,,,,,
DE,DE737,Werra-Meißner-Kreis,predominantly rural,non-coastal,,,,,
DE,DE803,"Rostock, Kreisfreie Stadt",intermediate,coastal,,,,,
DE,DE804,"Schwerin, Kreisfreie Stadt",predominantly rural,coastal,,,,,
DE,DE80J,Mecklenburgische Seenplatte,predominantly rural,non-coastal,,,,,
DE,DE80K,Landkreis Rostock,predominantly rural,coastal,,,,,
DE,DE80L,Vorpommern-Rügen,predominantly rural,coastal,,,,,
DE,DE80M,Nordwestmecklenburg,predominantly rural,coastal,,,,,
DE,DE80N,Vorpommern-Greifswald,intermediate,coastal,,,,,
DE,DE80O,Ludwigslust-Parchim,predominantly rural,non-coastal,,,,,
DE,DE911,"Braunschweig, Kreisfreie Stadt",intermediate,non-coastal,,,,,
DE,DE912,"Salzgitter, Kreisfreie Stadt",intermediate,non-coastal,,,,,
DE,DE913,"Wolfsburg, Kreisfreie Stadt",intermediate,non-coastal,,,,,
DE,DE914,Gifhorn,intermediate,non-coastal,,,,,
DE,DE916,Goslar,intermediate,non-coastal,,,,,
DE,DE917,Helmstedt,predominantly rural,non-coastal,,,,,
DE,DE918,Northeim,predominantly rural,non-coastal,,,,,
DE,DE91A,Peine,intermediate,non-coastal,,,,,
DE,DE91B,Wolfenbüttel,intermediate,non-coastal,,,,,
DE,DE91C,Göttingen,intermediate,non-coastal,,,,,
DE,DE922,Diepholz,intermediate,non-coastal,,,,,
DE,DE923,Hameln-Pyrmont,intermediate,non-coastal,,,,,
DE,DE925,Hildesheim,intermediate,non-coastal,,,,,
DE,DE926,Holzminden,predominantly rural,non-coastal,,,,,
DE,DE927,Nienburg (Weser),predominantly rural,non-coastal,,,,,
DE,DE928,Schaumburg,intermediate,non-coastal,,,,,
DE,DE929,Region Hannover,predominantly urban,non-coastal,,,,,
DE,DE931,Celle,intermediate,non-coastal,,,,,
DE,DE932,Cuxhaven,intermediate,coastal,,,,,
DE,DE933,Harburg,intermediate,non-coastal,,,,,
DE,DE934,Lüchow-Dannenberg,predominantly rural,non-coastal,,,,,
DE,DE935,"Lüneburg, Landkreis",intermediate,non-coastal,,,,,
DE,DE936,Osterholz,intermediate,coastal,,,,,
DE,DE937,Rotenburg (Wümme),predominantly rural,non-coastal,,,,,
DE,DE938,Heidekreis,intermediate,non-coastal,,,,,
DE,DE939,Stade,intermediate,coastal,,,,,
DE,DE93A,Uelzen,predominantly rural,non-coastal,,,,,
DE,DE93B,Verden,intermediate,non-coastal,,,,,
DE,DE941,"Delmenhorst, Kreisfreie Stadt",predominantly urban,coastal,,,,,
DE,DE942,"Emden, Kreisfreie Stadt",intermediate,coastal,,,,,
DE,DE943,"Oldenburg (Oldenburg), Kreisfreie Stadt",predominantly urban,coastal,,,,,
DE,DE944,"Osnabrück, Kreisfreie Stadt",intermediate,non-coastal,,,,,
DE,DE945,"Wilhelmshaven, Kreisfreie Stadt",intermediate,coastal,,,,,
DE,DE946,Ammerland,predominantly urban,coastal,,,,,
DE,DE947,Aurich,intermediate,coastal,,,,,
DE,DE948,Cloppenburg,intermediate,non-coastal,,,,,
DE,DE949,Emsland,intermediate,non-coastal,,,,,
DE,DE94A,Friesland (DE),intermediate,coastal,,,,,
DE,DE94B,Grafschaft Bentheim,intermediate,non-coastal,,,,,
DE,DE94C,Leer,intermediate,coastal,,,,,
DE,DE94D,"Oldenburg, Landkreis",intermediate,coastal,,,,,
DE,DE94E,"Osnabrück, Landkreis",intermediate,non-coastal,,,,,
DE,DE94F,Vechta,intermediate,non-coastal,,,,,
DE,DE94G,Wesermarsch,intermediate,coastal,,,,,
DE,DE94H,Wittmund,predominantly rural,coastal,,,,,
DE,DEA11,"Düsseldorf, Kreisfreie Stadt",predominantly urban,non-coastal,,,,,
DE,DEA12,"Duisburg, Kreisfreie Stadt",predominantly urban,non-coastal,,,,,
DE,DEA13,"Essen, Kreisfreie Stadt",predominantly urban,non-coastal,,,,,
DE,DEA14,"Krefeld, Kreisfreie Stadt",predominantly urban,non-coastal,,,,,
DE,DEA15,"Mönchengladbach, Kreisfreie Stadt",predominantly urban,non-coastal,,,,,
DE,DEA16,"Mülheim an der Ruhr, Kreisfreie Stadt",predominantly urban,non-coastal,,,,,
DE,DEA17,"Oberhausen, Kreisfreie Stadt",predominantly urban,non-coastal,,,,,
DE,DEA18,"Remscheid, Kreisfreie Stadt",predominantly urban,non-coastal,,,,,
DE,DEA19,"Solingen, Kreisfreie Stadt",predominantly urban,non-coastal,,,,,
DE,DEA1A,"Wuppertal, Kreisfreie Stadt",predominantly urban,non-coastal,,,,,
DE,DEA1B,Kleve,intermediate,non-coastal,,,,,
DE,DEA1C,Mettmann,predominantly urban,non-coastal,,,,,
DE,DEA1D,Rhein-Kreis Neuss,predominantly urban,non-coastal,,,,,
DE,DEA1E,Viersen,predominantly urban,non-coastal,,,,,
DE,DEA1F,Wesel,predominantly urban,non-coastal,,,,,
DE,DEA22,"Bonn, Kreisfreie Stadt",predominantly urban,non-coastal,,,,,
DE,DEA23,"Köln, Kreisfreie Stadt",predominantly urban,non-coastal,,,,,
DE,DEA24,"Leverkusen, Kreisfreie Stadt",predominantly urban,non-coastal,,,,,
DE,DEA26,Düren,intermediate,non-coastal,,,,,
DE,DEA27,Rhein-Erft-Kreis,predominantly urban,non-coastal,,,,,
DE,DEA28,Euskirchen,intermediate,non-coastal,,,,,
DE,DEA29,Heinsberg,intermediate,non-coastal,,,,,
DE,DEA2A,Oberbergischer Kreis,intermediate,non-coastal,,,,,
DE,DEA2B,Rheinisch-Bergischer Kreis,predominantly urban,non-coastal,,,,,
DE,DEA2C,Rhein-Sieg-Kreis,predominantly urban,non-coastal,,,,,
DE,DEA2D,Städteregion Aachen,predominantly urban,non-coastal,,,,,
DE,DEA31,"Bottrop, Kreisfreie Stadt",predominantly urban,non-coastal,,,,,
DE,DEA32,"Gelsenkirchen, Kreisfreie Stadt",predominantly urban,non-coastal,,,,,
DE,DEA33,"Münster, Kreisfreie Stadt",predominantly urban,non-coastal,,,,,
DE,DEA34,Borken,intermediate,non-coastal,,,,,
DE,DEA35,Coesfeld,intermediate,non-coastal,,,,,
DE,DEA36,Recklinghausen,predominantly urban,non-coastal,,,,,
DE,DEA37,Steinfurt,intermediate,non-coastal,,,,,
DE,DEA38,Warendorf,intermediate,non-coastal,,,,,
DE,DEA41,"Bielefeld, Kreisfreie Stadt",predominantly urban,non-coastal,,,,,
DE,DEA42,Gütersloh,intermediate,non-coastal,,,,,
DE,DEA43,Herford,predominantly urban,non-coastal,,,,,
DE,DEA44,Höxter,predominantly rural,non-coastal,,,,,
DE,DEA45,Lippe,intermediate,non-coastal,,,,,
DE,DEA46,Minden-Lübbecke,intermediate,non-coastal,,,,,
DE,DEA47,Paderborn,intermediate,non-coastal,,,,,
DE,DEA51,"Bochum, Kreisfreie Stadt",predominantly urban,non-coastal,,,,,
DE,DEA52,"Dortmund, Kreisfreie Stadt",predominantly urban,non-coastal,,,,,
DE,DEA53,"Hagen, Kreisfreie Stadt",predominantly urban,non-coastal,,,,,
DE,DEA54,"Hamm, Kreisfreie Stadt",predominantly urban,non-coastal,,,,,
DE,DEA55,"Herne, Kreisfreie Stadt",predominantly urban,non-coastal,,,,,
DE,DEA56,Ennepe-Ruhr-Kreis,predominantly urban,non-coastal,,,,,
DE,DEA57,Hochsauerlandkreis,intermediate,non-coastal,,,,,
DE,DEA58,Märkischer Kreis,predominantly urban,non-coastal,,,,,
DE,DEA59,Olpe,intermediate,non-coastal,,,,,
DE,DEA5A,Siegen-Wittgenstein,intermediate,non-coastal,,,,,
DE,DEA5B,Soest,intermediate,non-coastal,,,,,
DE,DEA5C,Unna,predominantly urban,non-coastal,,,,,
DE,DEB11,"Koblenz, Kreisfreie Stadt",predominantly urban,non-coastal,,,,,
DE,DEB12,Ahrweiler,intermediate,non-coastal,,,,,
DE,DEB13,Altenkirchen (Westerwald),predominantly rural,non-coastal,,,,,
DE,DEB14,Bad Kreuznach,intermediate,non-coastal,,,,,
DE,DEB15,Birkenfeld,predominantly rural,non-coastal,,,,,
DE,DEB17,Mayen-Koblenz,predominantly urban,non-coastal,,,,,
DE,DEB18,Neuwied,intermediate,non-coastal,,,,,
DE,DEB1A,Rhein-Lahn-Kreis,intermediate,non-coastal,,,,,
DE,DEB1B,Westerwaldkreis,predominantly rural,non-coastal,,,,,
DE,DEB1C,Cochem-Zell,predominantly rural,non-coastal,,,,,
DE,DEB1D,Rhein-Hunsrück-Kreis,predominantly rural,non-coastal,,,,,
DE,DEB21,"Trier, Kreisfreie Stadt",intermediate,non-coastal,,,,,
DE,DEB22,Bernkastel-Wittlich,predominantly rural,non-coastal,,,,,
DE,DEB23,Eifelkreis Bitburg-Prüm,predominantly rural,non-coastal,,,,,
DE,DEB24,Vulkaneifel,predominantly rural,non-coastal,,,,,
DE,DEB25,Trier-Saarburg,intermediate,non-coastal,,,,,
DE,DEB31,"Frankenthal (Pfalz), Kreisfreie Stadt",predominantly urban,non-coastal,,,,,
DE,DEB32,"Kaiserslautern, Kreisfreie Stadt",intermediate,non-coastal,,,,,
DE,DEB33,"Landau in der Pfalz, Kreisfreie Stadt",predominantly urban,non-coastal,,,,,
DE,DEB34,"Ludwigshafen am Rhein, Kreisfreie Stadt",predominantly urban,non-coastal,,,,,
DE,DEB35,"Mainz, Kreisfreie Stadt",predominantly urban,non-coastal,,,,,
DE,DEB36,"Neustadt an der Weinstraße, Kreisfreie Stadt",predominantly urban,non-coastal,,,,,
DE,DEB37,"Pirmasens, Kreisfreie Stadt",predominantly rural,non-coastal,,,,,
DE,DEB38,"Speyer, Kreisfreie Stadt",predominantly urban,non-coastal,,,,,
DE,DEB39,"Worms, Kreisfreie Stadt",predominantly urban,non-coastal,,,,,
DE,DEB3A,"Zweibrücken, Kreisfreie Stadt",predominantly urban,non-coastal,,,,,
DE,DEB3B,Alzey-Worms,predominantly rural,non-coastal,,,,,
DE,DEB3C,Bad Dürkheim,predominantly urban,non-coastal,,,,,
DE,DEB3D,Donnersbergkreis,predominantly rural,non-coastal,,,,,
DE,DEB3E,Germersheim,predominantly urban,non-coastal,,,,,
DE,DEB3F,"Kaiserslautern, Landkreis",intermediate,non-coastal,,,,,
DE,DEB3G,Kusel,predominantly rural,non-coastal,,,,,
DE,DEB3H,Südliche Weinstraße,intermediate,non-coastal,,,,,
DE,DEB3I,Rhein-Pfalz-Kreis,predominantly urban,non-coastal,,,,,
DE,DEB3J,Mainz-Bingen,intermediate,non-coastal,,,,,
DE,DEB3K,Südwestpfalz,predominantly rural,non-coastal,,,,,
DE,DEC01,Regionalverband Saarbrücken,predominantly urban,non-coastal,,,,,
DE,DEC02,Merzig-Wadern,intermediate,non-coastal,,,,,
DE,DEC03,Neunkirchen,intermediate,non-coastal,,,,,
DE,DEC04,Saarlouis,predominantly urban,non-coastal,,,,,
DE,DEC05,Saarpfalz-Kreis,predominantly urban,non-coastal,,,,,
DE,DEC06,St. Wendel,intermediate,non-coastal,,,,,
DE,DED21,"Dresden, Kreisfreie Stadt",predominantly urban,non-coastal,,,,,
DE,DED2C,Bautzen,predominantly rural,non-coastal,,,,,
DE,DED2D,Görlitz,intermediate,non-coastal,,,,,
DE,DED2E,Meißen,intermediate,non-coastal,,,,,
DE,DED2F,Sächsische Schweiz-Osterzgebirge,predominantly urban,non-coastal,,,,,
DE,DED41,"Chemnitz, Kreisfreie Stadt",intermediate,non-coastal,,,,,
DE,DED42,Erzgebirgskreis,intermediate,non-coastal,,,,,
DE,DED43,Mittelsachsen,intermediate,non-coastal,,,,,
DE,DED44,Vogtlandkreis,intermediate,non-coastal,,,,,
DE,DED45,Zwickau,intermediate,non-coastal,,,,,
DE,DED51,"Leipzig, Kreisfreie Stadt",predominantly urban,non-coastal,,,,,
DE,DED52,Leipzig,predominantly urban,non-coastal,,,,,
DE,DED53,Nordsachsen,predominantly rural,non-coastal,,,,,
DE,DEE01,"Dessau-Roßlau, Kreisfreie Stadt",intermediate,non-coastal,,,,,
DE,DEE02,"Halle (Saale), Kreisfreie Stadt",intermediate,non-coastal,,,,,
DE,DEE03,"Magdeburg, Kreisfreie Stadt",intermediate,non-coastal,,,,,
DE,DEE04,Altmarkkreis Salzwedel,predominantly rural,non-coastal,,,,,
DE,DEE05,Anhalt-Bitterfeld,intermediate,non-coastal,,,,,
DE,DEE06,Jerichower Land,predominantly rural,non-coastal,,,,,
DE,DEE07,Börde,intermediate,non-coastal,,,,,
DE,DEE08,Burgenlandkreis,predominantly rural,non-coastal,,,,,
DE,DEE09,Harz,intermediate,non-coastal,,,,,
DE,DEE0A,Mansfeld-Südharz,predominantly rural,non-coastal,,,,,
DE,DEE0B,Saalekreis,intermediate,non-coastal,,,,,
DE,DEE0C,Salzlandkreis,intermediate,non-coastal,,,,,
DE,DEE0D,Stendal,predominantly rural,non-coastal,,,,,
DE,DEE0E,Wittenberg,predominantly rural,non-coastal,,,,,
DE,DEF01,"Flensburg, Kreisfreie Stadt",intermediate,coastal,,,,,
DE,DEF02,"Kiel, Kreisfreie Stadt",predominantly urban,coastal,,,,,
DE,DEF03,"Lübeck, Kreisfreie Stadt",intermediate,coastal,,,,,
DE,DEF04,"Neumünster, Kreisfreie Stadt",intermediate,coastal,,,,,
DE,DEF05,Dithmarschen,predominantly rural,coastal,,,,,
DE,DEF06,Herzogtum Lauenburg,intermediate,non-coastal,,,,,
DE,DEF07,Nordfriesland,predominantly rural,coastal,,,,,
DE,DEF08,Ostholstein,intermediate,coastal,,,,,
DE,DEF09,Pinneberg,predominantly urban,coastal,,,,,
DE,DEF0A,Plön,predominantly urban,coastal,,,,,
DE,DEF0B,Rendsburg-Eckernförde,intermediate,coastal,,,,,
DE,DEF0C,Schleswig-Flensburg,intermediate,coastal,,,,,
DE,DEF0D,Segeberg,intermediate,coastal,,,,,
DE,DEF0E,Steinburg,intermediate,coastal,,,,,
DE,DEF0F,Stormarn,intermediate,non-coastal,,,,,
DE,DEG01,"Erfurt, Kreisfreie Stadt",intermediate,non-coastal,,,,,
DE,DEG02,"Gera, Kreisfreie Stadt",intermediate,non-coastal,,,,,
DE,DEG03,"Jena, Kreisfreie Stadt",intermediate,non-coastal,,,,,
DE,DEG05,"Weimar, Kreisfreie Stadt",intermediate,non-coastal,,,,,
DE,DEG06,Eichsfeld,predominantly rural,non-coastal,,,,,
DE,DEG07,Nordhausen,predominantly rural,non-coastal,,,,,
DE,DEG09,Unstrut-Hainich-Kreis,predominantly rural,non-coastal,,,,,
DE,DEG0A,Kyffhäuserkreis,predominantly rural,non-coastal,,,,,
DE,DEG0C,Gotha,predominantly rural,non-coastal,,,,,
DE,DEG0D,Sömmerda,intermediate,non-coastal,,,,,
DE,DEG0E,Hildburghausen,predominantly rural,non-coastal,,,,,
DE,DEG0G,Weimarer Land,intermediate,non-coastal,,,,,
DE,DEG0J,Saale-Holzland-Kreis,intermediate,non-coastal,,,,,
DE,DEG0K,Saale-Orla-Kreis,predominantly rural,non-coastal,,,,,
DE,DEG0L,Greiz,intermediate,non-coastal,,,,,
DE,DEG0M,Altenburger Land,intermediate,non-coastal,,,,,
DE,DEG0Q,Schmalkalden-Meiningen,intermediate,non-coastal,,,,,
DE,DEG0R,Wartburgkreis,predominantly rural,non-coastal,,,,,
DE,DEG0S,"Suhl, Kreisfreie Stadt",intermediate,non-coastal,,,,,
DE,DEG0T,Ilm-Kreis,predominantly rural,non-coastal,,,,,
DE,DEG0U,Saalfeld-Rudolstadt,intermediate,non-coastal,,,,,
DE,DEG0V,Sonneberg,predominantly rural,non-coastal,,,,,
EE,EE001,Põhja-Eesti,predominantly urban,coastal,,,,,Capital region
EE,EE004,Lääne-Eesti,predominantly rural,coastal,,,,,
EE,EE008,Lõuna-Eesti,intermediate,non-coastal,,,,,
EE,EE009,Kesk-Eesti,predominantly rural,coastal,,,,,
EE,EE00A,Kirde-Eesti,predominantly urban,coastal,,,,,
IE,IE041,Border,predominantly rural,coastal,,,,,
IE,IE042,West,predominantly rural,coastal,,,,,
IE,IE051,Mid-West,predominantly rural,coastal,,,,,
IE,IE052,South-East,predominantly rural,coastal,,,,,
IE,IE053,South-West,predominantly rural,coastal,,,,,
IE,IE061,Dublin,predominantly urban,coastal,,,,,Capital region
IE,IE062,Mid-East,intermediate,coastal,,,,,
IE,IE063,Midland,predominantly rural,non-coastal,,,,,
EL,EL301,Βόρειος Τομέας Αθηνών,predominantly urban,coastal,,,,,
EL,EL302,Δυτικός Τομέας Αθηνών,predominantly urban,coastal,,,,,
EL,EL303,Κεντρικός Τομέας Αθηνών,predominantly urban,coastal,,,,,Capital region
EL,EL304,Νότιος Τομέας Αθηνών,predominantly urban,coastal,,,,,
EL,EL305,Ανατολική Αττική,predominantly urban,coastal,,,,,
EL,EL306,Δυτική Αττική,predominantly urban,coastal,,,,,
EL,EL307,"Πειραιάς, Νήσοι",predominantly urban,coastal,,,,,
EL,EL411,"Λέσβος, Λήμνος",predominantly rural,coastal,,,,,
EL,EL412,"Ικαρία, Σάμος",predominantly rural,coastal,,,,,
EL,EL413,Χίος,intermediate,coastal,,,,,
EL,EL421,"Κάλυμνος, Κάρπαθος – Ηρωική Νήσος Κάσος, Κως, Ρόδος",intermediate,coastal,,,,,
EL,EL422,"Άνδρος, Θήρα, Κέα, Μήλος, Μύκονος, Νάξος, Πάρος, Σύρος, Τήνος",predominantly rural,coastal,,,,,
EL,EL431,Ηράκλειο,intermediate,coastal,,,,,
EL,EL432,Λασίθι,predominantly rural,coastal,,,,,
EL,EL433,Ρέθυμνο,predominantly rural,coastal,,,,,
EL,EL434,Χανιά,intermediate,coastal,,,,,
EL,EL511,Έβρος,intermediate,coastal,,,,,
EL,EL512,Ξάνθη,intermediate,coastal,,,,,
EL,EL513,Ροδόπη,intermediate,coastal,,,,,
EL,EL514,Δράμα,predominantly rural,coastal,,,,,
EL,EL515,"Θάσος, Καβάλα",predominantly rural,coastal,,,,,
EL,EL521,Ημαθία,intermediate,coastal,,,,,
EL,EL522,Θεσσαλονίκη,predominantly urban,coastal,,,,,
EL,EL523,Κιλκίς,predominantly rural,coastal,,,,,
EL,EL524,Πέλλα,predominantly rural,coastal,,,,,
EL,EL525,Πιερία,intermediate,coastal,,,,,
EL,EL526,Σέρρες,predominantly rural,coastal,,,,,
EL,EL527,Χαλκιδική,predominantly rural,coastal,,,,,
EL,EL531,"Γρεβενά, Κοζάνη",intermediate,non-coastal,,,,,
EL,EL532,Καστοριά,intermediate,non-coastal,,,,,
EL,EL533,Φλώρινα,predominantly rural,non-coastal,,,,,
EL,EL541,"Άρτα, Πρέβεζα",predominantly rural,coastal,,,,,
EL,EL542,Θεσπρωτία,predominantly rural,coastal,,,,,
EL,EL543,Ιωάννινα,intermediate,non-coastal,,,,,
EL,EL611,"Καρδίτσα, Τρίκαλα",predominantly rural,non-coastal,,,,,
EL,EL612,Λάρισα,intermediate,coastal,,,,,
EL,EL613,"Μαγνησία, Σποράδες",intermediate,coastal,,,,,
EL,EL621,Ζάκυνθος,predominantly rural,coastal,,,,,
EL,EL622,Κέρκυρα,predominantly rural,coastal,,,,,
EL,EL623,"Ιθάκη, Κεφαλληνία",predominantly rural,coastal,,,,,
EL,EL624,Λευκάδα,predominantly rural,coastal,,,,,
EL,EL631,Αιτωλοακαρνανία,predominantly rural,coastal,,,,,
EL,EL632,Αχαΐα,intermediate,coastal,,,,,
EL,EL633,Ηλεία,predominantly rural,coastal,,,,,
EL,EL641,Βοιωτία,predominantly rural,coastal,,,,,
EL,EL642,Εύβοια,predominantly rural,coastal,,,,,
EL,EL643,Ευρυτανία,predominantly rural,coastal,,,,,
EL,EL644,Φθιώτιδα,predominantly rural,coastal,,,,,
EL,EL645,Φωκίδα,predominantly rural,coastal,,,,,
EL,EL651,"Αργολίδα, Αρκαδία",predominantly rural,coastal,,,,,
EL,EL652,Κορινθία,intermediate,coastal,,,,,
EL,EL653,"Λακωνία, Μεσσηνία",predominantly rural,coastal,,,,,
ES,ES111,A Coruña,intermediate,coastal,,,,,
ES,ES112,Lugo,predominantly rural,coastal,,,,,
ES,ES113,Ourense,predominantly rural,non-coastal,,,,,
ES,ES114,Pontevedra,intermediate,coastal,,,,,
ES,ES120,Asturias,intermediate,coastal,,,,,
ES,ES130,Cantabria,intermediate,coastal,,,,,
ES,ES211,Araba/Álava,predominantly urban,non-coastal,,,,,
ES,ES212,Gipuzkoa,predominantly urban,coastal,,,,,
ES,ES213,Bizkaia,predominantly urban,coastal,,,,,
ES,ES220,Navarra,intermediate,non-coastal,,,,,
ES,ES230,La Rioja,intermediate,non-coastal,,,,,
ES,ES241,Huesca,intermediate,non-coastal,,,,,
ES,ES242,Teruel,predominantly rural,non-coastal,,,,,
ES,ES243,Zaragoza,predominantly urban,non-coastal,,,,,
ES,ES300,Madrid,predominantly urban,non-coastal,,,,,Capital region
ES,ES411,Ávila,predominantly rural,non-coastal,,,,,
ES,ES412,Burgos,intermediate,non-coastal,,,,,
ES,ES413,León,intermediate,non-coastal,,,,,
ES,ES414,Palencia,intermediate,non-coastal,,,,,
ES,ES415,Salamanca,intermediate,non-coastal,,,,,
ES,ES416,Segovia,predominantly rural,non-coastal,,,,,
ES,ES417,Soria,intermediate,non-coastal,,,,,
ES,ES418,Valladolid,intermediate,non-coastal,,,,,
ES,ES419,Zamora,predominantly rural,non-coastal,,,,,
ES,ES421,Albacete,intermediate,non-coastal,,,,,
ES,ES422,Ciudad Real,intermediate,non-coastal,,,,,
ES,ES423,Cuenca,intermediate,non-coastal,,,,,
ES,ES424,Guadalajara,intermediate,non-coastal,,,,,
ES,ES425,Toledo,intermediate,non-coastal,,,,,
ES,ES431,Badajoz,intermediate,non-coastal,,,,,
ES,ES432,Cáceres,intermediate,non-coastal,,,,,
ES,ES511,Barcelona,predominantly urban,coastal,,,,,
ES,ES512,Girona,intermediate,coastal,,,,,
ES,ES513,Lleida,intermediate,non-coastal,,,,,
ES,ES514,Tarragona,intermediate,coastal,,,,,
ES,ES521,Alicante/Alacant,predominantly urban,coastal,,,,,
ES,ES522,Castellón/Castelló,intermediate,coastal,,,,,
ES,ES523,Valencia/València,predominantly urban,coastal,,,,,
ES,ES531,Eivissa y Formentera,intermediate,coastal,,,,,
ES,ES532,Mallorca,predominantly urban,coastal,,,,,
ES,ES533,Menorca,intermediate,coastal,,,,,
ES,ES611,Almería,intermediate,coastal,,,,,
ES,ES612,Cádiz,predominantly urban,coastal,,,,,
ES,ES613,Córdoba,intermediate,non-coastal,,,,,
ES,ES614,Granada,intermediate,coastal,,,,,
ES,ES615,Huelva,intermediate,coastal,,,,,
ES,ES616,Jaén,intermediate,non-coastal,,,,,
ES,ES617,Málaga,predominantly urban,coastal,,,,,
ES,ES618,Sevilla,predominantly urban,non-coastal,,,,,
ES,ES620,Murcia,predominantly urban,coastal,,,,,
ES,ES630,Ceuta,predominantly urban,coastal,,,,,
ES,ES640,Melilla,predominantly urban,coastal,,,,,
ES,ES703,El Hierro,predominantly rural,coastal,,,,,
ES,ES704,Fuerteventura,intermediate,coastal,,,,,
ES,ES705,Gran Canaria,predominantly urban,coastal,,,,,
ES,ES706,La Gomera,predominantly rural,coastal,,,,,
ES,ES707,La Palma,intermediate,coastal,,,,,
ES,ES708,Lanzarote,intermediate,coastal,,,,,
ES,ES709,Tenerife,predominantly urban,coastal,,,,,
FR,FR101,Paris,predominantly urban,non-coastal,,,,,Capital region
FR,FR102,Seine-et-Marne,intermediate,non-coastal,,,,,
FR,FR103,Yvelines,predominantly urban,non-coastal,,,,,
FR,FR104,Essonne,predominantly urban,non-coastal,,,,,
FR,FR105,Hauts-de-Seine,predominantly urban,non-coastal,,,,,
FR,FR106,Seine-Saint-Denis,predominantly urban,non-coastal,,,,,
FR,FR107,Val-de-Marne,predominantly urban,non-coastal,,,,,
FR,FR108,Val-d’Oise,predominantly urban,non-coastal,,,,,
FR,FRB01,Cher,predominantly rural,non-coastal,,,,,
FR,FRB02,Eure-et-Loir,predominantly rural,non-coastal,,,,,
FR,FRB03,Indre,predominantly rural,non-coastal,,,,,
FR,FRB04,Indre-et-Loire,intermediate,non-coastal,,,,,
FR,FRB05,Loir-et-Cher,predominantly rural,non-coastal,,,,,
FR,FRB06,Loiret,intermediate,non-coastal,,,,,
FR,FRC11,Côte-d’Or,intermediate,non-coastal,,,,,
FR,FRC12,Nièvre,predominantly rural,non-coastal,,,,,
FR,FRC13,Saône-et-Loire,predominantly rural,non-coastal,,,,,
FR,FRC14,Yonne,predominantly rural,non-coastal,,,,,
FR,FRC21,Doubs,intermediate,non-coastal,,,,,
FR,FRC22,Jura,predominantly rural,non-coastal,,,,,
FR,FRC23,Haute-Saône,predominantly rural,non-coastal,,,,,
FR,FRC24,Territoire de Belfort,intermediate,non-coastal,,,,,
FR,FRD11,Calvados,intermediate,coastal,,,,,
FR,FRD12,Manche,predominantly rural,coastal,,,,,
FR,FRD13,Orne,predominantly rural,non-coastal,,,,,
FR,FRD21,Eure,predominantly rural,coastal,,,,,
FR,FRD22,Seine-Maritime,intermediate,coastal,,,,,
FR,FRE11,Nord,predominantly urban,coastal,,,,,
FR,FRE12,Pas-de-Calais,intermediate,coastal,,,,,
FR,FRE21,Aisne,predominantly rural,non-coastal,,,,,
FR,FRE22,Oise,intermediate,non-coastal,,,,,
FR,FRE23,Somme,predominantly rural,coastal,,,,,
FR,FRF11,Bas-Rhin,intermediate,non-coastal,,,,,
FR,FRF12,Haut-Rhin,intermediate,non-coastal,,,,,
FR,FRF21,Ardennes,predominantly rural,non-coastal,,,,,
FR,FRF22,Aube,intermediate,non-coastal,,,,,
FR,FRF23,Marne,intermediate,non-coastal,,,,,
FR,FRF24,Haute-Marne,predominantly rural,non-coastal,,,,,
FR,FRF31,Meurthe-et-Moselle,intermediate,non-coastal,,,,,
FR,FRF32,Meuse,predominantly rural,non-coastal,,,,,
FR,FRF33,Moselle,intermediate,non-coastal,,,,,
FR,FRF34,Vosges,predominantly rural,non-coastal,,,,,
FR,FRG01,Loire-Atlantique,predominantly urban,coastal,,,,,
FR,FRG02,Maine-et-Loire,intermediate,non-coastal,,,,,
FR,FRG03,Mayenne,predominantly rural,non-coastal,,,,,
FR,FRG04,Sarthe,predominantly rural,non-coastal,,,,,
FR,FRG05,Vendée,predominantly rural,coastal,,,,,
FR,FRH01,Côtes-d’Armor,predominantly rural,coastal,,,,,
FR,FRH02,Finistère,predominantly rural,coastal,,,,,
FR,FRH03,Ille-et-Vilaine,intermediate,coastal,,,,,
FR,FRH04,Morbihan,predominantly rural,coastal,,,,,
FR,FRI11,Dordogne,predominantly rural,non-coastal,,,,,
FR,FRI12,Gironde,predominantly urban,coastal,,,,,
FR,FRI13,Landes,predominantly rural,coastal,,,,,
FR,FRI14,Lot-et-Garonne,predominantly rural,non-coastal,,,,,
FR,FRI15,Pyrénées-Atlantiques,intermediate,coastal,,,,,
FR,FRI21,Corrèze,predominantly rural,non-coastal,,,,,
FR,FRI22,Creuse,predominantly rural,non-coastal,,,,,
FR,FRI23,Haute-Vienne,predominantly rural,non-coastal,,,,,
FR,FRI31,Charente,predominantly rural,non-coastal,,,,,
FR,FRI32,Charente-Maritime,predominantly rural,coastal,,,,,
FR,FRI33,Deux-Sèvres,predominantly rural,non-coastal,,,,,
FR,FRI34,Vienne,predominantly rural,non-coastal,,,,,
FR,FRJ11,Aude,predominantly rural,coastal,,,,,
FR,FRJ12,Gard,intermediate,coastal,,,,,
FR,FRJ13,Hérault,intermediate,coastal,,,,,
FR,FRJ14,Lozère,predominantly rural,non-coastal,,,,,
FR,FRJ15,Pyrénées-Orientales,intermediate,coastal,,,,,
FR,FRJ21,Ariège,predominantly rural,non-coastal,,,,,
FR,FRJ22,Aveyron,predominantly rural,non-coastal,,,,,
FR,FRJ23,Haute-Garonne,predominantly urban,non-coastal,,,,,
FR,FRJ24,Gers,predominantly rural,non-coastal,,,,,
FR,FRJ25,Lot,predominantly rural,non-coastal,,,,,
FR,FRJ26,Hautes-Pyrénées,predominantly rural,non-coastal,,,,,
FR,FRJ27,Tarn,predominantly rural,non-coastal,,,,,
FR,FRJ28,Tarn-et-Garonne,predominantly rural,non-coastal,,,,,
FR,FRK11,Allier,predominantly rural,non-coastal,,,,,
FR,FRK12,Cantal,predominantly rural,non-coastal,,,,,
FR,FRK13,Haute-Loire,predominantly rural,non-coastal,,,,,
FR,FRK14,Puy-de-Dôme,intermediate,non-coastal,,,,,
FR,FRK21,Ain,predominantly rural,non-coastal,,,,,
FR,FRK22,Ardèche,predominantly rural,non-coastal,,,,,
FR,FRK23,Drôme,intermediate,non-coastal,,,,,
FR,FRK24,Isère,intermediate,non-coastal,,,,,
FR,FRK25,Loire,intermediate,non-coastal,,,,,
FR,FRK26,Rhône,predominantly urban,non-coastal,,,,,
FR,FRK27,Savoie,intermediate,non-coastal,,,,,
FR,FRK28,Haute-Savoie,intermediate,non-coastal,,,,,
FR,FRL01,Alpes-de-Haute-Provence,predominantly rural,non-coastal,,,,,
FR,FRL02,Hautes-Alpes,predominantly rural,non-coastal,,,,,
FR,FRL03,Alpes-Maritimes,predominantly urban,coastal,,,,,
FR,FRL04,Bouches-du-Rhône,predominantly urban,coastal,,,,,
FR,FRL05,Var,intermediate,coastal,,,,,
FR,FRL06,Vaucluse,intermediate,non-coastal,,,,,
FR,FRM01,Corse-du-Sud,intermediate,coastal,,,,,
FR,FRM02,Haute-Corse,predominantly rural,coastal,,,,,
FR,FRY10,Guadeloupe,intermediate,coastal,,,,,
FR,FRY20,Martinique,intermediate,coastal,,,,,
FR,FRY30,Guyane,intermediate,coastal,,,,,
FR,FRY40,La Réunion,predominantly urban,coastal,,,,,
FR,FRY50,Mayotte,predominantly urban,coastal,,,,,
HR,HR021,Bjelovarsko-bilogorska županija,predominantly rural,non-coastal,,,,,
HR,HR022,Virovitičko-podravska županija,predominantly rural,non-coastal,,,,,
HR,HR023,Požeško-slavonska županija,predominantly rural,non-coastal,,,,,
HR,HR024,Brodsko-posavska županija,predominantly rural,non-coastal,,,,,
HR,HR025,Osječko-baranjska županija,intermediate,non-coastal,,,,,
HR,HR026,Vukovarsko-srijemska županija,predominantly rural,non-coastal,,,,,
HR,HR027,Karlovačka županija,predominantly rural,non-coastal,,,,,
HR,HR028,Sisačko-moslavačka županija,predominantly rural,non-coastal,,,,,
HR,HR031,Primorsko-goranska županija,intermediate,coastal,,,,,
HR,HR032,Ličko-senjska županija,predominantly rural,coastal,,,,,
HR,HR033,Zadarska županija,predominantly rural,coastal,,,,,
HR,HR034,Šibensko-kninska županija,predominantly rural,coastal,,,,,
HR,HR035,Splitsko-dalmatinska županija,intermediate,coastal,,,,,
HR,HR036,Istarska županija,predominantly rural,coastal,,,,,
HR,HR037,Dubrovačko-neretvanska županija,predominantly rural,coastal,,,,,
HR,HR050,Grad Zagreb,predominantly urban,non-coastal,,,,,Capital region
HR,HR061,Međimurska županija,predominantly rural,non-coastal,,,,,
HR,HR062,Varaždinska županija,predominantly rural,non-coastal,,,,,
HR,HR063,Koprivničko-križevačka županija,predominantly rural,non-coastal,,,,,
HR,HR064,Krapinsko-zagorska županija,predominantly rural,non-coastal,,,,,
HR,HR065,Zagrebačka županija,intermediate,non-coastal,,,,,
IT,ITC11,Torino,predominantly urban,non-coastal,,,,,
IT,ITC12,Vercelli,predominantly rural,non-coastal,,,,,
IT,ITC13,Biella,intermediate,non-coastal,,,,,
IT,ITC14,Verbano-Cusio-Ossola,intermediate,non-coastal,,,,,
IT,ITC15,Novara,intermediate,non-coastal,,,,,
IT,ITC16,Cuneo,predominantly rural,non-coastal,,,,,
IT,ITC17,Asti,predominantly rural,non-coastal,,,,,
IT,ITC18,Alessandria,intermediate,non-coastal,,,,,
IT,ITC20,Valle d’Aosta/Vallée d’Aoste,intermediate,non-coastal,,,,,
IT,ITC31,Imperia,predominantly urban,coastal,,,,,
IT,ITC32,Savona,intermediate,coastal,,,,,
IT,ITC33,Genova,predominantly urban,coastal,,,,,
IT,ITC34,La Spezia,predominantly urban,coastal,,,,,
IT,ITC41,Varese,predominantly urban,non-coastal,,,,,
IT,ITC42,Como,predominantly urban,non-coastal,,,,,
IT,ITC43,Lecco,predominantly urban,non-coastal,,,,,
IT,ITC44,Sondrio,intermediate,non-coastal,,,,,
IT,ITC46,Bergamo,predominantly urban,non-coastal,,,,,
IT,ITC47,Brescia,predominantly urban,non-coastal,,,,,
IT,ITC48,Pavia,intermediate,non-coastal,,,,,
IT,ITC49,Lodi,intermediate,non-coastal,,,,,
IT,ITC4A,Cremona,intermediate,non-coastal,,,,,
IT,ITC4B,Mantova,predominantly rural,non-coastal,,,,,
IT,ITC4C,Milano,predominantly urban,non-coastal,,,,,
IT,ITC4D,Monza e della Brianza,predominantly urban,non-coastal,,,,,
IT,ITF11,L’Aquila,intermediate,non-coastal,,,,,
IT,ITF12,Teramo,intermediate,coastal,,,,,
IT,ITF13,Pescara,intermediate,coastal,,,,,
IT,ITF14,Chieti,intermediate,coastal,,,,,
IT,ITF21,Isernia,predominantly rural,non-coastal,,,,,
IT,ITF22,Campobasso,predominantly rural,coastal,,,,,
IT,ITF31,Caserta,predominantly urban,coastal,,,,,
IT,ITF32,Benevento,predominantly rural,coastal,,,,,
IT,ITF33,Napoli,predominantly urban,coastal,,,,,
IT,ITF34,Avellino,intermediate,coastal,,,,,
IT,ITF35,Salerno,intermediate,coastal,,,,,
IT,ITF43,Taranto,predominantly urban,coastal,,,,,
IT,ITF44,Brindisi,predominantly urban,coastal,,,,,
IT,ITF45,Lecce,predominantly urban,coastal,,,,,
IT,ITF46,Foggia,predominantly urban,coastal,,,,,
IT,ITF47,Bari,predominantly urban,coastal,,,,,
IT,ITF48,Barletta-Andria-Trani,predominantly urban,coastal,,,,,
IT,ITF51,Potenza,predominantly rural,coastal,,,,,
IT,ITF52,Matera,intermediate,coastal,,,,,
IT,ITF61,Cosenza,intermediate,coastal,,,,,
IT,ITF62,Crotone,intermediate,coastal,,,,,
IT,ITF63,Catanzaro,intermediate,coastal,,,,,
IT,ITF64,Vibo Valentia,predominantly rural,coastal,,,,,
IT,ITF65,Reggio Calabria,intermediate,coastal,,,,,
IT,ITG11,Trapani,intermediate,coastal,,,,,
IT,ITG12,Palermo,predominantly urban,coastal,,,,,
IT,ITG13,Messina,intermediate,coastal,,,,,
IT,ITG14,Agrigento,predominantly urban,coastal,,,,,
IT,ITG15,Caltanissetta,predominantly urban,coastal,,,,,
IT,ITG16,Enna,intermediate,coastal,,,,,
IT,ITG17,Catania,predominantly urban,coastal,,,,,
IT,ITG18,Ragusa,intermediate,coastal,,,,,
IT,ITG19,Siracusa,predominantly urban,coastal,,,,,
IT,ITG2D,Sassari,intermediate,coastal,,,,,
IT,ITG2E,Nuoro,predominantly rural,coastal,,,,,
IT,ITG2F,Cagliari,predominantly urban,coastal,,,,,
IT,ITG2G,Oristano,predominantly rural,coastal,,,,,
IT,ITG2H,Sud Sardegna,predominantly rural,coastal,,,,,
IT,ITH10,Bolzano-Bozen,intermediate,non-coastal,,,,,
IT,ITH20,Trento,intermediate,non-coastal,,,,,
IT,ITH31,Verona,intermediate,non-coastal,,,,,
IT,ITH32,Vicenza,intermediate,non-coastal,,,,,
IT,ITH33,Belluno,predominantly rural,non-coastal,,,,,
IT,ITH34,Treviso,intermediate,coastal,,,,,
IT,ITH35,Venezia,predominantly urban,coastal,,,,,
IT,ITH36,Padova,intermediate,coastal,,,,,
IT,ITH37,Rovigo,predominantly rural,coastal,,,,,
IT,ITH41,Pordenone,intermediate,coastal,,,,,
IT,ITH42,Udine,intermediate,coastal,,,,,
IT,ITH43,Gorizia,predominantly urban,coastal,,,,,
IT,ITH44,Trieste,predominantly urban,coastal,,,,,
IT,ITH51,Piacenza,intermediate,non-coastal,,,,,
IT,ITH52,Parma,intermediate,non-coastal,,,,,
IT,ITH53,Reggio nell’Emilia,intermediate,non-coastal,,,,,
IT,ITH54,Modena,intermediate,non-coastal,,,,,
IT,ITH55,Bologna,intermediate,non-coastal,,,,,
IT,ITH56,Ferrara,intermediate,coastal,,,,,
IT,ITH57,Ravenna,intermediate,coastal,,,,,
IT,ITH58,Forlì-Cesena,intermediate,coastal,,,,,
IT,ITH59,Rimini,predominantly urban,coastal,,,,,
IT,ITI11,Massa-Carrara,intermediate,coastal,,,,,
IT,ITI12,Lucca,intermediate,coastal,,,,,
IT,ITI13,Pistoia,predominantly urban,non-coastal,,,,,
IT,ITI14,Firenze,predominantly urban,non-coastal,,,,,
IT,ITI15,Prato,predominantly urban,non-coastal,,,,,
IT,ITI16,Livorno,intermediate,coastal,,,,,
IT,ITI17,Pisa,intermediate,coastal,,,,,
IT,ITI18,Arezzo,intermediate,non-coastal,,,,,
IT,ITI19,Siena,predominantly rural,non-coastal,,,,,
IT,ITI1A,Grosseto,predominantly rural,coastal,,,,,
IT,ITI21,Perugia,intermediate,non-coastal,,,,,
IT,ITI22,Terni,intermediate,non-coastal,,,,,
IT,ITI31,Pesaro e Urbino,intermediate,coastal,,,,,
IT,ITI32,Ancona,intermediate,coastal,,,,,
IT,ITI33,Macerata,intermediate,coastal,,,,,
IT,ITI34,Ascoli Piceno,intermediate,coastal,,,,,
IT,ITI35,Fermo,intermediate,coastal,,,,,
IT,ITI41,Viterbo,predominantly rural,coastal,,,,,
IT,ITI42,Rieti,predominantly rural,non-coastal,,,,,
IT,ITI43,Roma,predominantly urban,coastal,,,,,Capital region
IT,ITI44,Latina,intermediate,coastal,,,,,
IT,ITI45,Frosinone,predominantly rural,coastal,,,,,
CY,CY000,Κύπρος,intermediate,coastal,,,,,Capital region
LV,LV005,Latgale,intermediate,non-coastal,,,,,
LV,LV009,Zemgale,predominantly rural,non-coastal,,,,,
LV,LV00A,Rīga,predominantly urban,coastal,,,,,Capital region
LV,LV00B,Kurzeme,intermediate,coastal,,,,,
LV,LV00C,Vidzeme,predominantly rural,non-coastal,,,,,
LT,LT011,Vilniaus apskritis,predominantly urban,non-coastal,,,,,Capital region
LT,LT021,Alytaus apskritis,intermediate,non-coastal,,,,,
LT,LT022,Kauno apskritis,intermediate,non-coastal,,,,,
LT,LT023,Klaipėdos apskritis,intermediate,coastal,,,,,
LT,LT024,Marijampolės apskritis,predominantly rural,non-coastal,,,,,
LT,LT025,Panevėžio apskritis,intermediate,non-coastal,,,,,
LT,LT026,Šiaulių apskritis,intermediate,non-coastal,,,,,
LT,LT027,Tauragės apskritis,predominantly rural,non-coastal,,,,,
LT,LT028,Telšių apskritis,intermediate,non-coastal,,,,,
LT,LT029,Utenos apskritis,intermediate,non-coastal,,,,,
LU,LU000,Luxembourg,intermediate,non-coastal,,,,,Capital region
HU,HU110,Budapest,predominantly urban,non-coastal,,,,,Capital region
HU,HU120,Pest,intermediate,non-coastal,,,,,
HU,HU211,Fejér,intermediate,non-coastal,,,,,
HU,HU212,Komárom-Esztergom,intermediate,non-coastal,,,,,
HU,HU213,Veszprém,intermediate,non-coastal,,,,,
HU,HU221,Győr-Moson-Sopron,intermediate,non-coastal,,,,,
HU,HU222,Vas,intermediate,non-coastal,,,,,
HU,HU223,Zala,predominantly rural,non-coastal,,,,,
HU,HU231,Baranya,intermediate,non-coastal,,,,,
HU,HU232,Somogy,predominantly rural,non-coastal,,,,,
HU,HU233,Tolna,predominantly rural,non-coastal,,,,,
HU,HU311,Borsod-Abaúj-Zemplén,intermediate,non-coastal,,,,,
HU,HU312,Heves,predominantly rural,non-coastal,,,,,
HU,HU313,Nógrád,predominantly rural,non-coastal,,,,,
HU,HU321,Hajdú-Bihar,intermediate,non-coastal,,,,,
HU,HU322,Jász-Nagykun-Szolnok,intermediate,non-coastal,,,,,
HU,HU323,Szabolcs-Szatmár-Bereg,predominantly rural,non-coastal,,,,,
HU,HU331,Bács-Kiskun,intermediate,non-coastal,,,,,
HU,HU332,Békés,intermediate,non-coastal,,,,,
HU,HU333,Csongrád-Csanád,intermediate,non-coastal,,,,,
MT,MT001,Malta,predominantly urban,coastal,,,,,Capital region
MT,MT002,Gozo and Comino/Għawdex u Kemmuna,predominantly urban,coastal,,,,,
NL,NL112,Delfzijl en omgeving,intermediate,coastal,,,,,
NL,NL114,Oost-Groningen,intermediate,coastal,,,,,
NL,NL115,Overig Groningen,intermediate,coastal,,,,,
NL,NL126,Zuidoost-Friesland,intermediate,coastal,,,,,
NL,NL127,Noord-Friesland,intermediate,coastal,,,,,
NL,NL128,Zuidwest-Friesland,intermediate,coastal,,,,,
NL,NL131,Noord-Drenthe,intermediate,coastal,,,,,
NL,NL132,Zuidoost-Drenthe,intermediate,non-coastal,,,,,
NL,NL133,Zuidwest-Drenthe,intermediate,non-coastal,,,,,
NL,NL211,Noord-Overijssel,intermediate,non-coastal,,,,,
NL,NL212,Zuidwest-Overijssel,intermediate,non-coastal,,,,,
NL,NL213,Twente,predominantly urban,non-coastal,,,,,
NL,NL221,Veluwe,predominantly urban,non-coastal,,,,,
NL,NL224,Zuidwest-Gelderland,intermediate,non-coastal,,,,,
NL,NL225,Achterhoek,intermediate,non-coastal,,,,,
NL,NL226,Arnhem/Nijmegen,predominantly urban,non-coastal,,,,,
NL,NL230,Flevoland,predominantly urban,coastal,,,,,
NL,NL321,Kop van Noord-Holland,predominantly urban,coastal,,,,,
NL,NL323,IJmond,predominantly urban,coastal,,,,,
NL,NL325,Zaanstreek,predominantly urban,coastal,,,,,
NL,NL327,Het Gooi en Vechtstreek,predominantly urban,coastal,,,,,
NL,NL328,Alkmaar en omgeving,predominantly urban,coastal,,,,,
NL,NL32A,Agglomeratie Haarlem,predominantly urban,coastal,,,,,
NL,NL32B,Groot-Amsterdam,predominantly urban,coastal,,,,,Capital region
NL,NL341,Zeeuwsch-Vlaanderen,predominantly rural,coastal,,,,,
NL,NL342,Overig Zeeland,intermediate,coastal,,,,,
NL,NL350,Utrecht,predominantly urban,non-coastal,,,,,
NL,NL361,Agglomeratie ’s-Gravenhage,predominantly urban,coastal,,,,,
NL,NL362,Delft en Westland,predominantly urban,coastal,,,,,
NL,NL363,Agglomeratie Leiden en Bollenstreek,predominantly urban,coastal,,,,,
NL,NL364,Zuidoost-Zuid-Holland,predominantly urban,coastal,,,,,
NL,NL365,Oost-Zuid-Holland,predominantly urban,coastal,,,,,
NL,NL366,Groot-Rijnmond,predominantly urban,coastal,,,,,
NL,NL411,West-Noord-Brabant,predominantly urban,coastal,,,,,
NL,NL414,Zuidoost-Noord-Brabant,predominantly urban,non-coastal,,,,,
NL,NL415,Midden-Noord-Brabant,predominantly urban,non-coastal,,,,,
NL,NL416,Noordoost-Noord-Brabant,predominantly urban,non-coastal,,,,,
NL,NL421,Noord-Limburg,intermediate,non-coastal,,,,,
NL,NL422,Midden-Limburg,intermediate,non-coastal,,,,,
NL,NL423,Zuid-Limburg,predominantly urban,non-coastal,,,,,
AT,AT111,Mittelburgenland,predominantly rural,non-coastal,,,,,
AT,AT112,Nordburgenland,predominantly rural,non-coastal,,,,,
AT,AT113,Südburgenland,predominantly rural,non-coastal,,,,,
AT,AT121,Mostviertel-Eisenwurzen,predominantly rural,non-coastal,,,,,
AT,AT122,Niederösterreich-Süd,intermediate,non-coastal,,,,,
AT,AT123,Sankt Pölten,predominantly rural,non-coastal,,,,,
AT,AT124,Waldviertel,predominantly rural,non-coastal,,,,,
AT,AT125,Weinviertel,predominantly rural,non-coastal,,,,,
AT,AT126,Wiener Umland/Nordteil,intermediate,non-coastal,,,,,
AT,AT127,Wiener Umland/Südteil,intermediate,non-coastal,,,,,
AT,AT130,Wien,predominantly urban,non-coastal,,,,,Capital region
AT,AT211,Klagenfurt-Villach,intermediate,non-coastal,,,,,
AT,AT212,Oberkärnten,predominantly rural,non-coastal,,,,,
AT,AT213,Unterkärnten,predominantly rural,non-coastal,,,,,
AT,AT221,Graz,predominantly urban,non-coastal,,,,,
AT,AT222,Liezen,predominantly rural,non-coastal,,,,,
AT,AT223,Östliche Obersteiermark,intermediate,non-coastal,,,,,
AT,AT224,Oststeiermark,predominantly rural,non-coastal,,,,,
AT,AT225,West- und Südsteiermark,predominantly rural,non-coastal,,,,,
AT,AT226,Westliche Obersteiermark,predominantly rural,non-coastal,,,,,
AT,AT311,Innviertel,predominantly rural,non-coastal,,,,,
AT,AT312,Linz-Wels,intermediate,non-coastal,,,,,
AT,AT313,Mühlviertel,predominantly rural,non-coastal,,,,,
AT,AT314,Steyr-Kirchdorf,predominantly rural,non-coastal,,,,,
AT,AT315,Traunviertel,predominantly rural,non-coastal,,,,,
AT,AT321,Lungau,predominantly rural,non-coastal,,,,,
AT,AT322,Pinzgau-Pongau,predominantly rural,non-coastal,,,,,
AT,AT323,Salzburg und Umgebung,intermediate,non-coastal,,,,,
AT,AT331,Außerfern,predominantly rural,non-coastal,,,,,
AT,AT332,Innsbruck,predominantly urban,non-coastal,,,,,
AT,AT333,Osttirol,predominantly rural,non-coastal,,,,,
AT,AT334,Tiroler Oberland,predominantly rural,non-coastal,,,,,
AT,AT335,Tiroler Unterland,intermediate,non-coastal,,,,,
AT,AT341,Bludenz-Bregenzer Wald,intermediate,non-coastal,,,,,
AT,AT342,Rheintal-Bodenseegebiet,predominantly urban,non-coastal,,,,,
PL,PL213,Miasto Kraków,predominantly urban,non-coastal,,,,,
PL,PL214,Krakowski,predominantly rural,non-coastal,,,,,
PL,PL217,Tarnowski,predominantly rural,non-coastal,,,,,
PL,PL218,Nowosądecki,predominantly rural,non-coastal,,,,,
PL,PL219,Nowotarski,predominantly rural,non-coastal,,,,,
PL,PL21A,Oświęcimski,intermediate,non-coastal,,,,,
PL,PL224,Częstochowski,intermediate,non-coastal,,,,,
PL,PL225,Bielski,intermediate,non-coastal,,,,,
PL,PL227,Rybnicki,predominantly urban,non-coastal,,,,,
PL,PL228,Bytomski,intermediate,non-coastal,,,,,
PL,PL229,Gliwicki,predominantly urban,non-coastal,,,,,
PL,PL22A,Katowicki,predominantly urban,non-coastal,,,,,
PL,PL22B,Sosnowiecki,predominantly urban,non-coastal,,,,,
PL,PL22C,Tyski,predominantly urban,non-coastal,,,,,
PL,PL411,Pilski,predominantly rural,non-coastal,,,,,
PL,PL414,Koniński,predominantly rural,non-coastal,,,,,
PL,PL415,Miasto Poznań,predominantly urban,non-coastal,,,,,
PL,PL416,Kaliski,predominantly rural,non-coastal,,,,,
PL,PL417,Leszczyński,predominantly rural,non-coastal,,,,,
PL,PL418,Poznański,intermediate,non-coastal,,,,,
PL,PL424,Miasto Szczecin,intermediate,coastal,,,,,
PL,PL426,Koszaliński,intermediate,coastal,,,,,
PL,PL427,Szczecinecko-pyrzycki,predominantly rural,non-coastal,,,,,
PL,PL428,Szczeciński,intermediate,coastal,,,,,
PL,PL431,Gorzowski,intermediate,non-coastal,,,,,
PL,PL432,Zielonogórski,intermediate,non-coastal,,,,,
PL,PL514,Miasto Wrocław,predominantly urban,non-coastal,,,,,
PL,PL515,Jeleniogórski,predominantly rural,non-coastal,,,,,
PL,PL516,Legnicko-głogowski,intermediate,non-coastal,,,,,
PL,PL517,Wałbrzyski,intermediate,non-coastal,,,,,
PL,PL518,Wrocławski,intermediate,non-coastal,,,,,
PL,PL523,Nyski,predominantly rural,non-coastal,,,,,
PL,PL524,Opolski,intermediate,non-coastal,,,,,
PL,PL613,Bydgosko-toruński,intermediate,non-coastal,,,,,
PL,PL616,Grudziądzki,predominantly rural,non-coastal,,,,,
PL,PL617,Inowrocławski,predominantly rural,non-coastal,,,,,
PL,PL618,Świecki,predominantly rural,non-coastal,,,,,
PL,PL619,Włocławski,predominantly rural,non-coastal,,,,,
PL,PL621,Elbląski,intermediate,coastal,,,,,
PL,PL622,Olsztyński,intermediate,non-coastal,,,,,
PL,PL623,Ełcki,intermediate,non-coastal,,,,,
PL,PL633,Trójmiejski,predominantly urban,coastal,,,,,
PL,PL634,Gdański,intermediate,coastal,,,,,
PL,PL636,Słupski,intermediate,coastal,,,,,
PL,PL637,Chojnicki,predominantly rural,non-coastal,,,,,
PL,PL638,Starogardzki,intermediate,coastal,,,,,
PL,PL711,Miasto Łódź,predominantly urban,non-coastal,,,,,
PL,PL712,Łódzki,predominantly urban,non-coastal,,,,,
PL,PL713,Piotrkowski,predominantly rural,non-coastal,,,,,
PL,PL714,Sieradzki,predominantly rural,non-coastal,,,,,
PL,PL715,Skierniewicki,predominantly rural,non-coastal,,,,,
PL,PL721,Kielecki,intermediate,non-coastal,,,,,
PL,PL722,Sandomiersko-jędrzejowski,predominantly rural,non-coastal,,,,,
PL,PL811,Bialski,predominantly rural,non-coastal,,,,,
PL,PL812,Chełmsko-zamojski,predominantly rural,non-coastal,,,,,
PL,PL814,Lubelski,intermediate,non-coastal,,,,,
PL,PL815,Puławski,predominantly rural,non-coastal,,,,,
PL,PL821,Krośnieński,predominantly rural,non-coastal,,,,,
PL,PL822,Przemyski,predominantly rural,non-coastal,,,,,
PL,PL823,Rzeszowski,intermediate,non-coastal,,,,,
PL,PL824,Tarnobrzeski,predominantly rural,non-coastal,,,,,
PL,PL841,Białostocki,intermediate,non-coastal,,,,,
PL,PL842,Łomżyński,predominantly rural,non-coastal,,,,,
PL,PL843,Suwalski,predominantly rural,non-coastal,,,,,
PL,PL911,Miasto Warszawa,predominantly urban,non-coastal,,,,,Capital region
PL,PL912,Warszawski wschodni,intermediate,non-coastal,,,,,
PL,PL913,Warszawski zachodni,intermediate,non-coastal,,,,,
PL,PL921,Radomski,predominantly rural,non-coastal,,,,,
PL,PL922,Ciechanowski,predominantly rural,non-coastal,,,,,
PL,PL923,Płocki,predominantly rural,non-coastal,,,,,
PL,PL924,Ostrołęcki,predominantly rural,non-coastal,,,,,
PL,PL925,Siedlecki,predominantly rural,non-coastal,,,,,
PL,PL926,Żyrardowski,predominantly rural,non-coastal,,,,,
PT,PT111,Alto Minho,predominantly rural,coastal,,,,,
PT,PT112,Cávado,intermediate,coastal,,,,,
PT,PT119,Ave,intermediate,coastal,,,,,
PT,PT11A,Área Metropolitana do Porto,predominantly urban,coastal,,,,,
PT,PT11B,Alto Tâmega e Barroso,predominantly rural,non-coastal,,,,,
PT,PT11C,Tâmega e Sousa,intermediate,coastal,,,,,
PT,PT11D,Douro,predominantly rural,non-coastal,,,,,
PT,PT11E,Terras de Trás-os-Montes,predominantly rural,non-coastal,,,,,
PT,PT150,Algarve,intermediate,coastal,,,,,
PT,PT191,Região de Aveiro,intermediate,coastal,,,,,
PT,PT192,Região de Coimbra,predominantly rural,coastal,,,,,
PT,PT193,Região de Leiria,predominantly rural,coastal,,,,,
PT,PT194,Viseu Dão Lafões,predominantly rural,non-coastal,,,,,
PT,PT195,Beira Baixa,predominantly rural,non-coastal,,,,,
PT,PT196,Beiras e Serra da Estrela,predominantly rural,non-coastal,,,,,
PT,PT1A0,Grande Lisboa,predominantly urban,coastal,,,,,Capital region
PT,PT1B0,Península de Setúbal,predominantly urban,coastal,,,,,
PT,PT1C1,Alentejo Litoral,predominantly rural,coastal,,,,,
PT,PT1C2,Baixo Alentejo,predominantly rural,non-coastal,,,,,
PT,PT1C3,Alto Alentejo,predominantly rural,non-coastal,,,,,
PT,PT1C4,Alentejo Central,predominantly rural,non-coastal,,,,,
PT,PT1D1,Oeste,predominantly rural,coastal,,,,,
PT,PT1D2,Médio Tejo,predominantly rural,non-coastal,,,,,
PT,PT1D3,Lezíria do Tejo,predominantly rural,coastal,,,,,
PT,PT200,Região Autónoma dos Açores,intermediate,coastal,,,,,
PT,PT300,Região Autónoma da Madeira,predominantly urban,coastal,,,,,
RO,RO111,Bihor,predominantly rural,non-coastal,,,,,
RO,RO112,Bistrița-Năsăud,predominantly rural,non-coastal,,,,,
RO,RO113,Cluj,intermediate,non-coastal,,,,,
RO,RO114,Maramureș,predominantly rural,non-coastal,,,,,
RO,RO115,Satu Mare,predominantly rural,non-coastal,,,,,
RO,RO116,Sălaj,predominantly rural,non-coastal,,,,,
RO,RO121,Alba,predominantly rural,non-coastal,,,,,
RO,RO122,Brașov,intermediate,non-coastal,,,,,
RO,RO123,Covasna,predominantly rural,non-coastal,,,,,
RO,RO124,Harghita,predominantly rural,non-coastal,,,,,
RO,RO125,Mureș,intermediate,non-coastal,,,,,
RO,RO126,Sibiu,intermediate,non-coastal,,,,,
RO,RO211,Bacău,intermediate,non-coastal,,,,,
RO,RO212,Botoșani,predominantly rural,non-coastal,,,,,
RO,RO213,Iași,intermediate,non-coastal,,,,,
RO,RO214,Neamț,predominantly rural,non-coastal,,,,,
RO,RO215,Suceava,predominantly rural,non-coastal,,,,,
RO,RO216,Vaslui,predominantly rural,non-coastal,,,,,
RO,RO221,Brăila,intermediate,non-coastal,,,,,
RO,RO222,Buzău,predominantly rural,non-coastal,,,,,
RO,RO223,Constanța,intermediate,coastal,,,,,
RO,RO224,Galați,intermediate,non-coastal,,,,,
RO,RO225,Tulcea,predominantly rural,coastal,,,,,
RO,RO226,Vrancea,predominantly rural,non-coastal,,,,,
RO,RO311,Argeș,intermediate,non-coastal,,,,,
RO,RO312,Călărași,predominantly rural,non-coastal,,,,,
RO,RO313,Dâmbovița,predominantly rural,non-coastal,,,,,
RO,RO314,Giurgiu,predominantly rural,non-coastal,,,,,
RO,RO315,Ialomița,predominantly rural,non-coastal,,,,,
RO,RO316,Prahova,intermediate,non-coastal,,,,,
RO,RO317,Teleorman,predominantly rural,non-coastal,,,,,
RO,RO321,București,predominantly urban,non-coastal,,,,,Capital region
RO,RO322,Ilfov,predominantly urban,non-coastal,,,,,
RO,RO411,Dolj,intermediate,non-coastal,,,,,
RO,RO412,Gorj,predominantly rural,non-coastal,,,,,
RO,RO413,Mehedinți,predominantly rural,non-coastal,,,,,
RO,RO414,Olt,predominantly rural,non-coastal,,,,,
RO,RO415,Vâlcea,predominantly rural,non-coastal,,,,,
RO,RO421,Arad,intermediate,non-coastal,,,,,
RO,RO422,Caraș-Severin,predominantly rural,non-coastal,,,,,
RO,RO423,Hunedoara,intermediate,non-coastal,,,,,
RO,RO424,Timiș,intermediate,non-coastal,,,,,
SI,SI031,Pomurska,predominantly rural,non-coastal,,,,,
SI,SI032,Podravska,predominantly rural,non-coastal,,,,,
SI,SI033,Koroška,predominantly rural,non-coastal,,,,,
SI,SI034,Savinjska,predominantly rural,non-coastal,,,,,
SI,SI035,Zasavska,predominantly rural,non-coastal,,,,,
SI,SI036,Posavska,predominantly rural,non-coastal,,,,,
SI,SI037,Jugovzhodna Slovenija,predominantly rural,non-coastal,,,,,
SI,SI038,Primorsko-notranjska,predominantly rural,coastal,,,,,
SI,SI041,Osrednjeslovenska,intermediate,non-coastal,,,,,Capital region
SI,SI042,Gorenjska,intermediate,non-coastal,,,,,
SI,SI043,Goriška,predominantly rural,coastal,,,,,
SI,SI044,Obalno-kraška,intermediate,coastal,,,,,
SK,SK010,Bratislavský kraj,predominantly urban,non-coastal,,,,,Capital region
SK,SK021,Trnavský kraj,predominantly rural,non-coastal,,,,,
SK,SK022,Trenčiansky kraj,intermediate,non-coastal,,,,,
SK,SK023,Nitriansky kraj,predominantly rural,non-coastal,,,,,
SK,SK031,Žilinský kraj,intermediate,non-coastal,,,,,
SK,SK032,Banskobystrický kraj,predominantly rural,non-coastal,,,,,
SK,SK041,Prešovský kraj,predominantly rural,non-coastal,,,,,
SK,SK042,Košický kraj,intermediate,non-coastal,,,,,
FI,FI196,Satakunta,predominantly rural,coastal,,,,,
FI,FI198,Keski-Suomi,intermediate,non-coastal,,,,,
FI,FI199,Etelä-Pohjanmaa,predominantly rural,non-coastal,,,,,
FI,FI19A,Pohjanmaa,predominantly rural,coastal,,,,,
FI,FI19B,Pirkanmaa,intermediate,non-coastal,,,,,
FI,FI1B1,Helsinki-Uusimaa,predominantly urban,coastal,,,,,Capital region
FI,FI1C1,Varsinais-Suomi,intermediate,coastal,,,,,
FI,FI1C2,Kanta-Häme,intermediate,non-coastal,,,,,
FI,FI1C5,Etelä-Karjala,intermediate,coastal,,,,,
FI,FI1C6,Päijät-Häme,intermediate,non-coastal,,,,,
FI,FI1C7,Kymenlaakso,intermediate,coastal,,,,,
FI,FI1D5,Keski-Pohjanmaa,intermediate,coastal,,,,,
FI,FI1D7,Lappi,predominantly rural,coastal,,,,,
FI,FI1D8,Kainuu,predominantly rural,non-coastal,,,,,
FI,FI1D9,Pohjois-Pohjanmaa,intermediate,coastal,,,,,
FI,FI1DA,Etelä-Savo,predominantly rural,non-coastal,,,,,
FI,FI1DB,Pohjois-Savo,intermediate,non-coastal,,,,,
FI,FI1DC,Pohjois-Karjala,predominantly rural,non-coastal,,,,,
FI,FI200,Åland,predominantly rural,coastal,,,,,
SE,SE110,Stockholms län,predominantly urban,coastal,,,,,Capital region
SE,SE121,Uppsala län,intermediate,coastal,,,,,
SE,SE122,Södermanlands län,intermediate,coastal,,,,,
SE,SE123,Östergötlands län,intermediate,coastal,,,,,
SE,SE124,Örebro län,intermediate,non-coastal,,,,,
SE,SE125,Västmanlands län,intermediate,non-coastal,,,,,
SE,SE211,Jönköpings län,intermediate,non-coastal,,,,,
SE,SE212,Kronobergs län,intermediate,non-coastal,,,,,
SE,SE213,Kalmar län,predominantly rural,coastal,,,,,
SE,SE214,Gotlands län,predominantly rural,coastal,,,,,
SE,SE221,Blekinge län,intermediate,coastal,,,,,
SE,SE224,Skåne län,intermediate,coastal,,,,,
SE,SE231,Hallands län,intermediate,coastal,,,,,
SE,SE232,Västra Götalands län,predominantly urban,coastal,,,,,
SE,SE311,Värmlands län,intermediate,non-coastal,,,,,
SE,SE312,Dalarnas län,predominantly rural,non-coastal,,,,,
SE,SE313,Gävleborgs län,intermediate,coastal,,,,,
SE,SE321,Västernorrlands län,intermediate,coastal,,,,,
SE,SE322,Jämtlands län,predominantly rural,non-coastal,,,,,
SE,SE331,Västerbottens län,intermediate,coastal,,,,,
SE,SE332,Norrbottens län,intermediate,coastal,,,,,
