country,country_code,nutslevel,nuts2016,regionname,type,year,party_abbreviation,party_english,party_native,partyfacts_id,partyvote,electorate,totalvote,validvote
Spain,ES,3,ES530,Balears,EP,1999,BNG,GALICIAN NATIONALIST BLOCK,BLOQUE NACIONALISTA GALEGO,1011,283,645702,367957,361126
Spain,ES,3,ES530,Balears,EP,1999,CE,UNITED NATIONAL MOVEMENT,ERTIANI NATSIONALURI MODZRAOBA,2172,144,645702,367957,361126
Spain,ES,3,ES530,Balears,EP,1999,CIU,CONVERGENCE AND UNITY,CONVERGENCIA I UNIO,139,33295,645702,367957,361126
Spain,ES,3,ES530,Balears,EP,1999,CN+EP,NA,NA,NA,20155,645702,367957,361126
Spain,ES,3,ES530,Balears,EP,1999,HB,UNITED PEOPLE,HERRI BATASUNA,473,989,645702,367957,361126
Spain,ES,3,ES530,Balears,EP,1999,IU-EUIA,UNITED LEFT,IZQUIERDA UNIDA,247,13538,645702,367957,361126
Spain,ES,3,ES530,Balears,EP,1999,OTHER,NA,NA,NA,9017,645702,367957,361126
Spain,ES,3,ES530,Balears,EP,1999,PP,PEOPLE'S ALLIANCE-PARTY / PEOPLE'S PARTY,ALIANZA-PARTIDO POPULAR / PARTIDO POPULAR,441,170083,645702,367957,361126
Spain,ES,3,ES530,Balears,EP,1999,PSOE,SPANISH SOCIALIST WORKERS PARTY,PARTIDO SOCIALISTA OBRERO ESPANOL,1338,100023,645702,367957,361126
Spain,ES,3,ES530,Balears,EP,1999,VERDES,EUROPE OF THE PEOPLE - THE GREENS,EUROPA DE LOS PUEBLOS - VERDES,1643,5750,645702,367957,361126
Spain,ES,3,ES700,Canarias,EP,1999,BNG,GALICIAN NATIONALIST BLOCK,BLOQUE NACIONALISTA GALEGO,1011,811,1373597,826012,817592
Spain,ES,3,ES700,Canarias,EP,1999,CE,UNITED NATIONAL MOVEMENT,ERTIANI NATSIONALURI MODZRAOBA,2172,276186,1373597,826012,817592
Spain,ES,3,ES700,Canarias,EP,1999,CIU,CONVERGENCE AND UNITY,CONVERGENCIA I UNIO,139,369,1373597,826012,817592
Spain,ES,3,ES700,Canarias,EP,1999,CN+EP,NA,NA,NA,809,1373597,826012,817592
Spain,ES,3,ES700,Canarias,EP,1999,HB,UNITED PEOPLE,HERRI BATASUNA,473,1104,1373597,826012,817592
Spain,ES,3,ES700,Canarias,EP,1999,IU-EUIA,UNITED LEFT,IZQUIERDA UNIDA,247,23634,1373597,826012,817592
Spain,ES,3,ES700,Canarias,EP,1999,OTHER,NA,NA,NA,20091,1373597,826012,817592
Spain,ES,3,ES700,Canarias,EP,1999,PP,PEOPLE'S ALLIANCE-PARTY / PEOPLE'S PARTY,ALIANZA-PARTIDO POPULAR / PARTIDO POPULAR,441,273296,1373597,826012,817592
Spain,ES,3,ES700,Canarias,EP,1999,PSOE,SPANISH SOCIALIST WORKERS PARTY,PARTIDO SOCIALISTA OBRERO ESPANOL,1338,200628,1373597,826012,817592
Spain,ES,3,ES700,Canarias,EP,1999,VERDES,EUROPE OF THE PEOPLE - THE GREENS,EUROPA DE LOS PUEBLOS - VERDES,1643,8285,1373597,826012,817592
Spain,ES,3,ES111,A Coruna,EP,1999,BNG,GALICIAN NATIONALIST BLOCK,BLOQUE NACIONALISTA GALEGO,1011,138295,1028448,600489,595119
Spain,ES,3,ES111,A Coruna,EP,1999,CE,UNITED NATIONAL MOVEMENT,ERTIANI NATSIONALURI MODZRAOBA,2172,206,1028448,600489,595119
Spain,ES,3,ES111,A Coruna,EP,1999,CIU,CONVERGENCE AND UNITY,CONVERGENCIA I UNIO,139,235,1028448,600489,595119
Spain,ES,3,ES111,A Coruna,EP,1999,CN+EP,NA,NA,NA,216,1028448,600489,595119
Spain,ES,3,ES111,A Coruna,EP,1999,HB,UNITED PEOPLE,HERRI BATASUNA,473,604,1028448,600489,595119
Spain,ES,3,ES111,A Coruna,EP,1999,IU-EUIA,UNITED LEFT,IZQUIERDA UNIDA,247,7756,1028448,600489,595119
Spain,ES,3,ES111,A Coruna,EP,1999,OTHER,NA,NA,NA,9628,1028448,600489,595119
Spain,ES,3,ES111,A Coruna,EP,1999,PP,PEOPLE'S ALLIANCE-PARTY / PEOPLE'S PARTY,ALIANZA-PARTIDO POPULAR / PARTIDO POPULAR,441,277003,1028448,600489,595119
Spain,ES,3,ES111,A Coruna,EP,1999,PSOE,SPANISH SOCIALIST WORKERS PARTY,PARTIDO SOCIALISTA OBRERO ESPANOL,1338,150667,1028448,600489,595119
Spain,ES,3,ES111,A Coruna,EP,1999,VERDES,EUROPE OF THE PEOPLE - THE GREENS,EUROPA DE LOS PUEBLOS - VERDES,1643,1704,1028448,600489,595119
Spain,ES,3,ES112,Lugo,EP,1999,BNG,GALICIAN NATIONALIST BLOCK,BLOQUE NACIONALISTA GALEGO,1011,42308,342291,224873,222758
Spain,ES,3,ES112,Lugo,EP,1999,CE,UNITED NATIONAL MOVEMENT,ERTIANI NATSIONALURI MODZRAOBA,2172,59,342291,224873,222758
Spain,ES,3,ES112,Lugo,EP,1999,CIU,CONVERGENCE AND UNITY,CONVERGENCIA I UNIO,139,76,342291,224873,222758
Spain,ES,3,ES112,Lugo,EP,1999,CN+EP,NA,NA,NA,59,342291,224873,222758
Spain,ES,3,ES112,Lugo,EP,1999,HB,UNITED PEOPLE,HERRI BATASUNA,473,173,342291,224873,222758
Spain,ES,3,ES112,Lugo,EP,1999,IU-EUIA,UNITED LEFT,IZQUIERDA UNIDA,247,1712,342291,224873,222758
Spain,ES,3,ES112,Lugo,EP,1999,OTHER,NA,NA,NA,2950,342291,224873,222758
Spain,ES,3,ES112,Lugo,EP,1999,PP,PEOPLE'S ALLIANCE-PARTY / PEOPLE'S PARTY,ALIANZA-PARTIDO POPULAR / PARTIDO POPULAR,441,124886,342291,224873,222758
Spain,ES,3,ES112,Lugo,EP,1999,PSOE,SPANISH SOCIALIST WORKERS PARTY,PARTIDO SOCIALISTA OBRERO ESPANOL,1338,47614,342291,224873,222758
Spain,ES,3,ES112,Lugo,EP,1999,VERDES,EUROPE OF THE PEOPLE - THE GREENS,EUROPA DE LOS PUEBLOS - VERDES,1643,465,342291,224873,222758
Spain,ES,3,ES113,Ourense,EP,1999,BNG,GALICIAN NATIONALIST BLOCK,BLOQUE NACIONALISTA GALEGO,1011,39634,345220,218241,216192
Spain,ES,3,ES113,Ourense,EP,1999,CE,UNITED NATIONAL MOVEMENT,ERTIANI NATSIONALURI MODZRAOBA,2172,58,345220,218241,216192
Spain,ES,3,ES113,Ourense,EP,1999,CIU,CONVERGENCE AND UNITY,CONVERGENCIA I UNIO,139,85,345220,218241,216192
Spain,ES,3,ES113,Ourense,EP,1999,CN+EP,NA,NA,NA,75,345220,218241,216192
Spain,ES,3,ES113,Ourense,EP,1999,HB,UNITED PEOPLE,HERRI BATASUNA,473,164,345220,218241,216192
Spain,ES,3,ES113,Ourense,EP,1999,IU-EUIA,UNITED LEFT,IZQUIERDA UNIDA,247,1305,345220,218241,216192
Spain,ES,3,ES113,Ourense,EP,1999,OTHER,NA,NA,NA,2789,345220,218241,216192
Spain,ES,3,ES113,Ourense,EP,1999,PP,PEOPLE'S ALLIANCE-PARTY / PEOPLE'S PARTY,ALIANZA-PARTIDO POPULAR / PARTIDO POPULAR,441,120121,345220,218241,216192
Spain,ES,3,ES113,Ourense,EP,1999,PSOE,SPANISH SOCIALIST WORKERS PARTY,PARTIDO SOCIALISTA OBRERO ESPANOL,1338,49371,345220,218241,216192
Spain,ES,3,ES113,Ourense,EP,1999,VERDES,EUROPE OF THE PEOPLE - THE GREENS,EUROPA DE LOS PUEBLOS - VERDES,1643,357,345220,218241,216192
Spain,ES,3,ES114,Pontevedra,EP,1999,BNG,GALICIAN NATIONALIST BLOCK,BLOQUE NACIONALISTA GALEGO,1011,114956,815155,495767,491033
Spain,ES,3,ES114,Pontevedra,EP,1999,CE,UNITED NATIONAL MOVEMENT,ERTIANI NATSIONALURI MODZRAOBA,2172,173,815155,495767,491033
Spain,ES,3,ES114,Pontevedra,EP,1999,CIU,CONVERGENCE AND UNITY,CONVERGENCIA I UNIO,139,194,815155,495767,491033
Spain,ES,3,ES114,Pontevedra,EP,1999,CN+EP,NA,NA,NA,178,815155,495767,491033
Spain,ES,3,ES114,Pontevedra,EP,1999,HB,UNITED PEOPLE,HERRI BATASUNA,473,657,815155,495767,491033
Spain,ES,3,ES114,Pontevedra,EP,1999,IU-EUIA,UNITED LEFT,IZQUIERDA UNIDA,247,6560,815155,495767,491033
Spain,ES,3,ES114,Pontevedra,EP,1999,OTHER,NA,NA,NA,8239,815155,495767,491033
Spain,ES,3,ES114,Pontevedra,EP,1999,PP,PEOPLE'S ALLIANCE-PARTY / PEOPLE'S PARTY,ALIANZA-PARTIDO POPULAR / PARTIDO POPULAR,441,238853,815155,495767,491033
Spain,ES,3,ES114,Pontevedra,EP,1999,PSOE,SPANISH SOCIALIST WORKERS PARTY,PARTIDO SOCIALISTA OBRERO ESPANOL,1338,112583,815155,495767,491033
Spain,ES,3,ES114,Pontevedra,EP,1999,VERDES,EUROPE OF THE PEOPLE - THE GREENS,EUROPA DE LOS PUEBLOS - VERDES,1643,1394,815155,495767,491033
Spain,ES,3,ES120,Asturias,EP,1999,BNG,GALICIAN NATIONALIST BLOCK,BLOQUE NACIONALISTA GALEGO,1011,519,980375,621075,617770
Spain,ES,3,ES120,Asturias,EP,1999,CE,UNITED NATIONAL MOVEMENT,ERTIANI NATSIONALURI MODZRAOBA,2172,78,980375,621075,617770
Spain,ES,3,ES120,Asturias,EP,1999,CIU,CONVERGENCE AND UNITY,CONVERGENCIA I UNIO,139,120,980375,621075,617770
Spain,ES,3,ES120,Asturias,EP,1999,CN+EP,NA,NA,NA,142,980375,621075,617770
Spain,ES,3,ES120,Asturias,EP,1999,HB,UNITED PEOPLE,HERRI BATASUNA,473,790,980375,621075,617770
Spain,ES,3,ES120,Asturias,EP,1999,IU-EUIA,UNITED LEFT,IZQUIERDA UNIDA,247,63912,980375,621075,617770
Spain,ES,3,ES120,Asturias,EP,1999,OTHER,NA,NA,NA,38162,980375,621075,617770
Spain,ES,3,ES120,Asturias,EP,1999,PP,PEOPLE'S ALLIANCE-PARTY / PEOPLE'S PARTY,ALIANZA-PARTIDO POPULAR / PARTIDO POPULAR,441,243576,980375,621075,617770
Spain,ES,3,ES120,Asturias,EP,1999,PSOE,SPANISH SOCIALIST WORKERS PARTY,PARTIDO SOCIALISTA OBRERO ESPANOL,1338,256497,980375,621075,617770
Spain,ES,3,ES120,Asturias,EP,1999,VERDES,EUROPE OF THE PEOPLE - THE GREENS,EUROPA DE LOS PUEBLOS - VERDES,1643,3339,980375,621075,617770
Spain,ES,3,ES130,Cantabria,EP,1999,BNG,GALICIAN NATIONALIST BLOCK,BLOQUE NACIONALISTA GALEGO,1011,146,465475,315979,312941
Spain,ES,3,ES130,Cantabria,EP,1999,CE,UNITED NATIONAL MOVEMENT,ERTIANI NATSIONALURI MODZRAOBA,2172,90,465475,315979,312941
Spain,ES,3,ES130,Cantabria,EP,1999,CIU,CONVERGENCE AND UNITY,CONVERGENCIA I UNIO,139,132,465475,315979,312941
Spain,ES,3,ES130,Cantabria,EP,1999,CN+EP,NA,NA,NA,410,465475,315979,312941
Spain,ES,3,ES130,Cantabria,EP,1999,HB,UNITED PEOPLE,HERRI BATASUNA,473,708,465475,315979,312941
Spain,ES,3,ES130,Cantabria,EP,1999,IU-EUIA,UNITED LEFT,IZQUIERDA UNIDA,247,15660,465475,315979,312941
Spain,ES,3,ES130,Cantabria,EP,1999,OTHER,NA,NA,NA,7026,465475,315979,312941
Spain,ES,3,ES130,Cantabria,EP,1999,PP,PEOPLE'S ALLIANCE-PARTY / PEOPLE'S PARTY,ALIANZA-PARTIDO POPULAR / PARTIDO POPULAR,441,170152,465475,315979,312941
Spain,ES,3,ES130,Cantabria,EP,1999,PSOE,SPANISH SOCIALIST WORKERS PARTY,PARTIDO SOCIALISTA OBRERO ESPANOL,1338,107218,465475,315979,312941
Spain,ES,3,ES130,Cantabria,EP,1999,VERDES,EUROPE OF THE PEOPLE - THE GREENS,EUROPA DE LOS PUEBLOS - VERDES,1643,1352,465475,315979,312941
Spain,ES,3,ES211,Alava,EP,1999,BNG,GALICIAN NATIONALIST BLOCK,BLOQUE NACIONALISTA GALEGO,1011,128,243813,155836,154341
Spain,ES,3,ES211,Alava,EP,1999,CE,UNITED NATIONAL MOVEMENT,ERTIANI NATSIONALURI MODZRAOBA,2172,57,243813,155836,154341
Spain,ES,3,ES211,Alava,EP,1999,CIU,CONVERGENCE AND UNITY,CONVERGENCIA I UNIO,139,63,243813,155836,154341
Spain,ES,3,ES211,Alava,EP,1999,CN+EP,NA,NA,NA,40757,243813,155836,154341
Spain,ES,3,ES211,Alava,EP,1999,HB,UNITED PEOPLE,HERRI BATASUNA,473,20789,243813,155836,154341
Spain,ES,3,ES211,Alava,EP,1999,IU-EUIA,UNITED LEFT,IZQUIERDA UNIDA,247,6493,243813,155836,154341
Spain,ES,3,ES211,Alava,EP,1999,OTHER,NA,NA,NA,2371,243813,155836,154341
Spain,ES,3,ES211,Alava,EP,1999,PP,PEOPLE'S ALLIANCE-PARTY / PEOPLE'S PARTY,ALIANZA-PARTIDO POPULAR / PARTIDO POPULAR,441,48831,243813,155836,154341
Spain,ES,3,ES211,Alava,EP,1999,PSOE,SPANISH SOCIALIST WORKERS PARTY,PARTIDO SOCIALISTA OBRERO ESPANOL,1338,31476,243813,155836,154341
Spain,ES,3,ES211,Alava,EP,1999,VERDES,EUROPE OF THE PEOPLE - THE GREENS,EUROPA DE LOS PUEBLOS - VERDES,1643,685,243813,155836,154341
Spain,ES,3,ES212,Guipuzcoa,EP,1999,BNG,GALICIAN NATIONALIST BLOCK,BLOQUE NACIONALISTA GALEGO,1011,248,583973,383977,381340
Spain,ES,3,ES212,Guipuzcoa,EP,1999,CE,UNITED NATIONAL MOVEMENT,ERTIANI NATSIONALURI MODZRAOBA,2172,52,583973,383977,381340
Spain,ES,3,ES212,Guipuzcoa,EP,1999,CIU,CONVERGENCE AND UNITY,CONVERGENCIA I UNIO,139,95,583973,383977,381340
Spain,ES,3,ES212,Guipuzcoa,EP,1999,CN+EP,NA,NA,NA,127455,583973,383977,381340
Spain,ES,3,ES212,Guipuzcoa,EP,1999,HB,UNITED PEOPLE,HERRI BATASUNA,473,104407,583973,383977,381340
Spain,ES,3,ES212,Guipuzcoa,EP,1999,IU-EUIA,UNITED LEFT,IZQUIERDA UNIDA,247,11507,583973,383977,381340
Spain,ES,3,ES212,Guipuzcoa,EP,1999,OTHER,NA,NA,NA,3398,583973,383977,381340
Spain,ES,3,ES212,Guipuzcoa,EP,1999,PP,PEOPLE'S ALLIANCE-PARTY / PEOPLE'S PARTY,ALIANZA-PARTIDO POPULAR / PARTIDO POPULAR,441,57551,583973,383977,381340
Spain,ES,3,ES212,Guipuzcoa,EP,1999,PSOE,SPANISH SOCIALIST WORKERS PARTY,PARTIDO SOCIALISTA OBRERO ESPANOL,1338,68786,583973,383977,381340
Spain,ES,3,ES212,Guipuzcoa,EP,1999,VERDES,EUROPE OF THE PEOPLE - THE GREENS,EUROPA DE LOS PUEBLOS - VERDES,1643,1519,583973,383977,381340
Spain,ES,3,ES213,Vizcaya,EP,1999,BNG,GALICIAN NATIONALIST BLOCK,BLOQUE NACIONALISTA GALEGO,1011,471,981539,628054,621914
Spain,ES,3,ES213,Vizcaya,EP,1999,CE,UNITED NATIONAL MOVEMENT,ERTIANI NATSIONALURI MODZRAOBA,2172,103,981539,628054,621914
Spain,ES,3,ES213,Vizcaya,EP,1999,CIU,CONVERGENCE AND UNITY,CONVERGENCIA I UNIO,139,167,981539,628054,621914
Spain,ES,3,ES213,Vizcaya,EP,1999,CN+EP,NA,NA,NA,224588,981539,628054,621914
Spain,ES,3,ES213,Vizcaya,EP,1999,HB,UNITED PEOPLE,HERRI BATASUNA,473,100600,981539,628054,621914
Spain,ES,3,ES213,Vizcaya,EP,1999,IU-EUIA,UNITED LEFT,IZQUIERDA UNIDA,247,27617,981539,628054,621914
Spain,ES,3,ES213,Vizcaya,EP,1999,OTHER,NA,NA,NA,6898,981539,628054,621914
Spain,ES,3,ES213,Vizcaya,EP,1999,PP,PEOPLE'S ALLIANCE-PARTY / PEOPLE'S PARTY,ALIANZA-PARTIDO POPULAR / PARTIDO POPULAR,441,122306,981539,628054,621914
Spain,ES,3,ES213,Vizcaya,EP,1999,PSOE,SPANISH SOCIALIST WORKERS PARTY,PARTIDO SOCIALISTA OBRERO ESPANOL,1338,125925,981539,628054,621914
Spain,ES,3,ES213,Vizcaya,EP,1999,VERDES,EUROPE OF THE PEOPLE - THE GREENS,EUROPA DE LOS PUEBLOS - VERDES,1643,2154,981539,628054,621914
Spain,ES,3,ES220,Navarra,EP,1999,BNG,GALICIAN NATIONALIST BLOCK,BLOQUE NACIONALISTA GALEGO,1011,225,462171,301383,298622
Spain,ES,3,ES220,Navarra,EP,1999,CE,UNITED NATIONAL MOVEMENT,ERTIANI NATSIONALURI MODZRAOBA,2172,111,462171,301383,298622
Spain,ES,3,ES220,Navarra,EP,1999,CIU,CONVERGENCE AND UNITY,CONVERGENCIA I UNIO,139,487,462171,301383,298622
Spain,ES,3,ES220,Navarra,EP,1999,CN+EP,NA,NA,NA,17030,462171,301383,298622
Spain,ES,3,ES220,Navarra,EP,1999,HB,UNITED PEOPLE,HERRI BATASUNA,473,45146,462171,301383,298622
Spain,ES,3,ES220,Navarra,EP,1999,IU-EUIA,UNITED LEFT,IZQUIERDA UNIDA,247,16132,462171,301383,298622
Spain,ES,3,ES220,Navarra,EP,1999,OTHER,NA,NA,NA,8469,462171,301383,298622
Spain,ES,3,ES220,Navarra,EP,1999,PP,PEOPLE'S ALLIANCE-PARTY / PEOPLE'S PARTY,ALIANZA-PARTIDO POPULAR / PARTIDO POPULAR,441,125688,462171,301383,298622
Spain,ES,3,ES220,Navarra,EP,1999,PSOE,SPANISH SOCIALIST WORKERS PARTY,PARTIDO SOCIALISTA OBRERO ESPANOL,1338,74004,462171,301383,298622
Spain,ES,3,ES220,Navarra,EP,1999,VERDES,EUROPE OF THE PEOPLE - THE GREENS,EUROPA DE LOS PUEBLOS - VERDES,1643,2200,462171,301383,298622
Spain,ES,3,ES230,La Rioja,EP,1999,BNG,GALICIAN NATIONALIST BLOCK,BLOQUE NACIONALISTA GALEGO,1011,67,230231,156683,155366
Spain,ES,3,ES230,La Rioja,EP,1999,CE,UNITED NATIONAL MOVEMENT,ERTIANI NATSIONALURI MODZRAOBA,2172,45,230231,156683,155366
Spain,ES,3,ES230,La Rioja,EP,1999,CIU,CONVERGENCE AND UNITY,CONVERGENCIA I UNIO,139,67,230231,156683,155366
Spain,ES,3,ES230,La Rioja,EP,1999,CN+EP,NA,NA,NA,202,230231,156683,155366
Spain,ES,3,ES230,La Rioja,EP,1999,HB,UNITED PEOPLE,HERRI BATASUNA,473,364,230231,156683,155366
Spain,ES,3,ES230,La Rioja,EP,1999,IU-EUIA,UNITED LEFT,IZQUIERDA UNIDA,247,6172,230231,156683,155366
Spain,ES,3,ES230,La Rioja,EP,1999,OTHER,NA,NA,NA,3039,230231,156683,155366
Spain,ES,3,ES230,La Rioja,EP,1999,PP,PEOPLE'S ALLIANCE-PARTY / PEOPLE'S PARTY,ALIANZA-PARTIDO POPULAR / PARTIDO POPULAR,441,83196,230231,156683,155366
Spain,ES,3,ES230,La Rioja,EP,1999,PSOE,SPANISH SOCIALIST WORKERS PARTY,PARTIDO SOCIALISTA OBRERO ESPANOL,1338,57192,230231,156683,155366
Spain,ES,3,ES230,La Rioja,EP,1999,VERDES,EUROPE OF THE PEOPLE - THE GREENS,EUROPA DE LOS PUEBLOS - VERDES,1643,1343,230231,156683,155366
Spain,ES,3,ES241,Huesca,EP,1999,BNG,GALICIAN NATIONALIST BLOCK,BLOQUE NACIONALISTA GALEGO,1011,47,179029,120134,118941
Spain,ES,3,ES241,Huesca,EP,1999,CE,UNITED NATIONAL MOVEMENT,ERTIANI NATSIONALURI MODZRAOBA,2172,12150,179029,120134,118941
Spain,ES,3,ES241,Huesca,EP,1999,CIU,CONVERGENCE AND UNITY,CONVERGENCIA I UNIO,139,453,179029,120134,118941
Spain,ES,3,ES241,Huesca,EP,1999,CN+EP,NA,NA,NA,35,179029,120134,118941
Spain,ES,3,ES241,Huesca,EP,1999,HB,UNITED PEOPLE,HERRI BATASUNA,473,148,179029,120134,118941
Spain,ES,3,ES241,Huesca,EP,1999,IU-EUIA,UNITED LEFT,IZQUIERDA UNIDA,247,4043,179029,120134,118941
Spain,ES,3,ES241,Huesca,EP,1999,OTHER,NA,NA,NA,1710,179029,120134,118941
Spain,ES,3,ES241,Huesca,EP,1999,PP,PEOPLE'S ALLIANCE-PARTY / PEOPLE'S PARTY,ALIANZA-PARTIDO POPULAR / PARTIDO POPULAR,441,47539,179029,120134,118941
Spain,ES,3,ES241,Huesca,EP,1999,PSOE,SPANISH SOCIALIST WORKERS PARTY,PARTIDO SOCIALISTA OBRERO ESPANOL,1338,43769,179029,120134,118941
Spain,ES,3,ES241,Huesca,EP,1999,VERDES,EUROPE OF THE PEOPLE - THE GREENS,EUROPA DE LOS PUEBLOS - VERDES,1643,6207,179029,120134,118941
Spain,ES,3,ES242,Teruel,EP,1999,BNG,GALICIAN NATIONALIST BLOCK,BLOQUE NACIONALISTA GALEGO,1011,11,118546,83224,82470
Spain,ES,3,ES242,Teruel,EP,1999,CE,UNITED NATIONAL MOVEMENT,ERTIANI NATSIONALURI MODZRAOBA,2172,10540,118546,83224,82470
Spain,ES,3,ES242,Teruel,EP,1999,CIU,CONVERGENCE AND UNITY,CONVERGENCIA I UNIO,139,73,118546,83224,82470
Spain,ES,3,ES242,Teruel,EP,1999,CN+EP,NA,NA,NA,17,118546,83224,82470
Spain,ES,3,ES242,Teruel,EP,1999,HB,UNITED PEOPLE,HERRI BATASUNA,473,45,118546,83224,82470
Spain,ES,3,ES242,Teruel,EP,1999,IU-EUIA,UNITED LEFT,IZQUIERDA UNIDA,247,2673,118546,83224,82470
Spain,ES,3,ES242,Teruel,EP,1999,OTHER,NA,NA,NA,1251,118546,83224,82470
Spain,ES,3,ES242,Teruel,EP,1999,PP,PEOPLE'S ALLIANCE-PARTY / PEOPLE'S PARTY,ALIANZA-PARTIDO POPULAR / PARTIDO POPULAR,441,36363,118546,83224,82470
Spain,ES,3,ES242,Teruel,EP,1999,PSOE,SPANISH SOCIALIST WORKERS PARTY,PARTIDO SOCIALISTA OBRERO ESPANOL,1338,27859,118546,83224,82470
Spain,ES,3,ES242,Teruel,EP,1999,VERDES,EUROPE OF THE PEOPLE - THE GREENS,EUROPA DE LOS PUEBLOS - VERDES,1643,2139,118546,83224,82470
Spain,ES,3,ES243,Zaragoza,EP,1999,BNG,GALICIAN NATIONALIST BLOCK,BLOQUE NACIONALISTA GALEGO,1011,96,720790,451129,448003
Spain,ES,3,ES243,Zaragoza,EP,1999,CE,UNITED NATIONAL MOVEMENT,ERTIANI NATSIONALURI MODZRAOBA,2172,37496,720790,451129,448003
Spain,ES,3,ES243,Zaragoza,EP,1999,CIU,CONVERGENCE AND UNITY,CONVERGENCIA I UNIO,139,269,720790,451129,448003
Spain,ES,3,ES243,Zaragoza,EP,1999,CN+EP,NA,NA,NA,139,720790,451129,448003
Spain,ES,3,ES243,Zaragoza,EP,1999,HB,UNITED PEOPLE,HERRI BATASUNA,473,502,720790,451129,448003
Spain,ES,3,ES243,Zaragoza,EP,1999,IU-EUIA,UNITED LEFT,IZQUIERDA UNIDA,247,19016,720790,451129,448003
Spain,ES,3,ES243,Zaragoza,EP,1999,OTHER,NA,NA,NA,6203,720790,451129,448003
Spain,ES,3,ES243,Zaragoza,EP,1999,PP,PEOPLE'S ALLIANCE-PARTY / PEOPLE'S PARTY,ALIANZA-PARTIDO POPULAR / PARTIDO POPULAR,441,191942,720790,451129,448003
Spain,ES,3,ES243,Zaragoza,EP,1999,PSOE,SPANISH SOCIALIST WORKERS PARTY,PARTIDO SOCIALISTA OBRERO ESPANOL,1338,147082,720790,451129,448003
Spain,ES,3,ES243,Zaragoza,EP,1999,VERDES,EUROPE OF THE PEOPLE - THE GREENS,EUROPA DE LOS PUEBLOS - VERDES,1643,36148,720790,451129,448003
Spain,ES,3,ES300,Madrid,EP,1999,BNG,GALICIAN NATIONALIST BLOCK,BLOQUE NACIONALISTA GALEGO,1011,3274,4287497,2605318,2591423
Spain,ES,3,ES300,Madrid,EP,1999,CE,UNITED NATIONAL MOVEMENT,ERTIANI NATSIONALURI MODZRAOBA,2172,814,4287497,2605318,2591423
Spain,ES,3,ES300,Madrid,EP,1999,CIU,CONVERGENCE AND UNITY,CONVERGENCIA I UNIO,139,1261,4287497,2605318,2591423
Spain,ES,3,ES300,Madrid,EP,1999,CN+EP,NA,NA,NA,1506,4287497,2605318,2591423
Spain,ES,3,ES300,Madrid,EP,1999,HB,UNITED PEOPLE,HERRI BATASUNA,473,3569,4287497,2605318,2591423
Spain,ES,3,ES300,Madrid,EP,1999,IU-EUIA,UNITED LEFT,IZQUIERDA UNIDA,247,208377,4287497,2605318,2591423
Spain,ES,3,ES300,Madrid,EP,1999,OTHER,NA,NA,NA,66228,4287497,2605318,2591423
Spain,ES,3,ES300,Madrid,EP,1999,PP,PEOPLE'S ALLIANCE-PARTY / PEOPLE'S PARTY,ALIANZA-PARTIDO POPULAR / PARTIDO POPULAR,441,1278583,4287497,2605318,2591423
Spain,ES,3,ES300,Madrid,EP,1999,PSOE,SPANISH SOCIALIST WORKERS PARTY,PARTIDO SOCIALISTA OBRERO ESPANOL,1338,954721,4287497,2605318,2591423
Spain,ES,3,ES300,Madrid,EP,1999,VERDES,EUROPE OF THE PEOPLE - THE GREENS,EUROPA DE LOS PUEBLOS - VERDES,1643,22723,4287497,2605318,2591423
Spain,ES,3,ES411,Avila,EP,1999,BNG,GALICIAN NATIONALIST BLOCK,BLOQUE NACIONALISTA GALEGO,1011,40,146727,106788,105608
Spain,ES,3,ES411,Avila,EP,1999,CE,UNITED NATIONAL MOVEMENT,ERTIANI NATSIONALURI MODZRAOBA,2172,23,146727,106788,105608
Spain,ES,3,ES411,Avila,EP,1999,CIU,CONVERGENCE AND UNITY,CONVERGENCIA I UNIO,139,20,146727,106788,105608
Spain,ES,3,ES411,Avila,EP,1999,CN+EP,NA,NA,NA,24,146727,106788,105608
Spain,ES,3,ES411,Avila,EP,1999,HB,UNITED PEOPLE,HERRI BATASUNA,473,78,146727,106788,105608
Spain,ES,3,ES411,Avila,EP,1999,IU-EUIA,UNITED LEFT,IZQUIERDA UNIDA,247,5794,146727,106788,105608
Spain,ES,3,ES411,Avila,EP,1999,OTHER,NA,NA,NA,2811,146727,106788,105608
Spain,ES,3,ES411,Avila,EP,1999,PP,PEOPLE'S ALLIANCE-PARTY / PEOPLE'S PARTY,ALIANZA-PARTIDO POPULAR / PARTIDO POPULAR,441,64647,146727,106788,105608
Spain,ES,3,ES411,Avila,EP,1999,PSOE,SPANISH SOCIALIST WORKERS PARTY,PARTIDO SOCIALISTA OBRERO ESPANOL,1338,29553,146727,106788,105608
Spain,ES,3,ES411,Avila,EP,1999,VERDES,EUROPE OF THE PEOPLE - THE GREENS,EUROPA DE LOS PUEBLOS - VERDES,1643,418,146727,106788,105608
Spain,ES,3,ES412,Burgos,EP,1999,BNG,GALICIAN NATIONALIST BLOCK,BLOQUE NACIONALISTA GALEGO,1011,372,303189,199586,197784
Spain,ES,3,ES412,Burgos,EP,1999,CE,UNITED NATIONAL MOVEMENT,ERTIANI NATSIONALURI MODZRAOBA,2172,69,303189,199586,197784
Spain,ES,3,ES412,Burgos,EP,1999,CIU,CONVERGENCE AND UNITY,CONVERGENCIA I UNIO,139,98,303189,199586,197784
Spain,ES,3,ES412,Burgos,EP,1999,CN+EP,NA,NA,NA,288,303189,199586,197784
Spain,ES,3,ES412,Burgos,EP,1999,HB,UNITED PEOPLE,HERRI BATASUNA,473,608,303189,199586,197784
Spain,ES,3,ES412,Burgos,EP,1999,IU-EUIA,UNITED LEFT,IZQUIERDA UNIDA,247,11997,303189,199586,197784
Spain,ES,3,ES412,Burgos,EP,1999,OTHER,NA,NA,NA,11821,303189,199586,197784
Spain,ES,3,ES412,Burgos,EP,1999,PP,PEOPLE'S ALLIANCE-PARTY / PEOPLE'S PARTY,ALIANZA-PARTIDO POPULAR / PARTIDO POPULAR,441,103057,303189,199586,197784
Spain,ES,3,ES412,Burgos,EP,1999,PSOE,SPANISH SOCIALIST WORKERS PARTY,PARTIDO SOCIALISTA OBRERO ESPANOL,1338,63259,303189,199586,197784
Spain,ES,3,ES412,Burgos,EP,1999,VERDES,EUROPE OF THE PEOPLE - THE GREENS,EUROPA DE LOS PUEBLOS - VERDES,1643,1135,303189,199586,197784
Spain,ES,3,ES413,Leon,EP,1999,BNG,GALICIAN NATIONALIST BLOCK,BLOQUE NACIONALISTA GALEGO,1011,360,451003,294457,292360
Spain,ES,3,ES413,Leon,EP,1999,CE,UNITED NATIONAL MOVEMENT,ERTIANI NATSIONALURI MODZRAOBA,2172,55,451003,294457,292360
Spain,ES,3,ES413,Leon,EP,1999,CIU,CONVERGENCE AND UNITY,CONVERGENCIA I UNIO,139,79,451003,294457,292360
Spain,ES,3,ES413,Leon,EP,1999,CN+EP,NA,NA,NA,78,451003,294457,292360
Spain,ES,3,ES413,Leon,EP,1999,HB,UNITED PEOPLE,HERRI BATASUNA,473,155,451003,294457,292360
Spain,ES,3,ES413,Leon,EP,1999,IU-EUIA,UNITED LEFT,IZQUIERDA UNIDA,247,12040,451003,294457,292360
Spain,ES,3,ES413,Leon,EP,1999,OTHER,NA,NA,NA,32621,451003,294457,292360
Spain,ES,3,ES413,Leon,EP,1999,PP,PEOPLE'S ALLIANCE-PARTY / PEOPLE'S PARTY,ALIANZA-PARTIDO POPULAR / PARTIDO POPULAR,441,141942,451003,294457,292360
Spain,ES,3,ES413,Leon,EP,1999,PSOE,SPANISH SOCIALIST WORKERS PARTY,PARTIDO SOCIALISTA OBRERO ESPANOL,1338,98341,451003,294457,292360
Spain,ES,3,ES413,Leon,EP,1999,VERDES,EUROPE OF THE PEOPLE - THE GREENS,EUROPA DE LOS PUEBLOS - VERDES,1643,986,451003,294457,292360
Spain,ES,3,ES414,Palencia,EP,1999,BNG,GALICIAN NATIONALIST BLOCK,BLOQUE NACIONALISTA GALEGO,1011,51,154707,109960,108799
Spain,ES,3,ES414,Palencia,EP,1999,CE,UNITED NATIONAL MOVEMENT,ERTIANI NATSIONALURI MODZRAOBA,2172,33,154707,109960,108799
Spain,ES,3,ES414,Palencia,EP,1999,CIU,CONVERGENCE AND UNITY,CONVERGENCIA I UNIO,139,37,154707,109960,108799
Spain,ES,3,ES414,Palencia,EP,1999,CN+EP,NA,NA,NA,35,154707,109960,108799
Spain,ES,3,ES414,Palencia,EP,1999,HB,UNITED PEOPLE,HERRI BATASUNA,473,88,154707,109960,108799
Spain,ES,3,ES414,Palencia,EP,1999,IU-EUIA,UNITED LEFT,IZQUIERDA UNIDA,247,5384,154707,109960,108799
Spain,ES,3,ES414,Palencia,EP,1999,OTHER,NA,NA,NA,2836,154707,109960,108799
Spain,ES,3,ES414,Palencia,EP,1999,PP,PEOPLE'S ALLIANCE-PARTY / PEOPLE'S PARTY,ALIANZA-PARTIDO POPULAR / PARTIDO POPULAR,441,56448,154707,109960,108799
Spain,ES,3,ES414,Palencia,EP,1999,PSOE,SPANISH SOCIALIST WORKERS PARTY,PARTIDO SOCIALISTA OBRERO ESPANOL,1338,40879,154707,109960,108799
Spain,ES,3,ES414,Palencia,EP,1999,VERDES,EUROPE OF THE PEOPLE - THE GREENS,EUROPA DE LOS PUEBLOS - VERDES,1643,465,154707,109960,108799
Spain,ES,3,ES415,Salamanca,EP,1999,BNG,GALICIAN NATIONALIST BLOCK,BLOQUE NACIONALISTA GALEGO,1011,196,318149,206867,205005
Spain,ES,3,ES415,Salamanca,EP,1999,CE,UNITED NATIONAL MOVEMENT,ERTIANI NATSIONALURI MODZRAOBA,2172,65,318149,206867,205005
Spain,ES,3,ES415,Salamanca,EP,1999,CIU,CONVERGENCE AND UNITY,CONVERGENCIA I UNIO,139,92,318149,206867,205005
Spain,ES,3,ES415,Salamanca,EP,1999,CN+EP,NA,NA,NA,108,318149,206867,205005
Spain,ES,3,ES415,Salamanca,EP,1999,HB,UNITED PEOPLE,HERRI BATASUNA,473,127,318149,206867,205005
Spain,ES,3,ES415,Salamanca,EP,1999,IU-EUIA,UNITED LEFT,IZQUIERDA UNIDA,247,8219,318149,206867,205005
Spain,ES,3,ES415,Salamanca,EP,1999,OTHER,NA,NA,NA,6549,318149,206867,205005
Spain,ES,3,ES415,Salamanca,EP,1999,PP,PEOPLE'S ALLIANCE-PARTY / PEOPLE'S PARTY,ALIANZA-PARTIDO POPULAR / PARTIDO POPULAR,441,115356,318149,206867,205005
Spain,ES,3,ES415,Salamanca,EP,1999,PSOE,SPANISH SOCIALIST WORKERS PARTY,PARTIDO SOCIALISTA OBRERO ESPANOL,1338,68348,318149,206867,205005
Spain,ES,3,ES415,Salamanca,EP,1999,VERDES,EUROPE OF THE PEOPLE - THE GREENS,EUROPA DE LOS PUEBLOS - VERDES,1643,863,318149,206867,205005
Spain,ES,3,ES416,Segovia,EP,1999,BNG,GALICIAN NATIONALIST BLOCK,BLOQUE NACIONALISTA GALEGO,1011,36,126569,88728,87653
Spain,ES,3,ES416,Segovia,EP,1999,CE,UNITED NATIONAL MOVEMENT,ERTIANI NATSIONALURI MODZRAOBA,2172,22,126569,88728,87653
Spain,ES,3,ES416,Segovia,EP,1999,CIU,CONVERGENCE AND UNITY,CONVERGENCIA I UNIO,139,29,126569,88728,87653
Spain,ES,3,ES416,Segovia,EP,1999,CN+EP,NA,NA,NA,50,126569,88728,87653
Spain,ES,3,ES416,Segovia,EP,1999,HB,UNITED PEOPLE,HERRI BATASUNA,473,98,126569,88728,87653
Spain,ES,3,ES416,Segovia,EP,1999,IU-EUIA,UNITED LEFT,IZQUIERDA UNIDA,247,4753,126569,88728,87653
Spain,ES,3,ES416,Segovia,EP,1999,OTHER,NA,NA,NA,3109,126569,88728,87653
Spain,ES,3,ES416,Segovia,EP,1999,PP,PEOPLE'S ALLIANCE-PARTY / PEOPLE'S PARTY,ALIANZA-PARTIDO POPULAR / PARTIDO POPULAR,441,48656,126569,88728,87653
Spain,ES,3,ES416,Segovia,EP,1999,PSOE,SPANISH SOCIALIST WORKERS PARTY,PARTIDO SOCIALISTA OBRERO ESPANOL,1338,27707,126569,88728,87653
Spain,ES,3,ES416,Segovia,EP,1999,VERDES,EUROPE OF THE PEOPLE - THE GREENS,EUROPA DE LOS PUEBLOS - VERDES,1643,519,126569,88728,87653
Spain,ES,3,ES417,Soria,EP,1999,BNG,GALICIAN NATIONALIST BLOCK,BLOQUE NACIONALISTA GALEGO,1011,12,79727,50945,50245
Spain,ES,3,ES417,Soria,EP,1999,CE,UNITED NATIONAL MOVEMENT,ERTIANI NATSIONALURI MODZRAOBA,2172,16,79727,50945,50245
Spain,ES,3,ES417,Soria,EP,1999,CIU,CONVERGENCE AND UNITY,CONVERGENCIA I UNIO,139,25,79727,50945,50245
Spain,ES,3,ES417,Soria,EP,1999,CN+EP,NA,NA,NA,31,79727,50945,50245
Spain,ES,3,ES417,Soria,EP,1999,HB,UNITED PEOPLE,HERRI BATASUNA,473,46,79727,50945,50245
Spain,ES,3,ES417,Soria,EP,1999,IU-EUIA,UNITED LEFT,IZQUIERDA UNIDA,247,2251,79727,50945,50245
Spain,ES,3,ES417,Soria,EP,1999,OTHER,NA,NA,NA,1234,79727,50945,50245
Spain,ES,3,ES417,Soria,EP,1999,PP,PEOPLE'S ALLIANCE-PARTY / PEOPLE'S PARTY,ALIANZA-PARTIDO POPULAR / PARTIDO POPULAR,441,28367,79727,50945,50245
Spain,ES,3,ES417,Soria,EP,1999,PSOE,SPANISH SOCIALIST WORKERS PARTY,PARTIDO SOCIALISTA OBRERO ESPANOL,1338,16286,79727,50945,50245
Spain,ES,3,ES417,Soria,EP,1999,VERDES,EUROPE OF THE PEOPLE - THE GREENS,EUROPA DE LOS PUEBLOS - VERDES,1643,216,79727,50945,50245
Spain,ES,3,ES418,Valladolid,EP,1999,BNG,GALICIAN NATIONALIST BLOCK,BLOQUE NACIONALISTA GALEGO,1011,259,423912,285720,283548
Spain,ES,3,ES418,Valladolid,EP,1999,CE,UNITED NATIONAL MOVEMENT,ERTIANI NATSIONALURI MODZRAOBA,2172,100,423912,285720,283548
Spain,ES,3,ES418,Valladolid,EP,1999,CIU,CONVERGENCE AND UNITY,CONVERGENCIA I UNIO,139,130,423912,285720,283548
Spain,ES,3,ES418,Valladolid,EP,1999,CN+EP,NA,NA,NA,143,423912,285720,283548
Spain,ES,3,ES418,Valladolid,EP,1999,HB,UNITED PEOPLE,HERRI BATASUNA,473,359,423912,285720,283548
Spain,ES,3,ES418,Valladolid,EP,1999,IU-EUIA,UNITED LEFT,IZQUIERDA UNIDA,247,18215,423912,285720,283548
Spain,ES,3,ES418,Valladolid,EP,1999,OTHER,NA,NA,NA,9240,423912,285720,283548
Spain,ES,3,ES418,Valladolid,EP,1999,PP,PEOPLE'S ALLIANCE-PARTY / PEOPLE'S PARTY,ALIANZA-PARTIDO POPULAR / PARTIDO POPULAR,441,141974,423912,285720,283548
Spain,ES,3,ES418,Valladolid,EP,1999,PSOE,SPANISH SOCIALIST WORKERS PARTY,PARTIDO SOCIALISTA OBRERO ESPANOL,1338,104449,423912,285720,283548
Spain,ES,3,ES418,Valladolid,EP,1999,VERDES,EUROPE OF THE PEOPLE - THE GREENS,EUROPA DE LOS PUEBLOS - VERDES,1643,1615,423912,285720,283548
Spain,ES,3,ES419,Zamora,EP,1999,BNG,GALICIAN NATIONALIST BLOCK,BLOQUE NACIONALISTA GALEGO,1011,99,185410,125194,123614
Spain,ES,3,ES419,Zamora,EP,1999,CE,UNITED NATIONAL MOVEMENT,ERTIANI NATSIONALURI MODZRAOBA,2172,28,185410,125194,123614
Spain,ES,3,ES419,Zamora,EP,1999,CIU,CONVERGENCE AND UNITY,CONVERGENCIA I UNIO,139,45,185410,125194,123614
Spain,ES,3,ES419,Zamora,EP,1999,CN+EP,NA,NA,NA,37,185410,125194,123614
Spain,ES,3,ES419,Zamora,EP,1999,HB,UNITED PEOPLE,HERRI BATASUNA,473,71,185410,125194,123614
Spain,ES,3,ES419,Zamora,EP,1999,IU-EUIA,UNITED LEFT,IZQUIERDA UNIDA,247,4427,185410,125194,123614
Spain,ES,3,ES419,Zamora,EP,1999,OTHER,NA,NA,NA,4663,185410,125194,123614
Spain,ES,3,ES419,Zamora,EP,1999,PP,PEOPLE'S ALLIANCE-PARTY / PEOPLE'S PARTY,ALIANZA-PARTIDO POPULAR / PARTIDO POPULAR,441,68057,185410,125194,123614
Spain,ES,3,ES419,Zamora,EP,1999,PSOE,SPANISH SOCIALIST WORKERS PARTY,PARTIDO SOCIALISTA OBRERO ESPANOL,1338,42505,185410,125194,123614
Spain,ES,3,ES419,Zamora,EP,1999,VERDES,EUROPE OF THE PEOPLE - THE GREENS,EUROPA DE LOS PUEBLOS - VERDES,1643,433,185410,125194,123614
Spain,ES,3,ES421,Albacete,EP,1999,BNG,GALICIAN NATIONALIST BLOCK,BLOQUE NACIONALISTA GALEGO,1011,41,293872,211558,209929
Spain,ES,3,ES421,Albacete,EP,1999,CE,UNITED NATIONAL MOVEMENT,ERTIANI NATSIONALURI MODZRAOBA,2172,40,293872,211558,209929
Spain,ES,3,ES421,Albacete,EP,1999,CIU,CONVERGENCE AND UNITY,CONVERGENCIA I UNIO,139,65,293872,211558,209929
Spain,ES,3,ES421,Albacete,EP,1999,CN+EP,NA,NA,NA,33,293872,211558,209929
Spain,ES,3,ES421,Albacete,EP,1999,HB,UNITED PEOPLE,HERRI BATASUNA,473,92,293872,211558,209929
Spain,ES,3,ES421,Albacete,EP,1999,IU-EUIA,UNITED LEFT,IZQUIERDA UNIDA,247,9938,293872,211558,209929
Spain,ES,3,ES421,Albacete,EP,1999,OTHER,NA,NA,NA,2545,293872,211558,209929
Spain,ES,3,ES421,Albacete,EP,1999,PP,PEOPLE'S ALLIANCE-PARTY / PEOPLE'S PARTY,ALIANZA-PARTIDO POPULAR / PARTIDO POPULAR,441,93323,293872,211558,209929
Spain,ES,3,ES421,Albacete,EP,1999,PSOE,SPANISH SOCIALIST WORKERS PARTY,PARTIDO SOCIALISTA OBRERO ESPANOL,1338,99724,293872,211558,209929
Spain,ES,3,ES421,Albacete,EP,1999,VERDES,EUROPE OF THE PEOPLE - THE GREENS,EUROPA DE LOS PUEBLOS - VERDES,1643,615,293872,211558,209929
Spain,ES,3,ES422,Ciudad Real,EP,1999,BNG,GALICIAN NATIONALIST BLOCK,BLOQUE NACIONALISTA GALEGO,1011,38,393287,282943,281027
Spain,ES,3,ES422,Ciudad Real,EP,1999,CE,UNITED NATIONAL MOVEMENT,ERTIANI NATSIONALURI MODZRAOBA,2172,52,393287,282943,281027
Spain,ES,3,ES422,Ciudad Real,EP,1999,CIU,CONVERGENCE AND UNITY,CONVERGENCIA I UNIO,139,39,393287,282943,281027
Spain,ES,3,ES422,Ciudad Real,EP,1999,CN+EP,NA,NA,NA,42,393287,282943,281027
Spain,ES,3,ES422,Ciudad Real,EP,1999,HB,UNITED PEOPLE,HERRI BATASUNA,473,74,393287,282943,281027
Spain,ES,3,ES422,Ciudad Real,EP,1999,IU-EUIA,UNITED LEFT,IZQUIERDA UNIDA,247,10424,393287,282943,281027
Spain,ES,3,ES422,Ciudad Real,EP,1999,OTHER,NA,NA,NA,3033,393287,282943,281027
Spain,ES,3,ES422,Ciudad Real,EP,1999,PP,PEOPLE'S ALLIANCE-PARTY / PEOPLE'S PARTY,ALIANZA-PARTIDO POPULAR / PARTIDO POPULAR,441,130840,393287,282943,281027
Spain,ES,3,ES422,Ciudad Real,EP,1999,PSOE,SPANISH SOCIALIST WORKERS PARTY,PARTIDO SOCIALISTA OBRERO ESPANOL,1338,132211,393287,282943,281027
Spain,ES,3,ES422,Ciudad Real,EP,1999,VERDES,EUROPE OF THE PEOPLE - THE GREENS,EUROPA DE LOS PUEBLOS - VERDES,1643,601,393287,282943,281027
Spain,ES,3,ES423,Cuenca,EP,1999,BNG,GALICIAN NATIONALIST BLOCK,BLOQUE NACIONALISTA GALEGO,1011,20,167263,135229,134038
Spain,ES,3,ES423,Cuenca,EP,1999,CE,UNITED NATIONAL MOVEMENT,ERTIANI NATSIONALURI MODZRAOBA,2172,15,167263,135229,134038
Spain,ES,3,ES423,Cuenca,EP,1999,CIU,CONVERGENCE AND UNITY,CONVERGENCIA I UNIO,139,20,167263,135229,134038
Spain,ES,3,ES423,Cuenca,EP,1999,CN+EP,NA,NA,NA,7,167263,135229,134038
Spain,ES,3,ES423,Cuenca,EP,1999,HB,UNITED PEOPLE,HERRI BATASUNA,473,37,167263,135229,134038
Spain,ES,3,ES423,Cuenca,EP,1999,IU-EUIA,UNITED LEFT,IZQUIERDA UNIDA,247,4105,167263,135229,134038
Spain,ES,3,ES423,Cuenca,EP,1999,OTHER,NA,NA,NA,1588,167263,135229,134038
Spain,ES,3,ES423,Cuenca,EP,1999,PP,PEOPLE'S ALLIANCE-PARTY / PEOPLE'S PARTY,ALIANZA-PARTIDO POPULAR / PARTIDO POPULAR,441,65958,167263,135229,134038
Spain,ES,3,ES423,Cuenca,EP,1999,PSOE,SPANISH SOCIALIST WORKERS PARTY,PARTIDO SOCIALISTA OBRERO ESPANOL,1338,59933,167263,135229,134038
Spain,ES,3,ES423,Cuenca,EP,1999,VERDES,EUROPE OF THE PEOPLE - THE GREENS,EUROPA DE LOS PUEBLOS - VERDES,1643,247,167263,135229,134038
Spain,ES,3,ES424,Guadalajara,EP,1999,BNG,GALICIAN NATIONALIST BLOCK,BLOQUE NACIONALISTA GALEGO,1011,59,136012,98563,97808
Spain,ES,3,ES424,Guadalajara,EP,1999,CE,UNITED NATIONAL MOVEMENT,ERTIANI NATSIONALURI MODZRAOBA,2172,26,136012,98563,97808
Spain,ES,3,ES424,Guadalajara,EP,1999,CIU,CONVERGENCE AND UNITY,CONVERGENCIA I UNIO,139,31,136012,98563,97808
Spain,ES,3,ES424,Guadalajara,EP,1999,CN+EP,NA,NA,NA,24,136012,98563,97808
Spain,ES,3,ES424,Guadalajara,EP,1999,HB,UNITED PEOPLE,HERRI BATASUNA,473,82,136012,98563,97808
Spain,ES,3,ES424,Guadalajara,EP,1999,IU-EUIA,UNITED LEFT,IZQUIERDA UNIDA,247,4722,136012,98563,97808
Spain,ES,3,ES424,Guadalajara,EP,1999,OTHER,NA,NA,NA,1859,136012,98563,97808
Spain,ES,3,ES424,Guadalajara,EP,1999,PP,PEOPLE'S ALLIANCE-PARTY / PEOPLE'S PARTY,ALIANZA-PARTIDO POPULAR / PARTIDO POPULAR,441,49289,136012,98563,97808
Spain,ES,3,ES424,Guadalajara,EP,1999,PSOE,SPANISH SOCIALIST WORKERS PARTY,PARTIDO SOCIALISTA OBRERO ESPANOL,1338,39260,136012,98563,97808
Spain,ES,3,ES424,Guadalajara,EP,1999,VERDES,EUROPE OF THE PEOPLE - THE GREENS,EUROPA DE LOS PUEBLOS - VERDES,1643,438,136012,98563,97808
Spain,ES,3,ES425,Toledo,EP,1999,BNG,GALICIAN NATIONALIST BLOCK,BLOQUE NACIONALISTA GALEGO,1011,78,423764,327306,325058
Spain,ES,3,ES425,Toledo,EP,1999,CE,UNITED NATIONAL MOVEMENT,ERTIANI NATSIONALURI MODZRAOBA,2172,42,423764,327306,325058
Spain,ES,3,ES425,Toledo,EP,1999,CIU,CONVERGENCE AND UNITY,CONVERGENCIA I UNIO,139,73,423764,327306,325058
Spain,ES,3,ES425,Toledo,EP,1999,CN+EP,NA,NA,NA,36,423764,327306,325058
Spain,ES,3,ES425,Toledo,EP,1999,HB,UNITED PEOPLE,HERRI BATASUNA,473,101,423764,327306,325058
Spain,ES,3,ES425,Toledo,EP,1999,IU-EUIA,UNITED LEFT,IZQUIERDA UNIDA,247,13462,423764,327306,325058
Spain,ES,3,ES425,Toledo,EP,1999,OTHER,NA,NA,NA,4345,423764,327306,325058
Spain,ES,3,ES425,Toledo,EP,1999,PP,PEOPLE'S ALLIANCE-PARTY / PEOPLE'S PARTY,ALIANZA-PARTIDO POPULAR / PARTIDO POPULAR,441,156864,423764,327306,325058
Spain,ES,3,ES425,Toledo,EP,1999,PSOE,SPANISH SOCIALIST WORKERS PARTY,PARTIDO SOCIALISTA OBRERO ESPANOL,1338,145152,423764,327306,325058
Spain,ES,3,ES425,Toledo,EP,1999,VERDES,EUROPE OF THE PEOPLE - THE GREENS,EUROPA DE LOS PUEBLOS - VERDES,1643,832,423764,327306,325058
Spain,ES,3,ES431,Badajoz,EP,1999,BNG,GALICIAN NATIONALIST BLOCK,BLOQUE NACIONALISTA GALEGO,1011,58,532950,392913,390195
Spain,ES,3,ES431,Badajoz,EP,1999,CE,UNITED NATIONAL MOVEMENT,ERTIANI NATSIONALURI MODZRAOBA,2172,50,532950,392913,390195
Spain,ES,3,ES431,Badajoz,EP,1999,CIU,CONVERGENCE AND UNITY,CONVERGENCIA I UNIO,139,69,532950,392913,390195
Spain,ES,3,ES431,Badajoz,EP,1999,CN+EP,NA,NA,NA,75,532950,392913,390195
Spain,ES,3,ES431,Badajoz,EP,1999,HB,UNITED PEOPLE,HERRI BATASUNA,473,96,532950,392913,390195
Spain,ES,3,ES431,Badajoz,EP,1999,IU-EUIA,UNITED LEFT,IZQUIERDA UNIDA,247,28133,532950,392913,390195
Spain,ES,3,ES431,Badajoz,EP,1999,OTHER,NA,NA,NA,9924,532950,392913,390195
Spain,ES,3,ES431,Badajoz,EP,1999,PP,PEOPLE'S ALLIANCE-PARTY / PEOPLE'S PARTY,ALIANZA-PARTIDO POPULAR / PARTIDO POPULAR,441,163678,532950,392913,390195
Spain,ES,3,ES431,Badajoz,EP,1999,PSOE,SPANISH SOCIALIST WORKERS PARTY,PARTIDO SOCIALISTA OBRERO ESPANOL,1338,182680,532950,392913,390195
Spain,ES,3,ES431,Badajoz,EP,1999,VERDES,EUROPE OF THE PEOPLE - THE GREENS,EUROPA DE LOS PUEBLOS - VERDES,1643,917,532950,392913,390195
Spain,ES,3,ES432,Caceres,EP,1999,BNG,GALICIAN NATIONALIST BLOCK,BLOQUE NACIONALISTA GALEGO,1011,69,342090,256275,254327
Spain,ES,3,ES432,Caceres,EP,1999,CE,UNITED NATIONAL MOVEMENT,ERTIANI NATSIONALURI MODZRAOBA,2172,59,342090,256275,254327
Spain,ES,3,ES432,Caceres,EP,1999,CIU,CONVERGENCE AND UNITY,CONVERGENCIA I UNIO,139,70,342090,256275,254327
Spain,ES,3,ES432,Caceres,EP,1999,CN+EP,NA,NA,NA,51,342090,256275,254327
Spain,ES,3,ES432,Caceres,EP,1999,HB,UNITED PEOPLE,HERRI BATASUNA,473,112,342090,256275,254327
Spain,ES,3,ES432,Caceres,EP,1999,IU-EUIA,UNITED LEFT,IZQUIERDA UNIDA,247,11168,342090,256275,254327
Spain,ES,3,ES432,Caceres,EP,1999,OTHER,NA,NA,NA,11485,342090,256275,254327
Spain,ES,3,ES432,Caceres,EP,1999,PP,PEOPLE'S ALLIANCE-PARTY / PEOPLE'S PARTY,ALIANZA-PARTIDO POPULAR / PARTIDO POPULAR,441,110518,342090,256275,254327
Spain,ES,3,ES432,Caceres,EP,1999,PSOE,SPANISH SOCIALIST WORKERS PARTY,PARTIDO SOCIALISTA OBRERO ESPANOL,1338,117088,342090,256275,254327
Spain,ES,3,ES432,Caceres,EP,1999,VERDES,EUROPE OF THE PEOPLE - THE GREENS,EUROPA DE LOS PUEBLOS - VERDES,1643,732,342090,256275,254327
Spain,ES,3,ES511,Barcelona,EP,1999,BNG,GALICIAN NATIONALIST BLOCK,BLOQUE NACIONALISTA GALEGO,1011,2920,4032726,2121616,2108847
Spain,ES,3,ES511,Barcelona,EP,1999,CE,UNITED NATIONAL MOVEMENT,ERTIANI NATSIONALURI MODZRAOBA,2172,804,4032726,2121616,2108847
Spain,ES,3,ES511,Barcelona,EP,1999,CIU,CONVERGENCE AND UNITY,CONVERGENCIA I UNIO,139,548282,4032726,2121616,2108847
Spain,ES,3,ES511,Barcelona,EP,1999,CN+EP,NA,NA,NA,112046,4032726,2121616,2108847
Spain,ES,3,ES511,Barcelona,EP,1999,HB,UNITED PEOPLE,HERRI BATASUNA,473,12595,4032726,2121616,2108847
Spain,ES,3,ES511,Barcelona,EP,1999,IU-EUIA,UNITED LEFT,IZQUIERDA UNIDA,247,50658,4032726,2121616,2108847
Spain,ES,3,ES511,Barcelona,EP,1999,OTHER,NA,NA,NA,66759,4032726,2121616,2108847
Spain,ES,3,ES511,Barcelona,EP,1999,PP,PEOPLE'S ALLIANCE-PARTY / PEOPLE'S PARTY,ALIANZA-PARTIDO POPULAR / PARTIDO POPULAR,441,362271,4032726,2121616,2108847
Spain,ES,3,ES511,Barcelona,EP,1999,PSOE,SPANISH SOCIALIST WORKERS PARTY,PARTIDO SOCIALISTA OBRERO ESPANOL,1338,786136,4032726,2121616,2108847
Spain,ES,3,ES511,Barcelona,EP,1999,VERDES,EUROPE OF THE PEOPLE - THE GREENS,EUROPA DE LOS PUEBLOS - VERDES,1643,131505,4032726,2121616,2108847
Spain,ES,3,ES512,Girona,EP,1999,BNG,GALICIAN NATIONALIST BLOCK,BLOQUE NACIONALISTA GALEGO,1011,222,456756,280860,278198
Spain,ES,3,ES512,Girona,EP,1999,CE,UNITED NATIONAL MOVEMENT,ERTIANI NATSIONALURI MODZRAOBA,2172,141,456756,280860,278198
Spain,ES,3,ES512,Girona,EP,1999,CIU,CONVERGENCE AND UNITY,CONVERGENCIA I UNIO,139,117755,456756,280860,278198
Spain,ES,3,ES512,Girona,EP,1999,CN+EP,NA,NA,NA,23585,456756,280860,278198
Spain,ES,3,ES512,Girona,EP,1999,HB,UNITED PEOPLE,HERRI BATASUNA,473,2150,456756,280860,278198
Spain,ES,3,ES512,Girona,EP,1999,IU-EUIA,UNITED LEFT,IZQUIERDA UNIDA,247,3281,456756,280860,278198
Spain,ES,3,ES512,Girona,EP,1999,OTHER,NA,NA,NA,9766,456756,280860,278198
Spain,ES,3,ES512,Girona,EP,1999,PP,PEOPLE'S ALLIANCE-PARTY / PEOPLE'S PARTY,ALIANZA-PARTIDO POPULAR / PARTIDO POPULAR,441,33800,456756,280860,278198
Spain,ES,3,ES512,Girona,EP,1999,PSOE,SPANISH SOCIALIST WORKERS PARTY,PARTIDO SOCIALISTA OBRERO ESPANOL,1338,72522,456756,280860,278198
Spain,ES,3,ES512,Girona,EP,1999,VERDES,EUROPE OF THE PEOPLE - THE GREENS,EUROPA DE LOS PUEBLOS - VERDES,1643,9464,456756,280860,278198
Spain,ES,3,ES513,Lleida,EP,1999,BNG,GALICIAN NATIONALIST BLOCK,BLOQUE NACIONALISTA GALEGO,1011,145,312247,194996,193506
Spain,ES,3,ES513,Lleida,EP,1999,CE,UNITED NATIONAL MOVEMENT,ERTIANI NATSIONALURI MODZRAOBA,2172,108,312247,194996,193506
Spain,ES,3,ES513,Lleida,EP,1999,CIU,CONVERGENCE AND UNITY,CONVERGENCIA I UNIO,139,76095,312247,194996,193506
Spain,ES,3,ES513,Lleida,EP,1999,CN+EP,NA,NA,NA,16312,312247,194996,193506
Spain,ES,3,ES513,Lleida,EP,1999,HB,UNITED PEOPLE,HERRI BATASUNA,473,1296,312247,194996,193506
Spain,ES,3,ES513,Lleida,EP,1999,IU-EUIA,UNITED LEFT,IZQUIERDA UNIDA,247,1363,312247,194996,193506
Spain,ES,3,ES513,Lleida,EP,1999,OTHER,NA,NA,NA,5705,312247,194996,193506
Spain,ES,3,ES513,Lleida,EP,1999,PP,PEOPLE'S ALLIANCE-PARTY / PEOPLE'S PARTY,ALIANZA-PARTIDO POPULAR / PARTIDO POPULAR,441,32664,312247,194996,193506
Spain,ES,3,ES513,Lleida,EP,1999,PSOE,SPANISH SOCIALIST WORKERS PARTY,PARTIDO SOCIALISTA OBRERO ESPANOL,1338,50887,312247,194996,193506
Spain,ES,3,ES513,Lleida,EP,1999,VERDES,EUROPE OF THE PEOPLE - THE GREENS,EUROPA DE LOS PUEBLOS - VERDES,1643,5031,312247,194996,193506
Spain,ES,3,ES514,Tarragona,EP,1999,BNG,GALICIAN NATIONALIST BLOCK,BLOQUE NACIONALISTA GALEGO,1011,243,485636,301335,298712
Spain,ES,3,ES514,Tarragona,EP,1999,CE,UNITED NATIONAL MOVEMENT,ERTIANI NATSIONALURI MODZRAOBA,2172,114,485636,301335,298712
Spain,ES,3,ES514,Tarragona,EP,1999,CIU,CONVERGENCE AND UNITY,CONVERGENCIA I UNIO,139,100889,485636,301335,298712
Spain,ES,3,ES514,Tarragona,EP,1999,CN+EP,NA,NA,NA,22431,485636,301335,298712
Spain,ES,3,ES514,Tarragona,EP,1999,HB,UNITED PEOPLE,HERRI BATASUNA,473,1566,485636,301335,298712
Spain,ES,3,ES514,Tarragona,EP,1999,IU-EUIA,UNITED LEFT,IZQUIERDA UNIDA,247,3675,485636,301335,298712
Spain,ES,3,ES514,Tarragona,EP,1999,OTHER,NA,NA,NA,8229,485636,301335,298712
Spain,ES,3,ES514,Tarragona,EP,1999,PP,PEOPLE'S ALLIANCE-PARTY / PEOPLE'S PARTY,ALIANZA-PARTIDO POPULAR / PARTIDO POPULAR,441,57736,485636,301335,298712
Spain,ES,3,ES514,Tarragona,EP,1999,PSOE,SPANISH SOCIALIST WORKERS PARTY,PARTIDO SOCIALISTA OBRERO ESPANOL,1338,87766,485636,301335,298712
Spain,ES,3,ES514,Tarragona,EP,1999,VERDES,EUROPE OF THE PEOPLE - THE GREENS,EUROPA DE LOS PUEBLOS - VERDES,1643,10471,485636,301335,298712
Spain,ES,3,ES521,Alicante / Alacant,EP,1999,BNG,GALICIAN NATIONALIST BLOCK,BLOQUE NACIONALISTA GALEGO,1011,233,1105894,745030,739046
Spain,ES,3,ES521,Alicante / Alacant,EP,1999,CE,UNITED NATIONAL MOVEMENT,ERTIANI NATSIONALURI MODZRAOBA,2172,9775,1105894,745030,739046
Spain,ES,3,ES521,Alicante / Alacant,EP,1999,CIU,CONVERGENCE AND UNITY,CONVERGENCIA I UNIO,139,14693,1105894,745030,739046
Spain,ES,3,ES521,Alicante / Alacant,EP,1999,CN+EP,NA,NA,NA,963,1105894,745030,739046
Spain,ES,3,ES521,Alicante / Alacant,EP,1999,HB,UNITED PEOPLE,HERRI BATASUNA,473,1039,1105894,745030,739046
Spain,ES,3,ES521,Alicante / Alacant,EP,1999,IU-EUIA,UNITED LEFT,IZQUIERDA UNIDA,247,41365,1105894,745030,739046
Spain,ES,3,ES521,Alicante / Alacant,EP,1999,OTHER,NA,NA,NA,16349,1105894,745030,739046
Spain,ES,3,ES521,Alicante / Alacant,EP,1999,PP,PEOPLE'S ALLIANCE-PARTY / PEOPLE'S PARTY,ALIANZA-PARTIDO POPULAR / PARTIDO POPULAR,441,360490,1105894,745030,739046
Spain,ES,3,ES521,Alicante / Alacant,EP,1999,PSOE,SPANISH SOCIALIST WORKERS PARTY,PARTIDO SOCIALISTA OBRERO ESPANOL,1338,276768,1105894,745030,739046
Spain,ES,3,ES521,Alicante / Alacant,EP,1999,VERDES,EUROPE OF THE PEOPLE - THE GREENS,EUROPA DE LOS PUEBLOS - VERDES,1643,6275,1105894,745030,739046
Spain,ES,3,ES522,Castellon / Castello,EP,1999,BNG,GALICIAN NATIONALIST BLOCK,BLOQUE NACIONALISTA GALEGO,1011,89,386321,270376,267434
Spain,ES,3,ES522,Castellon / Castello,EP,1999,CE,UNITED NATIONAL MOVEMENT,ERTIANI NATSIONALURI MODZRAOBA,2172,9115,386321,270376,267434
Spain,ES,3,ES522,Castellon / Castello,EP,1999,CIU,CONVERGENCE AND UNITY,CONVERGENCIA I UNIO,139,8201,386321,270376,267434
Spain,ES,3,ES522,Castellon / Castello,EP,1999,CN+EP,NA,NA,NA,686,386321,270376,267434
Spain,ES,3,ES522,Castellon / Castello,EP,1999,HB,UNITED PEOPLE,HERRI BATASUNA,473,435,386321,270376,267434
Spain,ES,3,ES522,Castellon / Castello,EP,1999,IU-EUIA,UNITED LEFT,IZQUIERDA UNIDA,247,10251,386321,270376,267434
Spain,ES,3,ES522,Castellon / Castello,EP,1999,OTHER,NA,NA,NA,4197,386321,270376,267434
Spain,ES,3,ES522,Castellon / Castello,EP,1999,PP,PEOPLE'S ALLIANCE-PARTY / PEOPLE'S PARTY,ALIANZA-PARTIDO POPULAR / PARTIDO POPULAR,441,132729,386321,270376,267434
Spain,ES,3,ES522,Castellon / Castello,EP,1999,PSOE,SPANISH SOCIALIST WORKERS PARTY,PARTIDO SOCIALISTA OBRERO ESPANOL,1338,95472,386321,270376,267434
Spain,ES,3,ES522,Castellon / Castello,EP,1999,VERDES,EUROPE OF THE PEOPLE - THE GREENS,EUROPA DE LOS PUEBLOS - VERDES,1643,1478,386321,270376,267434
Spain,ES,3,ES523,Valencia / Valencia,EP,1999,BNG,GALICIAN NATIONALIST BLOCK,BLOQUE NACIONALISTA GALEGO,1011,408,1870011,1269576,1260644
Spain,ES,3,ES523,Valencia / Valencia,EP,1999,CE,UNITED NATIONAL MOVEMENT,ERTIANI NATSIONALURI MODZRAOBA,2172,70895,1870011,1269576,1260644
Spain,ES,3,ES523,Valencia / Valencia,EP,1999,CIU,CONVERGENCE AND UNITY,CONVERGENCIA I UNIO,139,31695,1870011,1269576,1260644
Spain,ES,3,ES523,Valencia / Valencia,EP,1999,CN+EP,NA,NA,NA,1408,1870011,1269576,1260644
Spain,ES,3,ES523,Valencia / Valencia,EP,1999,HB,UNITED PEOPLE,HERRI BATASUNA,473,2376,1870011,1269576,1260644
Spain,ES,3,ES523,Valencia / Valencia,EP,1999,IU-EUIA,UNITED LEFT,IZQUIERDA UNIDA,247,79172,1870011,1269576,1260644
Spain,ES,3,ES523,Valencia / Valencia,EP,1999,OTHER,NA,NA,NA,23744,1870011,1269576,1260644
Spain,ES,3,ES523,Valencia / Valencia,EP,1999,PP,PEOPLE'S ALLIANCE-PARTY / PEOPLE'S PARTY,ALIANZA-PARTIDO POPULAR / PARTIDO POPULAR,441,587253,1870011,1269576,1260644
Spain,ES,3,ES523,Valencia / Valencia,EP,1999,PSOE,SPANISH SOCIALIST WORKERS PARTY,PARTIDO SOCIALISTA OBRERO ESPANOL,1338,435059,1870011,1269576,1260644
Spain,ES,3,ES523,Valencia / Valencia,EP,1999,VERDES,EUROPE OF THE PEOPLE - THE GREENS,EUROPA DE LOS PUEBLOS - VERDES,1643,9858,1870011,1269576,1260644
Spain,ES,3,ES611,Almeria,EP,1999,BNG,GALICIAN NATIONALIST BLOCK,BLOQUE NACIONALISTA GALEGO,1011,72,411122,261106,259125
Spain,ES,3,ES611,Almeria,EP,1999,CE,UNITED NATIONAL MOVEMENT,ERTIANI NATSIONALURI MODZRAOBA,2172,9005,411122,261106,259125
Spain,ES,3,ES611,Almeria,EP,1999,CIU,CONVERGENCE AND UNITY,CONVERGENCIA I UNIO,139,92,411122,261106,259125
Spain,ES,3,ES611,Almeria,EP,1999,CN+EP,NA,NA,NA,85,411122,261106,259125
Spain,ES,3,ES611,Almeria,EP,1999,HB,UNITED PEOPLE,HERRI BATASUNA,473,153,411122,261106,259125
Spain,ES,3,ES611,Almeria,EP,1999,IU-EUIA,UNITED LEFT,IZQUIERDA UNIDA,247,15061,411122,261106,259125
Spain,ES,3,ES611,Almeria,EP,1999,OTHER,NA,NA,NA,3766,411122,261106,259125
Spain,ES,3,ES611,Almeria,EP,1999,PP,PEOPLE'S ALLIANCE-PARTY / PEOPLE'S PARTY,ALIANZA-PARTIDO POPULAR / PARTIDO POPULAR,441,109948,411122,261106,259125
Spain,ES,3,ES611,Almeria,EP,1999,PSOE,SPANISH SOCIALIST WORKERS PARTY,PARTIDO SOCIALISTA OBRERO ESPANOL,1338,117677,411122,261106,259125
Spain,ES,3,ES611,Almeria,EP,1999,VERDES,EUROPE OF THE PEOPLE - THE GREENS,EUROPA DE LOS PUEBLOS - VERDES,1643,693,411122,261106,259125
Spain,ES,3,ES612,Cadiz,EP,1999,BNG,GALICIAN NATIONALIST BLOCK,BLOQUE NACIONALISTA GALEGO,1011,353,877401,515238,510321
Spain,ES,3,ES612,Cadiz,EP,1999,CE,UNITED NATIONAL MOVEMENT,ERTIANI NATSIONALURI MODZRAOBA,2172,60602,877401,515238,510321
Spain,ES,3,ES612,Cadiz,EP,1999,CIU,CONVERGENCE AND UNITY,CONVERGENCIA I UNIO,139,228,877401,515238,510321
Spain,ES,3,ES612,Cadiz,EP,1999,CN+EP,NA,NA,NA,230,877401,515238,510321
Spain,ES,3,ES612,Cadiz,EP,1999,HB,UNITED PEOPLE,HERRI BATASUNA,473,389,877401,515238,510321
Spain,ES,3,ES612,Cadiz,EP,1999,IU-EUIA,UNITED LEFT,IZQUIERDA UNIDA,247,46473,877401,515238,510321
Spain,ES,3,ES612,Cadiz,EP,1999,OTHER,NA,NA,NA,10925,877401,515238,510321
Spain,ES,3,ES612,Cadiz,EP,1999,PP,PEOPLE'S ALLIANCE-PARTY / PEOPLE'S PARTY,ALIANZA-PARTIDO POPULAR / PARTIDO POPULAR,441,184004,877401,515238,510321
Spain,ES,3,ES612,Cadiz,EP,1999,PSOE,SPANISH SOCIALIST WORKERS PARTY,PARTIDO SOCIALISTA OBRERO ESPANOL,1338,197108,877401,515238,510321
Spain,ES,3,ES612,Cadiz,EP,1999,VERDES,EUROPE OF THE PEOPLE - THE GREENS,EUROPA DE LOS PUEBLOS - VERDES,1643,3585,877401,515238,510321
Spain,ES,3,ES613,Cordoba,EP,1999,BNG,GALICIAN NATIONALIST BLOCK,BLOQUE NACIONALISTA GALEGO,1011,68,618813,434189,430628
Spain,ES,3,ES613,Cordoba,EP,1999,CE,UNITED NATIONAL MOVEMENT,ERTIANI NATSIONALURI MODZRAOBA,2172,26791,618813,434189,430628
Spain,ES,3,ES613,Cordoba,EP,1999,CIU,CONVERGENCE AND UNITY,CONVERGENCIA I UNIO,139,109,618813,434189,430628
Spain,ES,3,ES613,Cordoba,EP,1999,CN+EP,NA,NA,NA,469,618813,434189,430628
Spain,ES,3,ES613,Cordoba,EP,1999,HB,UNITED PEOPLE,HERRI BATASUNA,473,175,618813,434189,430628
Spain,ES,3,ES613,Cordoba,EP,1999,IU-EUIA,UNITED LEFT,IZQUIERDA UNIDA,247,73085,618813,434189,430628
Spain,ES,3,ES613,Cordoba,EP,1999,OTHER,NA,NA,NA,5888,618813,434189,430628
Spain,ES,3,ES613,Cordoba,EP,1999,PP,PEOPLE'S ALLIANCE-PARTY / PEOPLE'S PARTY,ALIANZA-PARTIDO POPULAR / PARTIDO POPULAR,441,148079,618813,434189,430628
Spain,ES,3,ES613,Cordoba,EP,1999,PSOE,SPANISH SOCIALIST WORKERS PARTY,PARTIDO SOCIALISTA OBRERO ESPANOL,1338,169908,618813,434189,430628
Spain,ES,3,ES613,Cordoba,EP,1999,VERDES,EUROPE OF THE PEOPLE - THE GREENS,EUROPA DE LOS PUEBLOS - VERDES,1643,1299,618813,434189,430628
Spain,ES,3,ES614,Granada,EP,1999,BNG,GALICIAN NATIONALIST BLOCK,BLOQUE NACIONALISTA GALEGO,1011,78,694136,450750,447293
Spain,ES,3,ES614,Granada,EP,1999,CE,UNITED NATIONAL MOVEMENT,ERTIANI NATSIONALURI MODZRAOBA,2172,21094,694136,450750,447293
Spain,ES,3,ES614,Granada,EP,1999,CIU,CONVERGENCE AND UNITY,CONVERGENCIA I UNIO,139,140,694136,450750,447293
Spain,ES,3,ES614,Granada,EP,1999,CN+EP,NA,NA,NA,93,694136,450750,447293
Spain,ES,3,ES614,Granada,EP,1999,HB,UNITED PEOPLE,HERRI BATASUNA,473,215,694136,450750,447293
Spain,ES,3,ES614,Granada,EP,1999,IU-EUIA,UNITED LEFT,IZQUIERDA UNIDA,247,39508,694136,450750,447293
Spain,ES,3,ES614,Granada,EP,1999,OTHER,NA,NA,NA,7122,694136,450750,447293
Spain,ES,3,ES614,Granada,EP,1999,PP,PEOPLE'S ALLIANCE-PARTY / PEOPLE'S PARTY,ALIANZA-PARTIDO POPULAR / PARTIDO POPULAR,441,170839,694136,450750,447293
Spain,ES,3,ES614,Granada,EP,1999,PSOE,SPANISH SOCIALIST WORKERS PARTY,PARTIDO SOCIALISTA OBRERO ESPANOL,1338,201190,694136,450750,447293
Spain,ES,3,ES614,Granada,EP,1999,VERDES,EUROPE OF THE PEOPLE - THE GREENS,EUROPA DE LOS PUEBLOS - VERDES,1643,1731,694136,450750,447293
Spain,ES,3,ES615,Huelva,EP,1999,BNG,GALICIAN NATIONALIST BLOCK,BLOQUE NACIONALISTA GALEGO,1011,52,369474,240507,238564
Spain,ES,3,ES615,Huelva,EP,1999,CE,UNITED NATIONAL MOVEMENT,ERTIANI NATSIONALURI MODZRAOBA,2172,14677,369474,240507,238564
Spain,ES,3,ES615,Huelva,EP,1999,CIU,CONVERGENCE AND UNITY,CONVERGENCIA I UNIO,139,58,369474,240507,238564
Spain,ES,3,ES615,Huelva,EP,1999,CN+EP,NA,NA,NA,71,369474,240507,238564
Spain,ES,3,ES615,Huelva,EP,1999,HB,UNITED PEOPLE,HERRI BATASUNA,473,129,369474,240507,238564
Spain,ES,3,ES615,Huelva,EP,1999,IU-EUIA,UNITED LEFT,IZQUIERDA UNIDA,247,26013,369474,240507,238564
Spain,ES,3,ES615,Huelva,EP,1999,OTHER,NA,NA,NA,2455,369474,240507,238564
Spain,ES,3,ES615,Huelva,EP,1999,PP,PEOPLE'S ALLIANCE-PARTY / PEOPLE'S PARTY,ALIANZA-PARTIDO POPULAR / PARTIDO POPULAR,441,86515,369474,240507,238564
Spain,ES,3,ES615,Huelva,EP,1999,PSOE,SPANISH SOCIALIST WORKERS PARTY,PARTIDO SOCIALISTA OBRERO ESPANOL,1338,105486,369474,240507,238564
Spain,ES,3,ES615,Huelva,EP,1999,VERDES,EUROPE OF THE PEOPLE - THE GREENS,EUROPA DE LOS PUEBLOS - VERDES,1643,484,369474,240507,238564
Spain,ES,3,ES616,Jaen,EP,1999,BNG,GALICIAN NATIONALIST BLOCK,BLOQUE NACIONALISTA GALEGO,1011,45,523771,373869,370923
Spain,ES,3,ES616,Jaen,EP,1999,CE,UNITED NATIONAL MOVEMENT,ERTIANI NATSIONALURI MODZRAOBA,2172,14996,523771,373869,370923
Spain,ES,3,ES616,Jaen,EP,1999,CIU,CONVERGENCE AND UNITY,CONVERGENCIA I UNIO,139,70,523771,373869,370923
Spain,ES,3,ES616,Jaen,EP,1999,CN+EP,NA,NA,NA,47,523771,373869,370923
Spain,ES,3,ES616,Jaen,EP,1999,HB,UNITED PEOPLE,HERRI BATASUNA,473,144,523771,373869,370923
Spain,ES,3,ES616,Jaen,EP,1999,IU-EUIA,UNITED LEFT,IZQUIERDA UNIDA,247,37914,523771,373869,370923
Spain,ES,3,ES616,Jaen,EP,1999,OTHER,NA,NA,NA,3364,523771,373869,370923
Spain,ES,3,ES616,Jaen,EP,1999,PP,PEOPLE'S ALLIANCE-PARTY / PEOPLE'S PARTY,ALIANZA-PARTIDO POPULAR / PARTIDO POPULAR,441,132137,523771,373869,370923
Spain,ES,3,ES616,Jaen,EP,1999,PSOE,SPANISH SOCIALIST WORKERS PARTY,PARTIDO SOCIALISTA OBRERO ESPANOL,1338,177670,523771,373869,370923
Spain,ES,3,ES616,Jaen,EP,1999,VERDES,EUROPE OF THE PEOPLE - THE GREENS,EUROPA DE LOS PUEBLOS - VERDES,1643,833,523771,373869,370923
Spain,ES,3,ES617,Malaga,EP,1999,BNG,GALICIAN NATIONALIST BLOCK,BLOQUE NACIONALISTA GALEGO,1011,474,1007730,603426,598123
Spain,ES,3,ES617,Malaga,EP,1999,CE,UNITED NATIONAL MOVEMENT,ERTIANI NATSIONALURI MODZRAOBA,2172,32949,1007730,603426,598123
Spain,ES,3,ES617,Malaga,EP,1999,CIU,CONVERGENCE AND UNITY,CONVERGENCIA I UNIO,139,259,1007730,603426,598123
Spain,ES,3,ES617,Malaga,EP,1999,CN+EP,NA,NA,NA,264,1007730,603426,598123
Spain,ES,3,ES617,Malaga,EP,1999,HB,UNITED PEOPLE,HERRI BATASUNA,473,446,1007730,603426,598123
Spain,ES,3,ES617,Malaga,EP,1999,IU-EUIA,UNITED LEFT,IZQUIERDA UNIDA,247,61892,1007730,603426,598123
Spain,ES,3,ES617,Malaga,EP,1999,OTHER,NA,NA,NA,12569,1007730,603426,598123
Spain,ES,3,ES617,Malaga,EP,1999,PP,PEOPLE'S ALLIANCE-PARTY / PEOPLE'S PARTY,ALIANZA-PARTIDO POPULAR / PARTIDO POPULAR,441,247777,1007730,603426,598123
Spain,ES,3,ES617,Malaga,EP,1999,PSOE,SPANISH SOCIALIST WORKERS PARTY,PARTIDO SOCIALISTA OBRERO ESPANOL,1338,230244,1007730,603426,598123
Spain,ES,3,ES617,Malaga,EP,1999,VERDES,EUROPE OF THE PEOPLE - THE GREENS,EUROPA DE LOS PUEBLOS - VERDES,1643,2520,1007730,603426,598123
Spain,ES,3,ES618,Sevilla,EP,1999,BNG,GALICIAN NATIONALIST BLOCK,BLOQUE NACIONALISTA GALEGO,1011,151,1391930,870953,863607
Spain,ES,3,ES618,Sevilla,EP,1999,CE,UNITED NATIONAL MOVEMENT,ERTIANI NATSIONALURI MODZRAOBA,2172,66733,1391930,870953,863607
Spain,ES,3,ES618,Sevilla,EP,1999,CIU,CONVERGENCE AND UNITY,CONVERGENCIA I UNIO,139,226,1391930,870953,863607
Spain,ES,3,ES618,Sevilla,EP,1999,CN+EP,NA,NA,NA,215,1391930,870953,863607
Spain,ES,3,ES618,Sevilla,EP,1999,HB,UNITED PEOPLE,HERRI BATASUNA,473,508,1391930,870953,863607
Spain,ES,3,ES618,Sevilla,EP,1999,IU-EUIA,UNITED LEFT,IZQUIERDA UNIDA,247,98045,1391930,870953,863607
Spain,ES,3,ES618,Sevilla,EP,1999,OTHER,NA,NA,NA,10706,1391930,870953,863607
Spain,ES,3,ES618,Sevilla,EP,1999,PP,PEOPLE'S ALLIANCE-PARTY / PEOPLE'S PARTY,ALIANZA-PARTIDO POPULAR / PARTIDO POPULAR,441,259384,1391930,870953,863607
Spain,ES,3,ES618,Sevilla,EP,1999,PSOE,SPANISH SOCIALIST WORKERS PARTY,PARTIDO SOCIALISTA OBRERO ESPANOL,1338,410578,1391930,870953,863607
Spain,ES,3,ES618,Sevilla,EP,1999,VERDES,EUROPE OF THE PEOPLE - THE GREENS,EUROPA DE LOS PUEBLOS - VERDES,1643,3832,1391930,870953,863607
Spain,ES,3,ES620,Murcia,EP,1999,BNG,GALICIAN NATIONALIST BLOCK,BLOQUE NACIONALISTA GALEGO,1011,151,911975,616326,612415
Spain,ES,3,ES620,Murcia,EP,1999,CE,UNITED NATIONAL MOVEMENT,ERTIANI NATSIONALURI MODZRAOBA,2172,130,911975,616326,612415
Spain,ES,3,ES620,Murcia,EP,1999,CIU,CONVERGENCE AND UNITY,CONVERGENCIA I UNIO,139,446,911975,616326,612415
Spain,ES,3,ES620,Murcia,EP,1999,CN+EP,NA,NA,NA,178,911975,616326,612415
Spain,ES,3,ES620,Murcia,EP,1999,HB,UNITED PEOPLE,HERRI BATASUNA,473,289,911975,616326,612415
Spain,ES,3,ES620,Murcia,EP,1999,IU-EUIA,UNITED LEFT,IZQUIERDA UNIDA,247,40441,911975,616326,612415
Spain,ES,3,ES620,Murcia,EP,1999,OTHER,NA,NA,NA,11849,911975,616326,612415
Spain,ES,3,ES620,Murcia,EP,1999,PP,PEOPLE'S ALLIANCE-PARTY / PEOPLE'S PARTY,ALIANZA-PARTIDO POPULAR / PARTIDO POPULAR,441,325602,911975,616326,612415
Spain,ES,3,ES620,Murcia,EP,1999,PSOE,SPANISH SOCIALIST WORKERS PARTY,PARTIDO SOCIALISTA OBRERO ESPANOL,1338,222743,911975,616326,612415
Spain,ES,3,ES620,Murcia,EP,1999,VERDES,EUROPE OF THE PEOPLE - THE GREENS,EUROPA DE LOS PUEBLOS - VERDES,1643,2680,911975,616326,612415
Spain,ES,3,ES630,Ceuta,EP,1999,BNG,GALICIAN NATIONALIST BLOCK,BLOQUE NACIONALISTA GALEGO,1011,35,54609,31269,30795
Spain,ES,3,ES630,Ceuta,EP,1999,CE,UNITED NATIONAL MOVEMENT,ERTIANI NATSIONALURI MODZRAOBA,2172,45,54609,31269,30795
Spain,ES,3,ES630,Ceuta,EP,1999,CIU,CONVERGENCE AND UNITY,CONVERGENCIA I UNIO,139,26,54609,31269,30795
Spain,ES,3,ES630,Ceuta,EP,1999,CN+EP,NA,NA,NA,23,54609,31269,30795
Spain,ES,3,ES630,Ceuta,EP,1999,HB,UNITED PEOPLE,HERRI BATASUNA,473,22,54609,31269,30795
Spain,ES,3,ES630,Ceuta,EP,1999,IU-EUIA,UNITED LEFT,IZQUIERDA UNIDA,247,1144,54609,31269,30795
Spain,ES,3,ES630,Ceuta,EP,1999,OTHER,NA,NA,NA,1190,54609,31269,30795
Spain,ES,3,ES630,Ceuta,EP,1999,PP,PEOPLE'S ALLIANCE-PARTY / PEOPLE'S PARTY,ALIANZA-PARTIDO POPULAR / PARTIDO POPULAR,441,18727,54609,31269,30795
Spain,ES,3,ES630,Ceuta,EP,1999,PSOE,SPANISH SOCIALIST WORKERS PARTY,PARTIDO SOCIALISTA OBRERO ESPANOL,1338,8765,54609,31269,30795
Spain,ES,3,ES630,Ceuta,EP,1999,VERDES,EUROPE OF THE PEOPLE - THE GREENS,EUROPA DE LOS PUEBLOS - VERDES,1643,207,54609,31269,30795
Spain,ES,3,ES640,Melilla,EP,1999,BNG,GALICIAN NATIONALIST BLOCK,BLOQUE NACIONALISTA GALEGO,1011,33,47397,24363,24134
Spain,ES,3,ES640,Melilla,EP,1999,CE,UNITED NATIONAL MOVEMENT,ERTIANI NATSIONALURI MODZRAOBA,2172,63,47397,24363,24134
Spain,ES,3,ES640,Melilla,EP,1999,CIU,CONVERGENCE AND UNITY,CONVERGENCIA I UNIO,139,60,47397,24363,24134
Spain,ES,3,ES640,Melilla,EP,1999,CN+EP,NA,NA,NA,27,47397,24363,24134
Spain,ES,3,ES640,Melilla,EP,1999,HB,UNITED PEOPLE,HERRI BATASUNA,473,13,47397,24363,24134
Spain,ES,3,ES640,Melilla,EP,1999,IU-EUIA,UNITED LEFT,IZQUIERDA UNIDA,247,1086,47397,24363,24134
Spain,ES,3,ES640,Melilla,EP,1999,OTHER,NA,NA,NA,959,47397,24363,24134
Spain,ES,3,ES640,Melilla,EP,1999,PP,PEOPLE'S ALLIANCE-PARTY / PEOPLE'S PARTY,ALIANZA-PARTIDO POPULAR / PARTIDO POPULAR,441,12095,47397,24363,24134
Spain,ES,3,ES640,Melilla,EP,1999,PSOE,SPANISH SOCIALIST WORKERS PARTY,PARTIDO SOCIALISTA OBRERO ESPANOL,1338,9054,47397,24363,24134
Spain,ES,3,ES640,Melilla,EP,1999,VERDES,EUROPE OF THE PEOPLE - THE GREENS,EUROPA DE LOS PUEBLOS - VERDES,1643,132,47397,24363,24134
