Nr okr.,TERYT,Powiat,L. obw.,Liczba uprawnionych do głosowania,w tym obywatele polscy,w tym obywatele innych państw UE,Otrzymane karty do głosowania,Niewykorzystane karty do głosowania,Wydane karty do głosowania,w tym obywatelom polskim,w tym obywatelom innych państw UE,Liczba osób głosujących przez pełnomocnika,Liczba osób głosujących na podstawie zaświadczenia,Liczba wysłanych pakietów wyborczyh,Liczba otrzymanych kopert zwrotnych,Liczba kopert bez oświadczenia,Liczba kopert z niepodpisanym oświadczeniem,Liczba kopert zwrotnych bez koperty na kartę do głosowania,Liczba niezaklejonych kopert na karty do głosowania,Liczba kopert na karty do głosowania wrzuconych do urn,Kart wyjęte z urn,w tym: karty wyjęte z kopert zwrotnych,Karty nieważne,Karty ważne (głosy oddane),Głosy nieważne,Głosy ważne,1 - Komitet Wyborczy Solidarna Polska Zbigniewa Ziobro,2 - Komitet Wyborczy Wyborców Ruch Narodowy,3 - Koalicyjny Komitet Wyborczy Sojusz Lewicy Demokratycznej-Unia Pracy,4 - Komitet Wyborczy Prawo i Sprawiedliwość,5 - Koalicyjny Komitet Wyborczy Europa Plus Twój Ruch,6 - Komitet Wyborczy Polska Razem Jarosława Gowina,7 - Komitet Wyborczy Nowa Prawica – Janusza Korwin-Mikke,8 - Komitet Wyborczy Platforma Obywatelska RP,9 - Komitet Wyborczy Polskie Stronnictwo Ludowe,10 - Komitet Wyborczy Demokracja Bezpośrednia,11 - Komitet Wyborczy Samoobrona,12 - Komitet Wyborczy Partia Zieloni
12,201,bolesławiecki,64,71346,71344,2,50565,36428,14137,14137,0,1,64,0,0,0,0,0,0,0,14134,0,0,14134,540,13594,669,208,1791,3819,853,264,1045,4393,552,,,
12,202,dzierżoniowski,81,85536,85536,0,60513,42948,17564,17564,0,1,48,1,1,0,0,0,0,1,17564,1,0,17564,578,16986,776,225,2133,5178,460,394,1134,5817,869,,,
12,203,głogowski,55,71426,71426,0,51041,34973,16068,16068,0,2,62,0,0,0,0,0,0,0,16064,0,0,16064,555,15509,553,185,2260,5448,428,328,1142,4730,435,,,
12,204,górowski,26,28813,28813,0,20416,16270,4146,4146,0,1,22,0,0,0,0,0,0,0,4146,0,0,4146,171,3975,194,46,363,1079,93,59,259,1040,842,,,
12,205,jaworski,39,42300,42300,0,30073,22724,7348,7348,0,1,40,0,0,0,0,0,0,0,7349,0,0,7349,283,7066,374,111,911,2034,200,149,410,2043,834,,,
12,206,jeleniogórski,53,52485,52483,2,37392,26619,10773,10772,1,3,217,0,0,0,0,0,0,0,10770,0,0,10770,461,10309,457,128,1467,2425,398,239,669,4058,468,,,
12,207,kamiennogórski,34,36764,36762,2,25982,18850,7132,7131,1,8,37,0,0,0,0,0,0,0,7131,0,0,7131,300,6831,292,102,914,2163,235,148,362,2405,210,,,
12,208,kłodzki,146,135120,135114,6,96257,70300,25957,25955,2,12,474,0,0,0,0,0,0,0,25955,0,0,25955,1005,24950,1189,340,3345,6855,771,579,1554,9008,1309,,,
12,209,legnicki,46,43265,43265,0,30859,22931,7928,7928,0,3,39,0,0,0,0,0,0,0,7925,0,0,7925,314,7611,404,127,774,2343,224,175,510,2146,908,,,
12,210,lubański,46,46048,46047,1,32874,24359,8515,8514,1,0,93,0,0,0,0,0,0,0,8515,0,0,8515,359,8156,583,122,1453,2049,275,153,507,2646,368,,,
12,211,lubiński,74,85286,85283,3,60461,40760,19701,19699,2,5,51,0,0,0,0,0,0,0,19697,0,0,19697,592,19105,608,328,2133,7529,600,369,1250,5555,733,,,
12,212,lwówecki,38,38296,38290,6,27264,20843,6421,6419,2,2,36,0,0,0,0,0,0,0,6421,0,0,6421,305,6116,354,109,854,1679,253,115,428,1946,378,,,
12,213,milicki,30,29761,29761,0,21225,15913,5312,5312,0,0,28,0,0,0,0,0,0,0,5310,0,0,5310,200,5110,485,49,550,1592,130,116,307,1557,324,,,
12,214,oleśnicki,65,84919,84917,2,60320,44111,16209,16207,2,6,64,0,0,0,0,0,0,0,16208,0,1,16207,579,15628,1568,174,2007,3822,403,332,1155,5573,594,,,
12,215,oławski,50,59806,59805,1,42141,28710,13431,13430,1,5,40,1,1,0,0,0,0,1,13430,1,0,13430,424,13006,621,182,1428,4115,277,309,962,4732,380,,,
12,216,polkowicki,45,49233,49232,1,34645,24819,9824,9823,1,4,53,0,0,0,0,0,0,0,9826,0,0,9826,438,9388,414,125,945,4060,252,177,647,2260,508,,,
12,217,strzeliński,35,36656,36655,1,25975,19054,6921,6920,1,2,25,0,0,0,0,0,0,0,6921,0,0,6921,270,6651,312,79,689,2128,180,145,389,1811,918,,,
12,218,średzki,30,41482,41479,3,29038,21740,7298,7298,0,1,30,0,0,0,0,0,0,0,7296,0,0,7296,238,7058,337,104,770,1932,211,173,592,2434,505,,,
12,219,świdnicki,113,129954,129939,15,91968,65159,26809,26804,5,3,113,1,1,0,0,0,0,1,26805,1,0,26805,912,25893,1154,308,3055,7372,811,498,1844,10087,764,,,
12,220,trzebnicki,55,65533,65529,4,46279,33034,13245,13244,1,4,74,0,0,0,0,0,0,0,13239,0,1,13238,481,12757,620,155,1320,3647,300,315,880,4913,607,,,
12,221,wałbrzyski,49,46704,46703,1,32802,24449,8353,8353,0,2,81,0,0,0,0,0,0,0,8352,0,0,8352,295,8057,329,99,1366,1916,308,156,446,3141,296,,,
12,222,wołowski,34,39854,39854,0,28554,20763,7791,7791,0,1,25,0,0,0,0,0,0,0,7789,0,0,7789,301,7488,435,106,845,2144,220,133,517,2814,274,,,
12,223,wrocławski,83,97114,97109,5,68001,44074,23927,23924,3,4,168,0,0,0,0,0,0,0,23923,0,0,23923,676,23247,936,253,2027,6391,623,805,1992,9138,1082,,,
12,224,ząbkowicki,74,55314,55313,1,39298,29130,10168,10167,1,5,51,1,1,0,0,0,0,1,10166,1,0,10166,431,9735,554,100,1108,2797,382,223,536,3291,744,,,
12,225,zgorzelecki,86,75513,75512,1,53361,38929,14432,14431,1,1,81,0,0,0,0,0,0,0,14430,0,1,14429,580,13849,684,193,1653,4328,438,252,873,5007,421,,,
12,226,złotoryjski,43,36670,36667,3,26090,19659,6431,6431,0,5,17,0,0,0,0,0,0,0,6431,0,0,6431,296,6135,338,93,717,1804,224,137,369,1918,535,,,
12,261,Jelenia Góra,46,67145,67142,3,47869,30852,17017,17014,3,2,152,0,0,0,0,0,0,0,17015,0,1,17014,522,16492,580,123,2515,4193,698,367,945,6713,358,,,
12,262,Legnica,49,80324,80321,3,57141,38674,18467,18467,0,4,67,0,0,0,0,0,0,0,18464,0,0,18464,474,17990,778,223,2494,5425,789,487,1247,6133,414,,,
12,264,Wrocław,302,500854,500830,24,355287,188763,166517,166503,14,37,1819,10,10,0,0,0,0,10,166459,10,7,166452,3220,163232,4805,1805,19620,41948,5327,4555,12994,70070,2108,,,
12,265,Wałbrzych,72,94840,94839,1,67311,47957,19353,19353,0,7,65,1,1,0,0,0,0,1,19346,1,0,19346,571,18775,595,188,3357,4223,594,265,936,8317,300,,,
2,401,aleksandrowski,55,45113,45112,1,32191,23078,9113,9112,1,5,341,0,0,0,0,0,0,0,9111,0,0,9111,377,8734,245,109,1366,2648,375,143,494,2432,922,,,
2,402,brodnicki,60,61007,61007,0,43817,32238,11579,11579,0,6,62,0,0,0,0,0,0,0,11578,0,0,11578,409,11169,330,108,1187,3164,312,163,557,2493,2855,,,
2,403,bydgoski,97,85143,85142,1,60513,40353,20160,20160,0,0,97,1,1,0,0,0,0,1,20159,1,0,20159,742,19417,432,215,5241,4184,838,522,1405,4923,1657,,,
2,404,chełmiński,47,40478,40478,0,29280,21959,7321,7321,0,2,36,1,1,0,0,0,0,1,7322,1,0,7322,289,7033,217,86,1213,2118,253,131,449,1846,720,,,
2,405,golubsko-dobrzyński,32,35948,35948,0,25842,19465,6377,6377,0,1,14,1,1,0,0,0,0,1,6378,1,0,6378,284,6094,199,63,1185,1871,177,111,342,1315,831,,,
2,406,grudziądzki,42,31418,31417,1,22549,17661,4888,4887,1,1,19,0,0,0,0,0,0,0,4887,0,0,4887,245,4642,142,83,637,1431,142,89,283,1053,782,,,
2,407,inowrocławski,143,132930,132929,1,94922,67908,27014,27014,0,4,122,1,1,0,0,0,0,1,27012,1,0,27012,1198,25814,1407,255,5111,6640,1103,386,1377,6972,2563,,,
2,408,lipnowski,69,52819,52818,1,38258,28135,10123,10122,1,12,46,0,0,0,0,0,0,0,10123,0,0,10123,546,9577,282,89,1382,2452,196,114,404,1408,3250,,,
2,409,mogileński,46,37461,37461,0,26465,19816,6649,6649,0,1,36,0,0,0,0,0,0,0,6649,0,0,6649,300,6349,211,88,1114,1402,182,112,332,1480,1428,,,
2,410,nakielski,82,68543,68542,1,48949,34372,14577,14577,0,6,37,1,1,0,0,0,0,1,14574,1,0,14574,707,13867,276,119,4357,3082,425,246,740,3122,1500,,,
2,411,radziejowski,51,34577,34577,0,25019,19834,5185,5185,0,5,30,0,0,0,0,0,0,0,5184,0,1,5183,286,4897,170,54,800,1624,145,67,319,873,845,,,
2,412,rypiński,45,35709,35709,0,25723,20143,5580,5580,0,3,26,0,0,0,0,0,0,0,5580,0,0,5580,177,5403,191,54,643,1698,137,84,253,1249,1094,,,
2,413,sępoleński,41,32659,32659,0,23123,17099,6024,6024,0,3,37,0,0,0,0,0,0,0,6024,0,1,6023,261,5762,148,58,922,1535,189,71,264,1783,792,,,
2,414,świecki,93,78093,78093,0,55575,41144,14431,14431,0,7,133,0,0,0,0,0,0,0,14429,0,0,14429,700,13729,403,270,2457,3325,413,201,688,3865,2107,,,
2,415,toruński,67,77068,77068,0,55378,40171,15207,15207,0,4,46,0,0,0,0,0,0,0,15206,0,0,15206,619,14587,639,145,1653,4337,566,360,1053,4237,1597,,,
2,416,tucholski,51,37841,37838,3,26672,18205,8467,8465,2,4,80,0,0,0,0,0,0,0,8466,0,0,8466,407,8059,191,55,1005,2188,212,180,384,2703,1141,,,
2,417,wąbrzeski,28,27646,27646,0,19850,15313,4537,4537,0,0,7,0,0,0,0,0,0,0,4537,0,0,4537,197,4340,114,40,819,989,160,70,300,1181,667,,,
2,418,włocławski,82,70232,70231,1,50509,40346,10163,10163,0,4,69,0,0,0,0,0,0,0,10160,0,0,10160,534,9626,295,96,1578,2938,430,156,553,2307,1273,,,
2,419,żniński,78,56195,56195,0,39773,28516,11257,11257,0,3,37,0,0,0,0,0,0,0,11255,0,0,11255,639,10616,363,85,2734,2791,300,150,544,2200,1449,,,
2,461,Bydgoszcz,206,281429,281422,7,200950,113128,87822,87817,5,24,376,5,5,0,0,0,0,5,87802,5,0,87802,2195,85607,1224,855,25312,22687,3463,1876,4858,22774,2558,,,
2,462,Grudziądz,54,75690,75689,1,55641,39084,16557,16556,1,4,42,0,0,0,0,0,0,0,16554,0,0,16554,520,16034,267,192,2716,4214,658,272,942,6233,540,,,
2,463,Toruń,123,157175,157173,2,115410,66514,48894,48892,2,13,396,3,3,0,0,0,0,3,48892,3,4,48888,1272,47616,914,498,6167,14286,2465,906,3114,17799,1467,,,
2,464,Włocławek,68,92953,92952,1,67707,47238,20468,20467,1,5,51,2,2,0,0,0,0,2,20467,2,1,20466,675,19791,405,202,5234,5059,857,285,1098,6182,469,,,
8,601,bialski,114,91290,91290,0,64114,45593,18521,18521,0,4,146,0,0,0,0,0,0,0,18514,0,0,18514,685,17829,601,327,1031,7536,395,375,1241,2211,4025,87,,
8,602,biłgorajski,98,84233,84233,0,59540,40340,19200,19200,0,3,96,0,0,0,0,0,0,0,19198,0,0,19198,509,18689,665,575,673,8782,565,552,1408,1733,3695,41,,
8,603,chełmski,91,64838,64838,0,45817,33596,12221,12221,0,15,56,1,1,0,0,0,0,1,12220,1,0,12220,499,11721,335,172,397,3392,240,116,502,1913,4625,29,,
8,604,hrubieszowski,69,56142,56142,0,40123,30057,10066,10066,0,3,62,1,1,1,0,0,0,0,10066,0,0,10066,340,9726,301,155,504,4086,613,244,575,1112,2094,42,,
8,605,janowski,38,38786,38786,0,27385,16592,10793,10793,0,4,45,0,0,0,0,0,0,0,10792,0,0,10792,236,10556,256,239,446,6354,174,181,542,512,1832,20,,
8,606,krasnostawski,91,55957,55957,0,39703,29348,10355,10355,0,3,33,0,0,0,0,0,0,0,10353,0,0,10353,343,10010,384,212,781,3584,348,244,614,1503,2241,99,,
8,607,kraśnicki,86,80181,80179,2,56793,37984,18809,18808,1,12,48,0,0,0,0,0,0,0,18806,0,0,18806,587,18219,663,414,860,8812,492,355,1167,2118,3236,102,,
8,608,lubartowski,91,72340,72339,1,51008,34622,16386,16385,1,14,68,0,0,0,0,0,0,0,16384,0,1,16383,541,15842,618,379,556,6821,431,392,1195,2624,2698,128,,
8,609,lubelski,128,117788,117788,0,82802,55707,27095,27095,0,7,112,0,0,0,0,0,0,0,27092,0,0,27092,799,26293,862,822,775,11180,913,714,2028,3126,5737,136,,
8,610,łęczyński,53,45714,45714,0,32220,23338,8882,8882,0,2,35,0,0,0,0,0,0,0,8881,0,0,8881,306,8575,316,335,298,3443,268,382,809,1305,1365,54,,
8,611,łukowski,97,86157,86157,0,60691,43588,17103,17103,0,5,90,0,0,0,0,0,0,0,17103,0,0,17103,580,16523,628,409,1846,7270,283,286,1030,1726,2916,129,,
8,612,opolski,62,51105,51105,0,36214,26814,9400,9400,0,1,49,0,0,0,0,0,0,0,9398,0,0,9398,352,9046,516,159,528,3621,394,322,603,1029,1808,66,,
8,613,parczewski,38,29917,29917,0,21161,15394,5767,5767,0,2,37,0,0,0,0,0,0,0,5767,0,0,5767,213,5554,237,104,288,2290,160,180,349,732,1188,26,,
8,614,puławski,98,96421,96420,1,68546,44677,23869,23869,0,10,288,1,1,0,0,0,0,1,23867,1,0,23867,666,23201,852,472,1126,9966,852,801,1772,4897,2349,114,,
8,615,radzyński,55,49328,49328,0,34925,24170,10755,10755,0,3,23,0,0,0,0,0,0,0,10754,0,1,10753,402,10351,305,226,379,4070,172,198,614,1042,3302,43,,
8,616,rycki,74,47275,47275,0,33445,22180,11265,11265,0,7,61,0,0,0,0,0,0,0,11264,0,0,11264,425,10839,1802,139,1073,3002,333,136,568,1173,2575,38,,
8,617,świdnicki,53,59007,59007,0,42000,28861,13139,13139,0,10,35,0,0,0,0,0,0,0,13138,0,0,13138,345,12793,329,221,695,5244,619,524,887,2447,1756,71,,
8,618,tomaszowski,98,72154,72154,0,50882,36426,14456,14456,0,8,53,0,0,0,0,0,0,0,14456,0,0,14456,535,13921,866,281,710,6175,319,276,877,2088,2274,55,,
8,619,włodawski,49,33261,33261,0,23574,16854,6720,6720,0,0,62,0,0,0,0,0,0,0,6720,0,0,6720,223,6497,168,180,592,2395,225,163,383,1126,1224,41,,
8,620,zamojski,118,89962,89962,0,63404,44691,18713,18713,0,16,101,0,0,0,0,0,0,0,18710,0,0,18710,674,18036,592,320,960,8880,419,393,1106,1305,3974,87,,
8,661,Biała Podlaska,29,46170,46170,0,32961,21598,11363,11363,0,3,60,0,0,0,0,0,0,0,11359,0,0,11359,291,11068,238,224,1074,4581,425,286,1001,2414,764,61,,
8,662,Chełm,36,54578,54578,0,38728,24103,14625,14625,0,6,45,2,2,0,0,0,0,2,14627,2,0,14627,311,14316,203,157,688,3725,389,155,666,2738,5564,31,,
8,663,Lublin,208,274125,274122,3,195332,106922,88410,88409,1,15,779,6,6,0,0,0,0,6,88385,6,2,88383,1579,86804,1893,2182,3875,33709,5997,2815,6638,21489,7646,560,,
8,664,Zamość,34,54263,54262,1,38663,25232,13431,13430,1,6,72,0,0,0,0,0,0,0,13429,0,0,13429,355,13074,302,290,1093,5660,694,374,907,2526,1167,61,,
13,801,gorzowski,61,54341,54340,1,38326,28760,9566,9566,0,0,34,0,0,0,0,0,0,0,9566,0,0,9566,364,9202,205,132,1339,2566,296,202,670,3103,630,,,59
13,802,krośnieński,50,45082,45080,2,31927,24890,7037,7035,2,3,37,0,0,0,0,0,0,0,7037,0,0,7037,323,6714,141,83,1042,1497,242,170,383,2185,920,,,51
13,803,międzyrzecki,58,47613,47613,0,34029,25584,8445,8445,0,1,85,0,0,0,0,0,0,0,8443,0,0,8443,459,7984,225,156,1804,1788,233,155,515,2489,552,,,67
13,804,nowosolski,54,69279,69278,1,49125,36815,12309,12309,0,4,58,0,0,0,0,0,0,0,12309,0,0,12309,440,11869,304,242,1777,3459,314,242,823,4033,591,,,84
13,805,słubicki,35,36968,36967,1,26050,20047,6003,6003,0,0,67,0,0,0,0,0,0,0,6002,0,0,6002,290,5712,158,86,923,1353,201,117,410,2044,349,,,71
13,806,strzelecko-drezdenecki,38,40219,40217,2,28354,22616,5738,5736,2,0,38,0,0,0,0,0,0,0,5736,0,0,5736,270,5466,134,80,744,1442,163,85,338,1808,632,,,40
13,807,sulęciński,36,28566,28566,0,20369,15699,4670,4670,0,2,29,1,1,0,0,0,0,1,4670,1,0,4670,220,4450,116,93,813,1220,107,84,305,1280,396,,,36
13,808,świebodziński,37,44516,44515,1,31436,23316,8120,8120,0,0,59,1,1,0,0,0,0,1,8120,1,0,8120,270,7850,155,129,1181,2106,191,137,611,2620,662,,,58
13,809,zielonogórski,60,75108,75108,0,53129,38871,14258,14258,0,5,71,0,0,0,0,0,0,0,14255,0,1,14254,572,13682,291,228,2315,3065,416,311,1069,4843,1023,,,121
13,810,żagański,55,65215,65215,0,46008,35468,10540,10540,0,0,54,0,0,0,0,0,0,0,10539,0,1,10538,393,10145,268,169,1645,2690,367,176,658,3439,660,,,73
13,811,żarski,67,78902,78901,1,55641,42009,13632,13631,1,3,46,0,0,0,0,0,0,0,13622,0,0,13622,592,13030,294,159,2311,3408,427,329,1032,4208,741,,,121
13,812,wschowski,32,31040,31040,0,21856,17009,4847,4847,0,0,34,0,0,0,0,0,0,0,4847,0,0,4847,202,4645,110,88,469,1608,112,98,365,1382,382,,,31
13,861,Gorzów Wielkopolski,68,98299,98299,0,70202,46747,23371,23371,0,4,71,0,0,0,0,0,0,0,23364,0,1,23363,672,22691,295,373,3872,6630,762,529,1662,7889,539,,,140
13,862,Zielona Góra,66,92670,92670,0,65806,38404,27401,27401,0,8,136,0,0,0,0,0,0,0,27391,0,2,27389,605,26784,334,261,4861,6103,769,601,1623,10507,1511,,,214
6,1001,bełchatowski,72,91831,91831,0,64720,44072,20648,20648,0,2,59,0,0,0,0,0,0,0,20647,0,0,20647,761,19886,544,469,2030,9239,299,383,1566,4160,920,106,60,110
6,1002,kutnowski,76,83286,83284,2,58969,43400,15569,15568,1,10,57,0,0,0,0,0,0,0,15567,0,1,15566,643,14923,1420,206,1242,5996,282,221,838,3567,958,95,36,62
6,1003,łaski,41,41446,41445,1,29264,20898,8366,8366,0,3,61,0,0,0,0,0,0,0,8365,0,0,8365,295,8070,176,66,604,3627,157,204,553,1904,621,59,30,69
6,1004,łęczycki,49,43529,43529,0,30984,23442,7542,7542,0,4,38,0,0,0,0,0,0,0,7540,0,0,7540,318,7222,248,62,506,3119,325,182,359,1480,824,47,33,37
6,1005,łowicki,71,65994,65994,0,46876,33293,13583,13583,0,2,41,0,0,0,0,0,0,0,13583,0,0,13583,519,13064,304,181,806,5377,194,482,1057,2402,2090,80,32,59
6,1006,łódzki wschodni,74,55522,55522,0,39174,24319,14855,14855,0,7,51,0,0,0,0,0,0,0,14853,0,0,14853,362,14491,356,155,808,6315,285,358,952,4536,549,70,18,89
6,1007,opoczyński,73,63128,63128,0,44515,29727,14788,14788,0,3,62,1,1,0,0,0,0,1,14786,1,0,14786,580,14206,513,131,660,7739,389,207,664,1577,2226,41,14,45
6,1008,pabianicki,91,97202,97201,1,68709,44201,24508,24507,1,9,71,0,0,0,0,0,0,0,24501,0,2,24499,642,23857,590,332,1783,8634,643,605,1593,8456,779,177,42,223
6,1009,pajęczański,37,42956,42956,0,30172,22928,7244,7244,0,0,43,0,0,0,0,0,0,0,7244,0,0,7244,293,6951,205,75,546,3440,163,105,495,1019,784,43,43,33
6,1010,piotrkowski,75,73131,73130,1,51521,37115,14406,14405,1,7,61,0,0,0,0,0,0,0,14404,0,0,14404,517,13887,503,176,1050,7394,168,228,716,1800,1674,74,37,67
6,1011,poddębicki,51,34642,34642,0,24247,17471,6776,6776,0,3,63,0,0,0,0,0,0,0,6776,0,1,6775,299,6476,138,63,403,2945,116,260,301,1291,871,23,42,23
6,1012,radomszczański,89,94997,94996,1,67198,49529,17669,17668,1,4,60,0,0,0,0,0,0,0,17667,0,0,17667,704,16963,862,381,1405,7547,340,236,958,3590,1423,119,35,67
6,1013,rawski,29,40244,40244,0,28429,19934,8495,8495,0,1,49,0,0,0,0,0,0,0,8494,0,1,8493,336,8157,127,116,344,4140,88,117,430,1226,1463,36,43,27
6,1014,sieradzki,92,98051,98049,2,69675,49608,20067,20067,0,5,101,0,0,0,0,0,0,0,20065,0,0,20065,788,19277,507,264,1787,7717,413,364,1303,4589,2043,97,96,97
6,1015,skierniewicki,38,30653,30652,1,21507,15244,6263,6263,0,3,24,0,0,0,0,0,0,0,6263,0,0,6263,234,6029,103,53,188,3418,67,81,390,565,1098,29,14,23
6,1016,tomaszowski,78,96429,96429,0,68198,46216,21980,21980,0,4,90,2,2,0,0,0,0,2,21982,2,2,21980,713,21267,397,188,1358,9842,763,409,1080,4926,2008,104,106,86
6,1017,wieluński,79,63272,63272,0,44562,30692,13870,13870,0,6,57,0,0,0,0,0,0,0,13869,0,0,13869,584,13285,250,112,849,5657,258,234,808,2366,2501,77,130,43
6,1018,wieruszowski,38,34125,34124,1,23982,17125,6857,6857,0,3,22,0,0,0,0,0,0,0,6857,0,1,6856,298,6558,183,69,450,2428,125,109,373,1085,1620,35,49,32
6,1019,zduńskowolski,42,54336,54334,2,38394,27140,11254,11254,0,2,26,0,0,0,0,0,0,0,11249,0,0,11249,347,10902,269,118,972,4386,237,296,687,3195,576,73,15,78
6,1020,zgierski,124,132745,132745,0,94021,63485,30536,30536,0,5,133,0,0,0,0,0,0,0,30530,0,0,30530,904,29626,635,359,2221,10475,703,715,1911,11026,1088,196,50,247
6,1021,brzeziński,39,24994,24994,0,17737,12381,5356,5356,0,1,18,0,0,0,0,0,0,0,5356,0,11,5345,159,5186,114,55,255,2420,85,80,312,1070,738,25,7,25
6,1061,Łódź,421,572680,572671,9,414421,246602,167801,167798,3,53,730,6,6,0,0,0,0,6,167734,6,14,167720,3510,164210,2429,1876,12453,46614,4995,4910,10175,76134,1787,1072,250,1515
6,1062,Piotrków Trybunalski,41,61824,61823,1,43780,29030,14750,14749,1,5,54,0,0,0,0,0,0,0,14745,0,3,14742,400,14342,229,121,1924,5669,264,293,856,4373,456,64,18,75
6,1063,Skierniewice,26,39013,39009,4,27572,17695,9877,9876,1,3,39,0,0,0,0,0,0,0,9877,0,0,9877,245,9632,176,108,700,3516,238,253,825,3137,518,104,12,45
10,1201,bocheński,76,82048,82048,0,57809,37867,19942,19942,0,3,79,0,0,0,0,0,0,0,19934,0,1,19933,738,19195,2178,251,768,8298,310,1387,1575,3224,1123,81,,
10,1202,brzeski,72,73230,73229,1,51896,33925,17971,17970,1,5,78,0,0,0,0,0,0,0,17968,0,0,17968,682,17286,1951,309,605,7712,290,1091,1455,2749,1056,68,,
10,1203,chrzanowski,89,103533,103533,0,72871,49730,23141,23141,0,7,56,0,0,0,0,0,0,0,23134,0,1,23133,854,22279,1269,295,2270,6491,1231,1166,1860,7017,547,133,,
10,1204,dąbrowski,54,47969,47969,0,33923,24576,9347,9347,0,2,26,0,0,0,0,0,0,0,9344,0,0,9344,352,8992,1228,76,325,3712,117,822,668,912,1094,38,,
10,1205,gorlicki,94,87623,87623,0,62048,41404,20644,20644,0,5,132,1,1,0,0,0,0,1,20639,1,0,20639,908,19731,2736,348,1188,8786,320,843,1322,3162,944,82,,
10,1206,krakowski,189,208684,208680,4,146967,96467,50499,50496,3,6,203,0,0,0,0,0,0,0,50473,0,4,50469,1689,48780,3927,542,2191,16394,1433,3899,4588,12897,2686,223,,
10,1207,limanowski,101,97390,97390,0,68735,43059,25676,25676,0,2,135,0,0,0,0,0,0,0,25671,0,2,25669,1075,24594,3060,300,492,10574,216,4603,1550,2314,1412,73,,
10,1208,miechowski,65,40980,40979,1,29266,21628,7638,7637,1,1,37,0,0,0,0,0,0,0,7634,0,0,7634,286,7348,671,113,670,2182,191,476,641,1082,1281,41,,
10,1209,myślenicki,81,95882,95881,1,67423,43393,24031,24030,1,6,96,1,1,0,0,0,0,1,24022,1,0,24022,838,23184,2561,222,736,9933,325,1699,2039,4867,694,108,,
10,1210,nowosądecki,166,161227,161227,0,112984,70132,42852,42852,0,12,574,0,0,0,0,0,0,0,42841,0,0,42841,1703,41138,8195,565,1038,19157,435,2020,2853,4870,1860,145,,
10,1211,nowotarski,154,148265,148265,0,104393,71090,33303,33303,0,6,326,0,0,0,0,0,0,0,33300,0,0,33300,1273,32027,6061,422,867,13345,521,1614,2507,5703,880,107,,
10,1212,olkuski,86,93135,93135,0,66181,44338,21843,21843,0,5,84,2,2,1,1,2,0,0,21837,0,1,21836,845,20991,1668,262,2961,6306,625,1099,1837,5510,628,95,,
10,1213,oświęcimski,105,125133,125132,1,88693,58065,30627,30627,0,13,68,3,3,0,0,0,0,3,30622,3,3,30619,1154,29465,2244,302,2612,9041,926,1472,2033,8946,1724,165,,
10,1214,proszowicki,41,35381,35381,0,25053,19182,5871,5871,0,1,22,0,0,0,0,0,0,0,5869,0,0,5869,226,5643,623,73,287,1781,156,247,393,749,1319,15,,
10,1215,suski,60,66429,66429,0,47047,32429,14618,14618,0,2,117,0,0,0,0,0,0,0,14616,0,0,14616,692,13924,1517,180,535,6069,263,807,1149,2597,719,88,,
10,1216,tarnowski,156,157172,157172,0,110922,75768,35154,35154,0,3,127,0,0,0,0,0,0,0,35143,0,5,35138,1500,33638,4177,441,1031,15010,447,3043,2515,4195,2630,149,,
10,1217,tatrzański,54,53904,53903,1,37917,24643,13274,13273,1,6,579,0,0,0,0,0,0,0,13272,0,2,13270,311,12959,1403,178,372,5203,262,691,830,3734,245,41,,
10,1218,wadowicki,105,125894,125894,0,89055,61518,27537,27537,0,4,140,0,0,0,0,0,0,0,27531,0,0,27531,1018,26513,2329,488,1556,10044,863,1474,1844,6576,1208,131,,
10,1219,wielicki,82,91183,91173,10,63991,40388,23603,23599,4,6,137,0,0,0,0,0,0,0,23598,0,2,23596,738,22858,2155,260,818,7041,526,2109,2208,6539,1100,102,,
10,1261,Kraków,485,589845,589801,44,434891,197863,236988,236958,30,62,2757,2,2,0,0,0,0,2,236903,2,61,236842,7740,229102,12597,2370,15839,58916,11075,15428,20890,86605,3542,1840,,
10,1262,Nowy Sącz,52,66797,66797,0,47693,27666,20027,20027,0,4,82,0,0,0,0,0,0,0,20023,0,0,20023,504,19519,2535,308,1203,7133,441,1011,1546,4916,361,65,,
10,1263,Tarnów,74,92870,92868,2,66165,40706,25457,25455,2,10,105,4,4,0,1,0,0,3,25450,3,0,25450,668,24782,1730,411,2215,8223,707,1713,2059,7041,574,109,,
5,1401,białobrzeski,24,27174,27174,0,19099,14513,4586,4586,0,1,46,0,0,0,0,0,0,0,4585,0,0,4585,211,4374,108,54,214,2153,68,68,287,729,693,,,
5,1402,ciechanowski,58,73500,73498,2,52078,38483,13595,13594,1,11,58,0,0,0,0,0,0,0,13593,0,0,13593,451,13142,404,266,1027,4773,308,229,934,2817,2384,,,
5,1403,garwoliński,101,85805,85803,2,60251,42818,17433,17431,2,1,103,0,0,0,0,0,0,0,17432,0,2,17430,542,16888,633,372,724,8432,380,377,1107,2346,2517,,,
5,1404,gostyniński,48,38066,38066,0,27388,20850,6538,6538,0,2,26,0,0,0,0,0,0,0,6535,0,0,6535,274,6261,156,75,438,2449,184,130,324,1168,1337,,,
4,1405,grodziski,55,68443,68439,4,48209,27839,20370,20369,1,13,129,0,0,0,0,0,0,0,20367,0,0,20367,491,19876,399,318,1024,5296,797,709,1267,6118,3800,,,148
5,1406,grójecki,78,79511,79511,0,56087,40067,16020,16020,0,2,95,0,0,0,0,0,0,0,16018,0,0,16018,513,15505,540,224,889,5902,342,288,1037,2515,3768,,,
5,1407,kozienicki,56,51714,51714,0,36501,26942,9559,9559,0,1,85,1,1,0,0,0,0,1,9558,1,0,9558,342,9216,340,168,579,4223,256,244,721,1810,875,,,
4,1408,legionowski,61,84462,84461,1,59256,35707,23548,23548,0,4,203,1,1,0,0,1,0,0,23546,0,3,23543,515,23028,613,370,1896,6821,1278,874,1565,8307,1142,,,162
5,1409,lipski,41,29902,29902,0,21345,16856,4489,4489,0,0,30,0,0,0,0,0,0,0,4489,0,0,4489,171,4318,109,95,453,1610,91,98,342,576,944,,,
5,1410,łosicki,33,26509,26508,1,18670,13707,4963,4963,0,3,43,0,0,0,0,0,0,0,4963,0,0,4963,137,4826,114,63,215,2036,77,108,348,466,1399,,,
5,1411,makowski,50,37592,37591,1,26598,19683,6915,6914,1,1,70,1,1,0,0,0,0,1,6915,1,1,6914,252,6662,183,92,424,2857,111,334,386,848,1427,,,
5,1412,miński,105,116425,116425,0,81698,53917,27781,27781,0,6,161,3,3,0,0,0,0,3,27780,3,0,27780,881,26899,706,563,1554,10361,923,654,2164,6725,3249,,,
5,1413,mławski,59,58909,58908,1,41613,32649,8964,8964,0,7,56,1,1,0,0,0,0,1,8965,1,1,8964,386,8578,262,160,734,3120,182,180,570,1752,1618,,,
4,1414,nowodworski,52,62587,62586,1,44047,31567,12480,12479,1,9,90,0,0,0,0,0,0,0,12479,0,0,12479,408,12071,389,245,1150,3629,564,538,739,3513,1227,,,77
5,1415,ostrołęcki,90,69962,69962,0,49283,37810,11473,11473,0,1,46,0,0,0,0,0,0,0,11472,0,0,11472,411,11061,383,166,300,5040,188,253,778,1361,2592,,,
5,1416,ostrowski,72,60378,60378,0,42600,30815,11785,11785,0,6,65,0,0,0,0,0,0,0,11785,0,0,11785,321,11464,346,152,556,5679,204,177,624,1718,2008,,,
4,1417,otwocki,83,96113,96107,6,67624,38957,28667,28666,1,7,166,0,0,0,0,0,0,0,28660,0,6,28654,705,27949,969,479,1356,10513,990,1009,2042,8182,2224,,,185
4,1418,piaseczyński,112,127224,127214,10,89553,50361,39192,39186,6,9,360,0,0,0,0,0,0,0,39182,0,1,39181,859,38322,895,511,2474,10379,2112,1553,2417,15939,1774,,,268
5,1419,płocki,109,87882,87882,0,62523,47804,14719,14719,0,2,72,0,0,0,0,0,0,0,14719,0,0,14719,706,14013,506,181,822,5270,348,369,841,2118,3558,,,
5,1420,płoński,73,71314,71314,0,50542,40253,10289,10289,0,3,122,0,0,0,0,0,0,0,10289,0,0,10289,446,9843,327,135,779,3627,287,195,595,1914,1984,,,
4,1421,pruszkowski,84,122706,122697,9,86088,46108,39979,39973,6,7,216,0,0,0,0,0,0,0,39968,0,8,39960,817,39143,960,682,2453,11752,1982,2301,2577,14790,1342,,,304
5,1422,przasnyski,61,42548,42548,0,30308,22750,7558,7558,0,1,40,0,0,0,0,0,0,0,7558,0,0,7558,281,7277,188,91,381,2722,125,528,483,986,1773,,,
5,1423,przysuski,37,35742,35741,1,25100,17374,7726,7726,0,11,71,0,0,0,0,0,0,0,7726,0,0,7726,312,7414,272,111,363,3682,137,202,442,701,1504,,,
5,1424,pułtuski,56,41030,41030,0,28975,21203,7773,7773,0,1,65,0,0,0,0,0,0,0,7772,0,0,7772,256,7516,185,81,711,2654,233,320,399,869,2064,,,
5,1425,radomski,112,119205,119204,1,84046,61193,22853,22853,0,1,72,0,0,0,0,0,0,0,22853,0,1,22852,791,22061,644,400,1127,11327,505,862,1616,3092,2488,,,
5,1426,siedlecki,71,64896,64896,0,45459,32530,12928,12928,0,8,34,0,0,0,0,0,0,0,12927,0,0,12927,378,12549,376,186,473,6025,194,251,1029,1075,2940,,,
5,1427,sierpecki,50,42812,42811,1,30447,23273,7174,7173,1,6,25,0,0,0,0,0,0,0,7174,0,0,7174,351,6823,186,73,764,2472,158,164,432,1012,1562,,,
5,1428,sochaczewski,65,67450,67450,0,47869,34812,13057,13057,0,2,43,1,1,0,0,0,0,1,13057,1,0,13057,462,12595,372,132,699,4502,311,261,926,2565,2827,,,
5,1429,sokołowski,50,46249,46249,0,32671,22386,10284,10284,0,3,48,0,0,0,0,0,0,0,10282,0,0,10282,316,9966,336,189,449,4528,202,171,671,1236,2184,,,
5,1430,szydłowiecki,29,32561,32561,0,22893,17077,5816,5816,0,0,27,0,0,0,0,0,0,0,5816,0,0,5816,279,5537,189,131,322,2944,110,99,356,940,446,,,
4,1432,warszawski zachodni,70,84341,84335,6,59011,33622,25389,25388,1,5,168,0,0,0,0,0,0,0,25381,0,0,25381,593,24788,619,398,1291,7725,1231,1007,1820,9672,859,,,166
5,1433,węgrowski,55,54800,54800,0,38515,27937,10578,10578,0,3,124,0,0,0,0,0,0,0,10577,0,0,10577,348,10229,357,195,491,4922,175,187,645,1663,1594,,,
4,1434,wołomiński,153,173072,173066,6,123003,77327,45674,45672,2,7,186,0,0,0,0,0,0,0,45668,0,5,45663,1130,44533,1941,876,2239,18776,1705,1685,3655,11652,1727,,,277
5,1435,wyszkowski,66,58259,58259,0,41021,29005,12016,12016,0,5,173,0,0,0,0,0,0,0,12016,0,0,12016,359,11657,377,377,408,4412,277,256,772,1746,3032,,,
5,1436,zwoleński,37,29985,29985,0,21141,16336,4805,4805,0,2,22,0,0,0,0,0,0,0,4804,0,0,4804,205,4599,124,134,339,2130,100,141,310,592,729,,,
5,1437,żuromiński,29,32564,32563,1,23181,18409,4772,4772,0,2,21,0,0,0,0,0,0,0,4771,0,0,4771,238,4533,163,42,423,1698,85,61,224,673,1164,,,
5,1438,żyrardowski,60,59831,59828,3,42724,29374,13350,13348,2,2,59,0,0,0,0,0,0,0,13346,0,1,13345,496,12849,393,201,808,4685,550,303,881,4064,964,,,
5,1461,Ostrołęka,29,42666,42664,2,30391,20141,10250,10249,1,2,41,0,0,0,0,0,0,0,10248,0,0,10248,319,9929,251,161,634,4354,292,189,815,2387,846,,,
5,1462,Płock,71,99810,99809,1,71458,48402,23056,23056,0,9,122,0,0,0,0,0,0,0,23048,0,2,23046,673,22373,536,275,2029,7182,1169,923,1426,7009,1824,,,
5,1463,Radom,114,174354,174354,0,123889,77144,46745,46745,0,8,116,0,0,0,0,0,0,0,46731,0,6,46725,1148,45577,1026,922,3352,19785,1638,1487,3535,12067,1765,,,
5,1464,Siedlce,43,61332,61331,1,43496,27480,16016,16016,0,2,65,0,0,0,0,0,0,0,16012,0,0,16012,480,15532,372,219,1166,6219,500,376,1651,3829,1200,,,
4,1465,Warszawa,882,1345374,1345214,160,949736,437124,512579,512496,83,136,5246,16,16,2,0,0,0,14,512240,14,153,512087,8740,503347,8340,7354,41872,133227,33287,19600,29236,220467,4742,,,5222
4,1499,Zagranica,174,36375,36372,3,42672,16726,25920,25918,2,0,1130,6001,4745,314,2,3,10,4441,30333,4430,35,30298,469,29829,463,1036,1255,8655,2241,920,4476,9828,261,,,694
12,1601,brzeski,79,73416,73416,0,52177,38242,13935,13935,0,6,46,0,0,0,0,0,0,0,13935,0,0,13935,463,13472,769,263,1347,4139,370,313,1053,4554,664,,,
12,1602,głubczycki,51,39050,39050,0,28101,21778,6323,6323,0,0,29,0,0,0,0,0,0,0,6323,0,0,6323,307,6016,436,77,524,2152,145,149,422,1764,347,,,
12,1603,kędzierzyńsko-kozielski,63,77880,77880,0,54953,41708,13245,13245,0,1,38,0,0,0,0,0,0,0,13242,0,0,13242,531,12711,707,217,1114,2718,475,328,1088,5632,432,,,
12,1604,kluczborski,62,55325,55325,0,39241,29902,9339,9339,0,4,49,0,0,0,0,0,0,0,9335,0,0,9335,347,8988,505,156,583,2299,209,203,637,2872,1524,,,
12,1605,krapkowicki,57,52893,52893,0,37242,30303,6939,6939,0,0,31,0,0,0,0,0,0,0,6939,0,0,6939,306,6633,372,78,466,1045,179,268,610,3315,300,,,
12,1606,namysłowski,55,34762,34762,0,24766,17873,6893,6893,0,2,31,0,0,0,0,0,0,0,6892,0,0,6892,338,6554,717,88,713,1597,136,159,373,2012,759,,,
12,1607,nyski,126,116892,116889,3,83125,61632,21493,21493,0,3,108,0,0,0,0,0,0,0,21487,0,0,21487,756,20731,1082,249,3145,6209,520,531,1485,5974,1536,,,
12,1608,oleski,58,54046,54046,0,38125,29975,8150,8150,0,0,71,0,0,0,0,0,0,0,8150,0,0,8150,376,7774,504,60,776,1592,234,235,579,2826,968,,,
12,1609,opolski,125,108871,108866,5,76448,59853,16595,16591,4,2,86,0,0,0,0,0,0,0,16595,0,0,16595,695,15900,975,193,1082,2804,450,597,1199,7630,970,,,
12,1610,prudnicki,72,46213,46212,1,32525,24584,7940,7940,0,3,15,0,0,0,0,0,0,0,7940,0,0,7940,348,7592,428,88,633,2127,202,195,627,2739,553,,,
12,1611,strzelecki,73,63716,63715,1,45436,36502,8934,8933,1,1,23,0,0,0,0,0,0,0,8933,0,0,8933,439,8494,621,114,564,1530,228,281,666,4134,356,,,
12,1661,Opole,72,96106,96104,2,69026,41777,27249,27247,2,9,136,0,0,0,0,0,0,0,27242,0,0,27242,740,26502,1198,312,2746,4782,791,693,1975,13365,640,,,
9,1801,bieszczadzki,30,18115,18115,0,12827,9383,3444,3444,0,0,63,0,0,0,0,0,0,0,3444,0,0,3444,105,3339,144,53,278,1200,83,84,199,893,405,,,
9,1802,brzozowski,59,53054,53054,0,37344,26301,11043,11043,0,1,48,1,1,0,0,0,0,1,11042,1,0,11042,399,10643,409,169,334,6045,124,266,698,1377,1221,,,
9,1803,dębicki,109,108130,108126,4,76539,52057,24482,24479,3,4,80,0,0,0,0,0,0,0,24481,0,0,24481,736,23745,1205,745,808,12417,385,1205,1732,3658,1590,,,
9,1804,jarosławski,113,98193,98193,0,69442,45927,23515,23515,0,7,100,0,0,0,0,0,0,0,23512,0,0,23512,850,22662,4389,338,942,9268,308,485,1307,2803,2822,,,
9,1805,jasielski,119,93974,93974,0,66553,43780,22773,22773,0,3,102,0,0,0,0,0,0,0,22769,0,1,22768,779,21989,1961,222,751,11231,320,1235,1550,3294,1425,,,
9,1806,kolbuszowski,64,50123,50123,0,35507,24206,11301,11301,0,3,27,1,1,0,0,0,0,1,11302,1,0,11302,325,10977,330,220,329,7195,150,205,877,961,710,,,
9,1807,krośnieński,102,90165,90165,0,63615,43918,19697,19697,0,2,121,0,0,0,0,0,0,0,19693,0,1,19692,608,19084,839,308,1048,9856,307,568,1458,3507,1193,,,
9,1808,leżajski,54,56088,56088,0,39728,25485,14243,14243,0,6,36,0,0,0,0,0,0,0,14243,0,0,14243,414,13829,869,297,325,8239,208,234,920,2175,562,,,
9,1809,lubaczowski,59,47003,47003,0,33186,23530,9656,9656,0,3,114,0,0,0,0,0,0,0,9656,0,0,9656,390,9266,1305,111,550,3556,162,188,628,1271,1495,,,
9,1810,łańcucki,57,63485,63484,1,44768,29023,15745,15745,0,5,63,0,0,0,0,0,0,0,15741,0,3,15738,415,15323,723,265,405,9064,263,685,1021,1759,1138,,,
9,1811,mielecki,117,108929,108928,1,77077,51177,25900,25899,1,8,54,0,0,0,0,0,0,0,25893,0,0,25893,640,25253,968,454,1273,13473,358,654,1531,4842,1700,,,
9,1812,niżański,65,54864,54864,0,38781,27604,11177,11177,0,5,42,0,0,0,0,0,0,0,11176,0,0,11176,393,10783,426,278,487,6117,182,243,1061,1333,656,,,
9,1813,przemyski,96,59472,59472,0,42115,29790,12325,12325,0,3,58,0,0,0,0,0,0,0,12323,0,0,12323,557,11766,1012,250,504,4910,277,636,705,2577,895,,,
9,1814,przeworski,72,63899,63898,1,44975,31455,13520,13520,0,11,49,1,1,0,0,0,0,1,13521,1,2,13519,504,13015,1602,204,501,6033,225,307,797,1497,1849,,,
9,1815,ropczycko-sędziszowski,69,58140,58140,0,40889,26163,14726,14726,0,3,31,0,0,0,0,0,0,0,14725,0,0,14725,456,14269,594,183,341,7995,147,310,941,1014,2744,,,
9,1816,rzeszowski,128,130414,130412,2,91736,57010,34726,34725,1,4,119,0,0,0,0,0,0,0,34715,0,4,34711,910,33801,1096,515,1329,20270,533,1896,2415,3784,1963,,,
9,1817,sanocki,73,78026,78025,1,55429,39011,16418,16417,1,5,45,1,1,1,0,0,0,0,16412,0,26,16386,496,15890,978,332,890,6524,284,543,965,3995,1379,,,
9,1818,stalowowolski,83,87941,87940,1,62076,42006,20070,20070,0,7,77,1,1,0,0,0,0,1,20068,1,4,20064,633,19431,770,384,1212,9245,346,739,1829,4401,505,,,
9,1819,strzyżowski,64,49899,49899,0,35119,24582,10537,10537,0,0,43,0,0,0,0,0,0,0,10536,0,0,10536,313,10223,639,234,304,5762,175,253,843,1253,760,,,
9,1820,tarnobrzeski,48,44273,44273,0,31487,21748,9739,9739,0,5,38,0,0,0,0,0,0,0,9738,0,0,9738,387,9351,376,175,347,4403,120,181,704,2500,545,,,
9,1821,leski,29,22870,22870,0,16361,10944,5417,5417,0,4,159,0,0,0,0,0,0,0,5417,0,0,5417,236,5181,193,92,262,2217,109,141,308,1381,478,,,
9,1861,Krosno,28,38815,38815,0,27621,17045,10576,10576,0,4,38,0,0,0,0,0,0,0,10575,0,1,10574,197,10377,258,182,632,4456,300,370,733,3087,359,,,
9,1862,Przemyśl,39,52467,52467,0,37512,24226,13286,13286,0,13,61,0,0,0,0,0,0,0,13286,0,4,13282,368,12914,707,303,812,4843,364,538,747,4263,337,,,
9,1863,Rzeszów,93,142640,142634,6,101938,55742,46196,46194,2,10,295,2,2,1,0,0,0,1,46188,1,5,46183,868,45315,1101,577,3354,18647,1858,1674,3868,12437,1799,,,
9,1864,Tarnobrzeg,34,39550,39548,2,27968,17975,9993,9991,2,3,23,0,0,0,0,0,0,0,9990,0,1,9989,263,9726,618,313,743,3281,238,180,637,3319,397,,,
3,2001,augustowski,44,47820,47819,1,33183,24719,8464,8464,0,2,67,0,0,0,0,0,0,0,8459,0,0,8459,230,8229,183,89,594,3627,187,195,502,1760,1015,33,44,
3,2002,białostocki,123,116248,116247,1,83151,57422,25729,25728,1,5,124,0,0,0,0,0,0,0,25724,0,1,25723,661,25062,773,588,1733,11625,605,830,1950,5050,1740,102,66,
3,2003,bielski,50,48226,48226,0,33838,24016,9822,9822,0,10,59,0,0,0,0,0,0,0,9817,0,2,9815,234,9581,205,113,1552,4773,236,479,501,1048,631,21,22,
3,2004,grajewski,43,39337,39337,0,27497,20596,6901,6901,0,3,50,0,0,0,0,0,0,0,6901,0,0,6901,239,6662,130,177,257,2473,120,80,365,948,2071,12,29,
3,2005,hajnowski,47,39336,39335,1,28091,22119,5972,5972,0,1,74,2,2,0,0,0,0,2,5973,2,0,5973,236,5737,83,84,1975,1025,248,89,412,1232,547,24,18,
3,2006,kolneński,42,31766,31766,0,22349,16877,5472,5472,0,4,16,0,0,0,0,0,0,0,5472,0,0,5472,192,5280,139,118,173,2145,100,81,299,545,1633,20,27,
3,2007,łomżyński,53,41522,41522,0,29107,21918,7189,7189,0,0,46,0,0,0,0,0,0,0,7186,0,0,7186,225,6961,243,137,318,3784,91,137,437,594,1167,24,29,
3,2008,moniecki,32,34672,34670,2,24738,18975,5763,5762,1,2,32,0,0,0,0,0,0,0,5763,0,0,5763,190,5573,164,104,203,2420,87,115,320,864,1253,15,28,
3,2009,sejneński,23,17185,17184,1,12136,9479,2657,2656,1,1,70,0,0,0,0,0,0,0,2657,0,0,2657,79,2578,48,36,249,834,55,46,155,607,525,8,15,
3,2010,siemiatycki,48,39342,39339,3,28159,20842,7317,7316,1,4,52,0,0,0,0,0,0,0,7315,0,0,7315,211,7104,176,120,905,3139,120,136,380,1277,797,21,33,
3,2011,sokólski,66,58273,58272,1,41211,30298,10913,10913,0,4,103,0,0,0,0,0,0,0,10913,0,2,10911,344,10567,243,157,570,4080,183,204,674,1398,2987,31,40,
3,2012,suwalski,33,29127,29127,0,20168,15665,4503,4503,0,2,54,0,0,0,0,0,0,0,4500,0,0,4500,145,4355,130,73,281,1820,118,115,333,721,704,17,43,
3,2013,wysokomazowiecki,60,47998,47998,0,33605,22525,11080,11080,0,6,68,0,0,0,0,0,0,0,11078,0,0,11078,277,10801,270,172,329,7200,114,150,514,1049,867,29,107,
3,2014,zambrowski,45,36800,36800,0,25777,18041,7736,7736,0,0,128,0,0,0,0,0,0,0,7735,0,0,7735,348,7387,234,167,374,3641,158,127,457,1111,1018,34,66,
3,2061,Białystok,184,228876,228876,0,159916,93589,66324,66324,0,15,319,3,3,0,0,0,0,3,66302,3,5,66297,1465,64832,1023,1133,6873,25339,2156,2253,5564,18386,1712,310,83,
3,2062,Łomża,32,49512,49512,0,34899,23942,10958,10958,0,3,49,0,0,0,0,0,0,0,10955,0,0,10955,241,10714,202,206,848,4857,241,299,826,2541,654,25,15,
3,2063,Suwałki,38,54990,54990,0,38380,27187,11193,11193,0,3,75,1,1,0,0,0,0,1,11191,1,0,11191,271,10920,227,213,1187,4416,331,317,864,2986,333,30,16,
1,2201,bytowski,69,60973,60970,3,43375,32083,11292,11292,0,2,91,0,0,0,0,0,0,0,11291,0,0,11291,442,10849,344,113,952,3489,229,264,658,4144,541,42,,73
1,2202,chojnicki,68,74135,74135,0,52661,36860,15800,15800,0,4,141,0,0,0,0,0,0,0,15797,0,0,15797,640,15157,585,155,1142,5089,359,356,902,5759,680,56,,74
1,2203,człuchowski,55,46468,46468,0,33568,25542,8026,8026,0,1,47,1,0,0,0,0,0,0,8026,0,0,8026,385,7641,228,77,877,1384,246,192,431,2937,1199,21,,49
1,2204,gdański,57,78112,78111,1,55111,35360,19751,19750,1,3,112,1,1,0,0,0,0,1,19749,1,1,19748,532,19216,391,230,1246,4117,419,392,1406,9668,1107,83,,157
1,2205,kartuski,75,90892,90889,3,64138,39974,24164,24161,3,4,248,0,0,0,0,0,0,0,24159,0,0,24159,704,23455,865,301,881,7966,362,657,1374,10074,788,76,,111
1,2206,kościerski,48,54110,54109,1,38125,25804,12321,12320,1,1,146,0,0,0,0,0,0,0,12319,0,0,12319,406,11913,439,169,848,4290,196,314,562,4393,623,29,,50
1,2207,kwidzyński,65,64805,64805,0,46183,34398,11785,11785,0,5,56,0,0,0,0,0,0,0,11784,0,0,11784,411,11373,317,158,1333,3055,274,193,763,4735,450,39,,56
1,2208,lęborski,47,50966,50965,1,36031,24849,11182,11182,0,3,146,0,0,0,0,0,0,0,11181,0,1,11180,436,10744,296,130,1237,2755,327,168,778,4652,321,33,,47
1,2209,malborski,40,50472,50470,2,36100,26323,9777,9776,1,3,31,0,0,0,0,0,0,0,9775,0,0,9775,354,9421,340,131,1343,2067,230,229,576,4083,317,42,,63
1,2210,nowodworski,30,28988,28984,4,20456,15474,4982,4980,2,1,270,0,0,0,0,0,0,0,4980,0,0,4980,175,4805,152,71,480,1016,92,106,316,2202,333,11,,26
1,2211,pucki,55,62898,62896,2,44096,28290,15805,15804,1,3,609,2,2,0,0,0,0,2,15800,2,1,15799,582,15217,563,179,991,3783,359,335,1087,7236,545,66,,73
1,2212,słupski,89,75893,75893,0,53973,41492,12481,12481,0,1,322,1,1,0,0,0,0,1,12481,1,1,12480,540,11940,570,139,1198,2720,568,274,750,4879,738,33,,71
1,2213,starogardzki,95,97403,97403,0,69786,49858,19928,19928,0,8,174,0,0,0,0,0,0,0,19927,0,0,19927,747,19180,597,278,1635,6160,411,329,1078,6515,2017,77,,83
1,2214,tczewski,76,88527,88527,0,63047,43679,19368,19368,0,8,56,0,0,0,0,0,0,0,19362,0,0,19362,785,18577,519,262,1455,5249,408,463,1352,8070,632,72,,95
1,2215,wejherowski,117,153220,153218,2,108764,67913,40851,40849,2,8,160,0,0,0,0,0,0,0,40841,0,1,40840,1329,39511,1109,455,2236,11367,999,892,2894,17473,1661,150,,275
1,2216,sztumski,41,34278,34276,2,24820,19382,5438,5438,0,2,11,0,0,0,0,0,0,0,5434,0,1,5433,320,5113,393,81,607,1042,165,88,300,2094,290,21,,32
1,2261,Gdańsk,227,357280,357264,16,254066,125651,128407,128395,12,23,1163,6,6,1,0,0,0,5,128315,5,25,128290,2406,125884,1991,1217,8633,29364,2806,2409,8380,68179,1455,465,,985
1,2262,Gdynia,121,193546,193542,4,137813,67856,69957,69955,2,19,405,5,5,0,0,0,0,5,69922,5,11,69911,1448,68463,1025,880,5265,15304,1777,1242,4866,36620,719,304,,461
1,2263,Słupsk,46,74991,74990,1,53150,35409,17741,17741,0,4,61,0,0,0,0,0,0,0,17738,0,3,17735,498,17237,485,185,2037,4461,853,364,1131,7396,211,35,,79
1,2264,Sopot,22,31145,31133,12,21984,8564,13420,13416,4,9,368,0,0,0,0,0,0,0,13416,0,6,13410,178,13232,116,122,755,2916,265,268,685,7779,185,64,,77
1,2299,statki,5,210,210,0,470,269,201,201,0,0,18,0,0,0,0,0,0,0,201,0,0,201,24,177,4,4,13,26,5,4,35,74,5,1,,6
11,2401,będziński,106,123730,123729,1,87776,60757,27019,27019,0,0,113,0,0,0,0,0,0,0,27017,0,1,27016,945,26071,720,285,4959,5439,1179,498,2465,9779,436,122,,189
11,2402,bielski,95,127267,127265,2,90896,55742,35154,35153,1,10,186,1,1,0,0,0,0,1,35141,1,0,35141,973,34168,1394,461,1957,11592,792,1098,2790,12409,1427,119,,129
11,2403,cieszyński,127,140569,140565,4,102479,66353,36126,36123,3,16,517,1,1,0,0,0,0,1,36123,1,3,36120,1047,35073,1208,326,2607,9372,1107,912,2804,15471,1019,100,,147
11,2404,częstochowski,119,111287,111287,0,81357,61864,19493,19493,0,2,107,0,0,0,0,0,0,0,19491,0,0,19491,706,18785,856,287,1978,6021,583,437,1961,4839,1650,82,,91
11,2405,gliwicki,76,91655,91655,0,65163,46441,18722,18722,0,1,40,0,0,0,0,0,0,0,18718,0,0,18718,617,18101,775,209,1198,4570,637,664,1526,7924,436,77,,85
11,2406,kłobucki,71,70298,70297,1,51226,39871,11354,11354,0,0,59,0,0,0,0,0,0,0,11355,0,0,11355,492,10863,390,116,1006,3578,299,227,1204,2742,1229,26,,46
11,2407,lubliniecki,57,62934,62934,0,46070,33823,12247,12247,0,5,74,1,1,0,0,0,0,1,12245,1,1,12244,470,11774,523,116,621,3766,322,579,992,4377,372,39,,67
11,2408,mikołowski,70,75407,75405,2,53464,33876,19588,19587,1,4,30,0,0,0,0,0,0,0,19586,0,0,19586,501,19085,493,172,1036,6270,664,536,1607,7925,199,87,,96
11,2409,myszkowski,55,58880,58880,0,42659,31537,11122,11122,0,5,94,0,0,0,0,0,0,0,11122,0,0,11122,373,10749,353,91,1095,3915,304,173,1130,3181,428,25,,54
11,2410,pszczyński,76,85010,85010,0,60716,39735,20981,20981,0,5,57,0,0,0,0,0,0,0,20979,0,1,20978,607,20371,951,181,1122,7698,628,591,1876,6799,395,63,,67
11,2411,raciborski,71,88087,88086,1,63110,46781,16329,16329,0,2,55,1,1,0,0,0,0,1,16325,1,1,16324,504,15820,653,139,1011,3769,486,692,1491,7213,235,59,,72
11,2412,rybnicki,48,60479,60479,0,42684,30495,12189,12189,0,4,16,0,0,0,0,0,0,0,12184,0,0,12184,407,11777,492,121,613,4236,307,345,995,4482,105,39,,42
11,2413,tarnogórski,93,111639,111638,1,79551,53094,26456,26455,1,5,75,0,0,0,0,0,0,0,26454,0,0,26454,786,25668,972,248,1559,6795,969,671,2147,10691,1399,89,,128
11,2414,bieruńsko-lędziński,41,46006,46006,0,32150,20834,11316,11316,0,2,47,0,0,0,0,0,0,0,11315,0,2,11313,348,10965,582,122,584,4124,341,295,1133,3554,135,47,,48
11,2415,wodzisławski,99,125142,125141,1,89795,62806,26989,26988,1,2,54,0,0,0,0,0,0,0,26986,0,1,26985,770,26215,955,344,1775,8706,830,940,2248,9617,584,82,,134
11,2416,zawierciański,103,100653,100653,0,73215,53653,19562,19562,0,5,113,0,0,0,0,0,0,0,19561,0,0,19561,649,18912,674,241,2646,4822,644,362,1758,5464,2165,62,,74
11,2417,żywiecki,110,122441,122441,0,87150,58080,29070,29070,0,7,303,0,0,0,0,0,0,0,29064,0,0,29064,1057,28007,2260,371,1299,11558,495,863,2167,8057,764,81,,92
11,2461,Bielsko-Biała,79,138243,138239,4,97446,53064,44277,44274,3,10,189,3,3,0,0,0,0,3,44254,3,0,44254,881,43373,1491,613,2922,13158,1194,1457,3467,18168,556,133,,214
11,2462,Bytom,80,131420,131420,0,93987,67964,26023,26023,0,0,57,0,0,0,0,0,0,0,26021,0,0,26021,789,25232,882,313,2335,5622,1232,705,2333,10909,635,103,,163
11,2463,Chorzów,61,86320,86319,1,60238,39507,20730,20730,0,5,78,0,0,0,0,0,0,0,20730,0,0,20730,577,20153,679,176,1657,3808,1022,467,1773,10246,115,60,,150
11,2464,Częstochowa,136,188799,188798,1,140571,92577,47992,47991,1,3,225,1,1,0,0,0,0,1,47977,1,16,47961,1112,46849,1469,536,5470,15122,1628,1005,4324,16267,604,183,,241
11,2465,Dąbrowa Górnicza,67,101083,101082,1,71481,49355,22126,22126,0,1,56,1,1,0,0,0,0,1,22116,1,0,22116,602,21514,673,229,4620,4613,916,501,1874,7660,207,98,,123
11,2466,Gliwice,120,147464,147461,3,105393,64446,40946,40944,2,11,135,3,3,0,0,0,0,3,40940,3,3,40937,892,40045,1130,422,3308,8402,1655,1405,3356,19663,305,138,,261
11,2467,Jastrzębie-Zdrój,44,72793,72793,0,52003,34648,17355,17355,0,3,57,0,0,0,0,0,0,0,17348,0,2,17346,498,16848,1039,310,1667,5826,452,289,1459,5526,176,54,,50
11,2468,Jaworzno,46,75944,75943,1,53649,36903,16746,16745,1,2,44,0,0,0,0,0,0,0,16745,0,0,16745,532,16213,646,186,1881,4468,648,565,1527,5928,195,51,,118
11,2469,Katowice,168,243538,243535,3,174762,98945,75816,75816,0,16,363,3,3,0,0,0,0,3,75782,3,0,75782,1799,73983,1991,553,5831,16010,3885,1805,6001,36133,805,339,,630
11,2470,Mysłowice,41,59208,59207,1,42237,27389,14848,14847,1,3,32,1,1,0,0,0,0,1,14846,1,0,14846,461,14385,555,154,1323,3845,717,330,1199,5878,179,98,,107
11,2471,Piekary Śląskie,32,45576,45576,0,33155,23271,9884,9884,0,0,34,0,0,0,0,0,0,0,9882,0,0,9882,368,9514,373,106,654,2638,404,225,830,4108,103,31,,42
11,2472,Ruda Śląska,79,112031,112029,2,79430,55025,24405,24403,2,5,36,0,0,0,0,0,0,0,24401,0,2,24399,769,23630,916,275,1922,6721,1124,618,1906,9678,243,108,,119
11,2473,Rybnik,70,110024,110024,0,78798,52017,26781,26781,0,4,57,1,1,0,0,0,0,1,26781,1,0,26781,663,26118,814,236,1495,8383,920,580,2394,10861,230,108,,97
11,2474,Siemianowice Śląskie,40,54852,54852,0,38919,25807,13112,13112,0,0,17,0,0,0,0,0,0,0,13110,0,1,13109,372,12737,355,134,1208,2611,666,283,1149,6066,102,50,,113
11,2475,Sosnowiec,117,173346,173346,0,123423,81008,42415,42415,0,5,100,1,1,0,0,0,0,1,42407,1,0,42407,1206,41201,1277,421,9945,8727,1759,747,3317,14165,381,178,,284
11,2476,Świętochłowice,25,40799,40799,0,29077,20697,8380,8380,0,1,10,0,0,0,0,0,0,0,8374,0,0,8374,251,8123,213,71,696,1825,407,256,668,3822,55,26,,84
11,2477,Tychy,66,102929,102928,1,73383,44681,28702,28702,0,6,87,0,0,0,0,0,0,0,28696,0,0,28696,737,27959,1255,324,2119,7642,1172,781,2350,11809,199,124,,184
11,2478,Zabrze,92,140015,140015,0,100590,73323,27267,27267,0,6,84,1,1,0,0,0,0,1,27258,1,0,27258,874,26384,900,444,2589,5647,1181,887,2321,11830,280,127,,178
11,2479,Żory,33,47870,47870,0,33847,22729,11118,11118,0,0,41,0,0,0,0,0,0,0,11117,0,0,11117,363,10754,462,149,835,3216,353,265,1031,4237,132,36,,38
10,2601,buski,63,61505,61505,0,43897,32199,11698,11698,0,1,284,0,0,0,0,0,0,0,11697,0,0,11697,420,11277,665,111,1043,3198,215,392,703,1759,3149,42,,
10,2602,jędrzejowski,76,71898,71898,0,50800,37905,12895,12895,0,1,75,0,0,0,0,0,0,0,12894,0,0,12894,586,12308,843,227,1275,4160,305,378,771,1926,2372,51,,
10,2603,kazimierski,31,29264,29264,0,20731,15894,4837,4837,0,1,27,0,0,0,0,0,0,0,4837,0,0,4837,190,4647,659,51,358,1087,80,116,208,475,1602,11,,
10,2604,kielecki,180,165397,165396,1,117416,83865,33551,33550,1,12,142,0,0,0,0,0,0,0,33548,0,1,33547,1351,32196,3256,531,2239,11026,670,941,2231,5949,5231,122,,
10,2605,konecki,74,69267,69267,0,49288,35674,13614,13614,0,2,98,0,0,0,0,0,0,0,13614,0,0,13614,585,13029,1639,171,1900,4367,256,360,705,2244,1355,32,,
10,2606,opatowski,53,45169,45169,0,31701,21088,10613,10613,0,8,94,0,0,0,0,0,0,0,10612,0,0,10612,676,9936,536,105,757,2621,175,275,498,878,4051,40,,
10,2607,ostrowiecki,78,94198,94198,0,67119,50080,17039,17039,0,3,55,0,0,0,0,0,0,0,17039,0,1,17038,664,16374,944,298,2401,5111,608,587,1055,3876,1419,75,,
10,2608,pińczowski,35,34550,34550,0,24774,18683,6091,6091,0,4,28,0,0,0,0,0,0,0,6091,0,0,6091,244,5847,383,83,641,1347,192,156,415,964,1641,25,,
10,2609,sandomierski,62,66464,66464,0,47067,34590,12477,12477,0,8,125,2,2,1,0,0,0,1,12478,1,0,12478,435,12043,704,230,1556,3876,229,351,781,1941,2337,38,,
10,2610,skarżyski,57,65703,65703,0,46459,32384,14075,14075,0,6,65,0,0,0,0,0,0,0,14073,0,0,14073,456,13617,804,200,1317,4692,353,453,921,4105,697,75,,
10,2611,starachowicki,66,77174,77174,0,54739,40372,14367,14367,0,10,49,0,0,0,0,0,0,0,14361,0,0,14361,422,13939,936,260,1623,4915,347,504,1041,3338,915,60,,
10,2612,staszowski,69,60431,60430,1,42911,31970,10940,10940,0,2,70,0,0,0,0,0,0,0,10939,0,0,10939,440,10499,742,118,887,3522,124,319,805,1486,2466,30,,
10,2613,włoszczowski,41,38226,38226,0,27114,19998,7116,7116,0,4,50,2,2,1,0,0,0,1,7116,1,0,7116,286,6830,467,111,540,2725,128,207,566,856,1205,25,,
10,2661,Kielce,93,163125,163124,1,116122,66174,49948,49947,1,11,172,0,0,0,0,0,0,0,49938,0,2,49936,1215,48721,3040,718,5632,13626,1855,1525,3331,16328,2474,192,,
3,2801,bartoszycki,42,50357,50357,0,36131,28969,7162,7162,0,3,41,0,0,0,0,0,0,0,7162,0,0,7162,321,6841,201,101,983,1695,346,130,459,2262,572,34,58,
3,2802,braniewski,36,34821,34820,1,24216,18599,5617,5616,1,2,44,0,0,0,0,0,0,0,5617,0,0,5617,259,5358,150,63,690,1305,630,145,336,1534,433,24,48,
3,2803,działdowski,55,52758,52758,0,37153,29554,7599,7599,0,2,39,0,0,0,0,0,0,0,7599,0,0,7599,349,7250,285,109,760,2468,229,154,382,1939,848,37,39,
3,2804,elbląski,43,46107,46107,0,32359,26496,5863,5863,0,0,28,0,0,0,0,0,0,0,5862,0,0,5862,230,5632,188,79,557,1490,286,137,435,1848,542,26,44,
3,2805,ełcki,55,69153,69152,1,48263,37173,11090,11089,1,1,89,0,0,0,0,0,0,0,11090,0,0,11090,367,10723,267,209,1155,3544,338,228,968,3304,642,42,26,
3,2806,giżycki,50,46687,46686,1,31732,23851,7881,7881,0,2,158,0,0,0,0,0,0,0,7878,0,0,7878,289,7589,234,96,856,1806,378,140,674,2705,637,29,34,
3,2807,iławski,69,73809,73809,0,50845,39035,11810,11810,0,1,55,1,1,1,0,0,0,0,11808,0,0,11808,586,11222,406,184,1262,3212,547,205,741,3682,864,40,79,
3,2808,kętrzyński,60,53758,53758,0,37370,29709,7661,7661,0,3,56,1,1,0,0,0,0,1,7660,1,0,7660,296,7364,212,120,1102,2016,337,113,448,2346,580,30,60,
3,2809,lidzbarski,34,34313,34312,1,24250,18998,5252,5252,0,0,34,0,0,0,0,0,0,0,5252,0,0,5252,223,5029,138,79,610,1351,189,110,447,1715,350,17,23,
3,2810,mrągowski,41,40868,40861,7,27923,21354,6569,6569,0,0,172,0,0,0,0,0,0,0,6568,0,0,6568,220,6348,140,74,657,1697,204,121,552,2089,766,26,22,
3,2811,nidzicki,31,26809,26809,0,18212,14502,3709,3709,0,2,35,0,0,0,0,0,0,0,3709,0,0,3709,129,3580,116,48,561,1222,123,71,221,862,320,17,19,
3,2812,nowomiejski,32,34540,34540,0,24565,19048,5516,5516,0,1,22,0,0,0,0,0,0,0,5515,0,0,5515,306,5209,300,60,399,1717,154,111,273,1196,897,31,71,
3,2813,olecki,38,27540,27540,0,18625,14743,3882,3882,0,3,30,1,1,0,0,0,0,1,3883,1,0,3883,124,3759,80,54,341,1147,175,282,240,1029,385,13,13,
3,2814,olsztyński,129,97232,97230,2,66708,49865,16843,16841,2,4,198,0,0,0,0,0,0,0,16839,0,0,16839,653,16186,422,282,2053,3860,734,383,1302,5384,1612,83,71,
3,2815,ostródzki,84,84232,84228,4,59096,46522,12574,12571,3,1,104,0,0,0,0,0,0,0,12571,0,0,12571,560,12011,297,147,1568,3448,498,264,781,4222,688,62,36,
3,2816,piski,44,46146,46146,0,31514,23710,7804,7804,0,1,190,0,0,0,0,0,0,0,7804,0,0,7804,291,7513,207,198,540,2287,249,126,421,1870,1582,18,15,
3,2817,szczycieński,73,56791,56791,0,38327,28881,9446,9446,0,2,195,1,1,0,0,0,0,1,9445,1,0,9445,441,9004,261,138,984,2487,310,157,557,2151,1898,36,25,
3,2818,gołdapski,23,22075,22075,0,15095,12281,2814,2814,0,1,44,0,0,0,0,0,0,0,2814,0,0,2814,91,2723,81,16,453,678,98,88,180,861,246,13,9,
3,2819,węgorzewski,25,19467,19466,1,13640,10906,2734,2733,1,0,44,0,0,0,0,0,0,0,2733,0,0,2733,127,2606,160,31,408,559,79,57,161,906,223,10,12,
3,2861,Elbląg,62,97070,97068,2,67928,47471,20457,20457,0,5,53,1,1,0,0,0,0,1,20453,1,4,20449,592,19857,764,210,2183,5776,781,456,1423,7663,498,69,34,
3,2862,Olsztyn,100,134724,134719,5,95201,57310,37892,37892,0,5,247,3,3,0,0,0,0,3,37883,3,1,37882,989,36893,827,477,4879,9379,1495,879,2858,13856,1984,161,98,
7,3001,chodzieski,35,37681,37681,0,26324,18443,7881,7881,0,3,29,0,0,0,0,0,0,0,7881,0,0,7881,425,7456,238,88,1089,1503,496,195,463,2652,732,,,
7,3002,czarnkowsko-trzcianecki,68,69258,69257,1,48016,36046,11970,11969,1,3,62,0,0,0,0,0,0,0,11970,0,0,11970,576,11394,372,116,1304,3042,642,276,805,3764,1073,,,
7,3003,gnieźnieński,90,114589,114588,1,80091,55251,24840,24840,0,7,89,2,2,0,0,0,0,2,24836,2,1,24835,1162,23673,897,363,5788,6223,914,581,1484,6050,1373,,,
7,3004,gostyński,56,60992,60992,0,42323,32194,10129,10129,0,0,25,0,0,0,0,0,0,0,10128,0,0,10128,454,9674,391,143,1232,2668,423,234,749,2025,1809,,,
7,3005,grodziski,30,39494,39494,0,27398,20883,6515,6515,0,0,22,0,0,0,0,0,0,0,6514,0,0,6514,410,6104,232,124,598,1533,252,166,384,1796,1019,,,
7,3006,jarociński,41,56891,56889,2,39489,27950,11539,11538,1,5,22,0,0,0,0,0,0,0,11536,0,0,11536,817,10719,430,132,1204,2982,797,253,733,2472,1716,,,
7,3007,kaliski,64,66069,66069,0,45906,34407,11499,11499,0,3,24,0,0,0,0,0,0,0,11499,0,0,11499,457,11042,590,122,1911,3496,265,270,664,1400,2324,,,
7,3008,kępiński,43,44736,44736,0,31156,20211,10945,10945,0,2,52,0,0,0,0,0,0,0,10945,0,0,10945,431,10514,728,63,358,1686,270,128,430,1287,5564,,,
7,3009,kolski,62,71980,71980,0,49929,37861,12068,12068,0,2,31,0,0,0,0,0,0,0,12067,0,0,12067,516,11551,550,185,1155,4308,422,302,895,2122,1612,,,
7,3010,koniński,95,101798,101797,1,70205,54229,15976,15976,0,2,110,0,0,0,0,0,0,0,15970,0,2,15968,855,15113,685,158,1401,5589,558,457,1012,3151,2102,,,
7,3011,kościański,56,62959,62957,2,44087,32400,11686,11685,1,2,19,0,0,0,0,0,0,0,11685,0,0,11685,655,11030,369,117,1429,2885,456,253,754,3381,1386,,,
7,3012,krotoszyński,49,61396,61396,0,43022,30843,12179,12179,0,1,47,0,0,0,0,0,0,0,12179,0,0,12179,556,11623,568,87,1414,2669,341,214,637,2313,3380,,,
7,3013,leszczyński,37,42040,42040,0,29022,22029,6993,6993,0,0,43,0,0,0,0,0,0,0,6993,0,0,6993,384,6609,223,88,944,1645,255,188,538,1719,1009,,,
7,3014,międzychodzki,22,29199,29199,0,20207,15341,4866,4866,0,0,47,0,0,0,0,0,0,0,4866,0,0,4866,281,4585,164,63,967,911,232,119,275,1402,452,,,
7,3015,nowotomyski,49,57979,57978,1,40203,28772,11431,11430,1,0,42,0,0,0,0,0,0,0,11427,0,0,11427,614,10813,399,136,1179,2584,484,233,694,3863,1241,,,
7,3016,obornicki,43,45531,45531,0,31653,22430,9223,9223,0,6,44,0,0,0,0,0,0,0,9219,0,4,9215,473,8742,387,199,1035,1833,807,193,491,2801,996,,,
7,3017,ostrowski,109,129619,129619,0,90377,62707,27670,27670,0,5,74,2,2,0,0,0,0,2,27671,2,0,27671,1136,26535,2467,235,2314,6866,1015,509,1798,6635,4696,,,
7,3018,ostrzeszowski,56,43839,43839,0,30525,20663,9862,9862,0,4,53,0,0,0,0,0,0,0,9858,0,0,9858,439,9419,631,64,660,1476,293,159,540,1116,4480,,,
7,3019,pilski,90,108274,108274,0,75433,51230,24202,24202,0,4,90,0,0,0,0,0,0,0,24196,0,0,24196,1060,23136,679,312,2901,6100,1406,920,1726,7606,1486,,,
7,3020,pleszewski,55,50046,50046,0,35127,26528,8599,8599,0,1,23,0,0,0,0,0,0,0,8595,0,0,8595,426,8169,391,117,821,2098,293,143,553,1903,1850,,,
7,3021,poznański,215,267608,267600,8,184238,111926,72307,72302,5,13,295,0,0,0,0,0,0,0,72292,0,3,72289,2483,69806,1600,786,7703,14134,3518,2259,5161,31080,3565,,,
7,3022,rawicki,45,48304,48304,0,33969,25675,8294,8294,0,2,39,0,0,0,0,0,0,0,8293,0,0,8293,438,7855,288,117,1440,1726,397,144,580,1896,1267,,,
7,3023,słupecki,42,48003,48002,1,33265,24724,8541,8541,0,1,45,0,0,0,0,0,0,0,8540,0,0,8540,469,8071,310,96,977,2197,373,183,487,1498,1950,,,
7,3024,szamotulski,54,71559,71557,2,50209,36744,13465,13465,0,8,49,0,0,0,0,0,0,0,13461,0,0,13461,706,12755,367,176,2034,2930,606,410,766,4343,1123,,,
7,3025,średzki,39,44737,44737,0,31040,22382,8658,8658,0,0,34,0,0,0,0,0,0,0,8656,0,0,8656,446,8210,210,106,1083,2009,392,165,775,2212,1258,,,
7,3026,śremski,40,47507,47507,0,33122,23639,9483,9483,0,1,23,0,0,0,0,0,0,0,9476,0,0,9476,454,9022,338,109,1312,2245,445,222,653,2742,956,,,
7,3027,turecki,62,67660,67657,3,46815,34603,12212,12211,1,1,52,1,1,0,0,0,0,1,12213,1,1,12212,567,11645,490,170,1258,4500,467,311,832,2213,1404,,,
7,3028,wągrowiecki,45,54272,54272,0,37744,27966,9778,9778,0,7,45,0,0,0,0,0,0,0,9778,0,0,9778,510,9268,370,149,1404,2079,438,218,582,2739,1289,,,
7,3029,wolsztyński,40,44273,44272,1,30682,22428,8254,8254,0,1,47,0,0,0,0,0,0,0,8252,0,0,8252,426,7826,297,143,893,1931,330,211,631,2335,1055,,,
7,3030,wrzesiński,50,60160,60159,1,41736,30065,11671,11670,1,1,29,0,0,0,0,0,0,0,11669,0,0,11669,507,11162,363,173,1738,2902,525,261,858,3254,1088,,,
7,3031,złotowski,48,55280,55279,1,38570,28521,10049,10049,0,2,48,2,2,0,0,0,0,2,10050,2,0,10050,528,9522,394,125,1153,2453,421,237,691,3120,928,,,
7,3061,Kalisz,55,82953,82952,1,58798,37033,21765,21764,1,5,98,0,0,0,0,0,0,0,21754,0,1,21753,627,21126,798,209,2855,5698,1232,433,1457,7169,1275,,,
7,3062,Konin,48,62760,62759,1,43803,28254,15548,15548,0,2,41,0,0,0,0,0,0,0,15544,0,0,15544,527,15017,541,147,2106,4343,885,389,1024,4953,629,,,
7,3063,Leszno,34,50449,50449,0,35591,23213,12378,12378,0,3,42,1,1,0,0,0,0,1,12374,1,0,12374,478,11896,307,130,2521,2518,555,368,894,4120,483,,,
7,3064,Poznań,256,420931,420915,16,294642,156934,137703,137691,12,24,1614,1,1,0,0,0,0,1,137639,1,21,137618,3581,134037,2752,1357,16514,28913,7907,4540,9524,59669,2861,,,
13,3201,białogardzki,36,38640,38640,0,27556,21616,5940,5940,0,0,18,0,0,0,0,0,0,0,5940,0,0,5940,257,5683,127,96,876,1601,166,132,330,2056,239,,,60
13,3202,choszczeński,40,40219,40218,1,28639,22990,5649,5649,0,5,82,0,0,0,0,0,0,0,5648,0,0,5648,227,5421,160,62,760,1311,169,123,352,1642,793,,,49
13,3203,drawski,55,47364,47361,3,33774,26459,7315,7315,0,1,66,0,0,0,0,0,0,0,7315,0,0,7315,343,6972,196,91,1049,1872,219,161,422,2483,421,,,58
13,3204,goleniowski,55,65570,65570,0,46731,35167,11564,11564,0,2,59,0,0,0,0,0,0,0,11563,0,0,11563,494,11069,241,102,1642,2400,286,375,815,4012,1106,,,90
13,3205,gryficki,46,49605,49603,2,35099,26374,8725,8724,1,0,329,0,0,0,0,0,0,0,8724,0,0,8724,372,8352,200,98,1181,1944,232,241,448,3249,695,,,64
13,3206,gryfiński,59,66243,66242,1,46880,36002,10878,10878,0,2,40,0,0,0,0,0,0,0,10878,0,0,10878,449,10429,734,128,1389,2917,284,228,909,3313,450,,,77
13,3207,kamieński,45,39451,39448,3,27627,19950,7677,7677,0,1,451,0,0,0,0,0,0,0,7676,0,0,7676,287,7389,189,107,1039,1599,298,223,511,2961,377,,,85
13,3208,kołobrzeski,53,64004,64002,2,44344,29501,14841,14840,1,5,1057,1,1,0,0,0,0,1,14839,1,0,14839,506,14333,217,137,1792,4501,518,209,726,5492,434,,,307
13,3209,koszaliński,61,52268,52267,1,36714,27477,9237,9236,1,1,351,0,0,0,0,0,0,0,9237,0,1,9236,429,8807,259,137,1037,2139,279,262,654,3429,512,,,99
13,3210,myśliborski,51,53541,53540,1,37875,29252,8623,8622,1,2,36,0,0,0,0,0,0,0,8622,0,1,8621,334,8287,272,97,1036,2369,199,223,510,2913,594,,,74
13,3211,policki,43,56131,56130,1,39396,25430,13966,13966,0,3,46,1,1,0,0,0,0,1,13965,1,0,13965,436,13529,241,154,1544,2975,497,504,1159,5982,303,,,170
13,3212,pyrzycki,27,32236,32236,0,22808,17786,5022,5022,0,4,21,0,0,0,0,0,0,0,5021,0,0,5021,241,4780,301,69,640,1376,98,171,239,1282,570,,,34
13,3213,sławieński,46,46085,46085,0,32352,24527,7825,7825,0,2,365,0,0,0,0,0,0,0,7824,0,0,7824,370,7454,158,83,825,1811,224,137,546,2530,1094,,,46
13,3214,stargardzki,72,95597,95595,2,67545,48633,18910,18910,0,7,76,1,1,1,0,0,0,0,18906,0,0,18906,687,18219,460,207,2469,4842,490,534,1194,7175,661,,,187
13,3215,szczecinecki,51,62709,62709,0,44417,32743,11674,11674,0,4,69,1,1,0,0,0,0,1,11670,1,0,11670,476,11194,221,133,1601,3218,257,189,1035,3900,553,,,87
13,3216,świdwiński,37,39164,39164,0,27599,21155,6444,6444,0,2,51,0,0,0,0,0,0,0,6443,0,0,6443,317,6126,144,96,1501,1631,177,139,354,1634,373,,,77
13,3217,wałecki,37,42873,42871,2,30439,23233,7206,7206,0,0,47,0,0,0,0,0,0,0,7205,0,0,7205,291,6914,217,80,1295,1587,188,166,440,2451,432,,,58
13,3218,łobeski,29,30046,30044,2,21287,17261,4026,4024,2,1,24,0,0,0,0,0,0,0,4025,0,0,4025,232,3793,121,37,470,1015,114,120,237,1355,294,,,30
13,3261,Koszalin,54,86561,86561,0,61535,37378,24157,24157,0,5,81,3,3,0,0,0,0,3,24138,3,1,24137,749,23388,357,198,3856,5446,746,463,1456,10254,397,,,215
13,3262,Szczecin,199,311358,311352,6,220213,132414,87797,87792,5,21,566,3,3,0,0,0,0,3,87734,3,12,87722,2079,85643,1782,997,10799,21666,2650,2373,6129,36532,1761,,,954
13,3263,Świnoujście,27,33303,33303,0,23332,15428,7904,7904,0,8,335,0,0,0,0,0,0,0,7902,0,0,7902,200,7702,143,129,1450,1817,223,138,423,3104,161,,,114
