TERYT,Powiat,Województwo,L. obw.,Liczba wyborców uprawnionych do głosowania,Komisja otrzymała kart do głosowania,Nie wykorzystano kart do głosowania,"Liczba wyborców, którym wydano karty do głosowania",Liczba wyborców głosujących przez pełnomocnika,Liczba wyborców głosujących na podstawie zaświadczenia,"Liczba wyborców, którym wysłano pakiety wyborcze",Liczba otrzymanych kopert zwrotnych,w których nie było oświadczenia,w których oświadczenie nie było podpisane,w których nie było koperty na kartę do głosowania,w których znajdowała się niezaklejona koperta,Liczba kopert na kartę do głosowania wrzuconych do urny,Liczba kart wyjętych z urny,w tym liczba kart wyjętych z kopert,Liczba kart nieważnych,Liczba kart ważnych,Liczba głosów nieważnych,Liczba głosów ważnych,Braun Grzegorz Michał,Duda Andrzej Sebastian,Jarubas Adam Sebastian,Komorowski Bronisław Maria,Korwin-Mikke Janusz Ryszard,Kowalski Marian Janusz,Kukiz Paweł Piotr,Ogórek Magdalena Agnieszka,Palikot Janusz Marian,Tanajno Paweł Jan,Wilk Jacek
201,bolesławiecki,dolnośląskie,64,71126,61136,29880,31256,10,144,11,11,0,0,0,0,11,31263,11,3,31260,259,31001,295,9449,296,11379,1131,151,6942,786,409,39,124
202,dzierżoniowski,dolnośląskie,81,84530,73040,35229,37809,28,161,10,10,2,0,0,0,8,37817,8,3,37814,314,37500,212,11763,313,14513,1116,197,7748,919,535,50,134
203,głogowski,dolnośląskie,55,70842,61254,26758,34494,7,140,11,10,0,0,0,0,10,34502,10,0,34502,235,34267,188,12079,274,11537,837,144,7635,954,421,49,149
204,górowski,dolnośląskie,26,28487,24796,13984,10812,5,50,7,7,0,0,0,0,7,10819,7,0,10819,91,10728,61,3660,251,3711,307,47,2251,254,132,10,44
205,jaworski,dolnośląskie,39,41953,36760,18648,18110,8,53,10,10,0,0,0,0,10,18122,10,0,18122,155,17967,146,6205,281,6115,502,62,3909,441,201,30,75
206,jeleniogórski,dolnośląskie,56,52408,45025,22103,22922,13,475,7,7,0,0,0,0,7,22928,7,0,22928,173,22755,124,5467,217,10333,635,85,4724,568,446,45,111
207,kamiennogórski,dolnośląskie,34,36469,31711,16031,15680,10,77,3,3,1,0,0,0,2,15680,2,0,15680,142,15538,75,4739,132,6328,313,77,3184,432,177,21,60
208,kłodzki,dolnośląskie,145,134514,115677,58155,57521,37,1297,25,25,1,0,0,0,24,57521,24,1,57520,422,57098,397,17133,742,22301,1675,253,12029,1461,832,70,205
209,legnicki,dolnośląskie,46,43350,37503,18149,19355,8,57,9,7,0,0,0,0,7,19361,7,3,19358,153,19205,121,6711,259,6452,584,89,4241,447,214,26,61
210,lubański,dolnośląskie,46,45638,39489,19899,19590,5,211,8,8,0,0,0,0,8,19598,8,0,19598,150,19448,92,5657,177,7918,503,87,4079,617,232,23,63
211,lubiński,dolnośląskie,74,84488,72763,29003,43759,12,166,16,16,4,0,0,0,12,43764,12,1,43763,218,43545,252,16300,292,12082,1005,160,11691,1054,509,43,157
212,lwówecki,dolnośląskie,38,37935,33118,17934,15184,7,132,7,7,1,0,0,0,6,15188,6,0,15188,117,15071,106,4542,224,5632,413,57,3443,405,184,13,52
213,milicki,dolnośląskie,30,29590,25604,12835,12769,7,66,4,4,0,0,0,0,4,12771,4,0,12771,123,12648,72,4736,199,4566,270,56,2168,380,139,14,48
214,oleśnicki,dolnośląskie,64,84989,72645,34635,38010,14,151,11,8,1,0,0,0,7,38016,7,0,38016,364,37652,307,10995,375,15064,1250,153,7889,911,491,56,161
215,oławski,dolnośląskie,50,59684,51238,21378,29857,11,124,22,21,0,0,0,0,21,29865,21,1,29864,239,29625,253,9849,264,10058,885,128,7074,592,344,52,126
216,polkowicki,dolnośląskie,45,49132,42199,18227,23974,8,97,9,9,0,0,0,0,9,23980,9,2,23978,144,23834,125,10038,202,6201,685,141,5549,564,214,27,88
217,strzeliński,dolnośląskie,35,36463,31412,15320,16092,8,75,3,2,0,0,0,0,2,16093,2,0,16093,148,15945,77,5762,216,5328,386,78,3413,410,203,27,45
218,średzki,dolnośląskie,30,41780,35764,17444,18318,12,67,13,13,2,0,0,0,11,18330,11,2,18328,168,18160,169,5918,214,6326,587,60,4168,393,211,30,84
219,świdnicki,dolnośląskie,114,128679,110944,51628,59317,39,172,27,24,0,0,0,0,24,59332,24,3,59329,436,58893,402,17547,488,22797,2163,268,12623,1408,866,108,223
220,trzebnicki,dolnośląskie,55,65772,56588,26299,30289,5,187,21,20,0,0,0,0,20,30306,20,1,30305,243,30062,279,9894,334,11034,980,162,6120,639,436,50,134
221,wałbrzyski,dolnośląskie,50,46469,40143,20346,19797,7,271,11,9,0,0,0,0,9,19805,9,0,19805,185,19620,123,5150,206,8232,650,79,4220,500,365,21,74
222,wołowski,dolnośląskie,34,39739,33993,16435,17556,3,80,5,5,0,0,0,0,5,17562,5,0,17562,152,17410,121,5787,155,6570,452,81,3479,473,214,27,51
223,wrocławski,dolnośląskie,85,100374,85495,33367,52136,22,402,39,37,5,0,0,0,32,52167,32,1,52166,507,51659,432,15638,518,19010,1796,196,11801,929,875,138,326
224,ząbkowicki,dolnośląskie,74,54723,47581,24023,23558,19,113,19,19,0,0,0,1,18,23575,18,0,23575,171,23404,125,7732,337,8593,596,102,4986,536,285,34,78
225,zgorzelecki,dolnośląskie,86,74495,64423,31304,33119,9,175,13,13,0,0,0,0,13,33131,13,1,33130,328,32802,204,10420,262,11527,890,131,7884,886,440,47,111
226,złotoryjski,dolnośląskie,43,36372,31204,15492,15712,7,80,3,2,0,0,0,0,2,15714,2,0,15714,119,15595,94,5082,188,5481,449,49,3564,424,195,19,50
261,Jelenia Góra,dolnośląskie,46,66222,57261,25652,31605,14,377,12,12,0,0,0,0,12,31616,12,4,31612,223,31389,184,7943,213,13834,854,97,6467,930,663,49,155
262,Legnica,dolnośląskie,49,79152,68712,30893,37821,5,167,27,27,1,0,0,1,26,37842,26,4,37838,288,37550,270,11651,219,13442,1080,148,8935,995,624,44,142
264,Wrocław,dolnośląskie,306,500161,425280,149329,275933,76,4705,327,281,9,0,0,0,272,276164,272,28,276136,2686,273450,3391,71792,1539,110040,11000,1171,59593,6080,5942,1120,1782
265,Wałbrzych,dolnośląskie,72,92642,80570,40866,39705,9,126,3,3,0,0,0,0,3,39702,3,16,39686,371,39315,239,9711,286,17189,1190,142,8449,1200,714,63,132
401,aleksandrowski,kujawsko-pomorskie,55,45838,38937,18760,20177,11,930,8,8,0,0,0,0,8,20181,8,4,20177,184,19993,124,6717,359,7299,472,96,3984,589,240,32,81
402,brodnicki,kujawsko-pomorskie,60,60819,51747,25447,26300,9,190,6,6,1,0,0,0,5,26304,5,1,26303,255,26048,131,8910,530,9040,670,119,5635,642,243,31,97
403,bydgoski,kujawsko-pomorskie,99,86094,74044,34448,39596,16,221,11,11,0,0,0,0,11,39606,11,0,39606,311,39295,252,10086,400,15768,1479,170,9024,1155,663,77,221
404,chełmiński,kujawsko-pomorskie,48,40345,35277,18702,16576,4,42,12,12,0,0,0,0,12,16586,12,0,16586,133,16453,78,5145,262,6465,442,94,3212,487,178,18,72
405,golubsko-dobrzyński,kujawsko-pomorskie,32,35975,31254,16717,14537,8,47,9,9,2,0,0,0,7,14542,7,0,14542,112,14430,59,5344,306,4640,329,63,2983,479,160,17,50
406,grudziądzki,kujawsko-pomorskie,42,31343,27002,14843,12158,5,41,5,5,0,0,0,0,5,12164,5,0,12164,96,12068,57,3991,289,4555,391,84,2175,324,131,18,53
407,inowrocławski,kujawsko-pomorskie,145,131942,114511,56950,57562,15,447,19,17,0,0,0,0,17,57578,17,0,57578,510,57068,306,16713,798,21773,1662,254,12496,1870,893,74,229
408,lipnowski,kujawsko-pomorskie,68,52627,45726,25916,19810,15,93,6,6,0,0,0,0,6,19816,6,0,19816,174,19642,88,7470,756,6135,530,88,3672,617,197,28,61
409,mogileński,kujawsko-pomorskie,46,37286,32316,16739,15577,5,68,6,5,0,0,0,0,5,15581,5,0,15581,106,15475,71,4482,328,5948,491,87,3236,550,192,23,67
410,nakielski,kujawsko-pomorskie,82,68148,59194,30282,28912,15,132,2,2,0,0,0,0,2,28913,2,1,28912,207,28705,163,8071,502,12243,925,142,5251,922,368,35,83
411,radziejowski,kujawsko-pomorskie,51,34393,29363,16173,13190,17,96,1,1,0,0,0,0,1,13191,1,1,13190,114,13076,57,4936,348,3998,323,54,2642,502,143,9,64
412,rypiński,kujawsko-pomorskie,45,35508,30578,17046,13532,9,60,1,1,0,0,0,0,1,13533,1,1,13532,96,13436,65,5469,256,4388,304,56,2367,320,140,12,59
413,sępoleński,kujawsko-pomorskie,42,32423,28202,14870,13332,11,60,3,2,0,0,0,0,2,13334,2,0,13334,68,13266,61,3792,246,5947,305,52,2208,444,163,9,39
414,świecki,kujawsko-pomorskie,94,78149,67447,34779,32677,20,354,21,21,0,0,0,0,21,32698,21,1,32697,235,32462,162,9262,516,13539,1074,182,6289,880,371,50,137
415,toruński,kujawsko-pomorskie,67,77901,67291,33729,33562,12,142,22,21,0,0,0,0,21,33581,21,4,33577,281,33296,184,10725,494,11986,1128,180,7194,787,412,62,144
416,tucholski,kujawsko-pomorskie,51,37859,32397,15729,16668,14,145,9,9,0,0,0,0,9,16677,9,1,16676,122,16554,88,5561,322,6360,508,66,2856,545,172,15,61
417,wąbrzeski,kujawsko-pomorskie,28,27469,23621,12787,10834,6,28,5,5,0,0,0,0,5,10837,5,0,10837,90,10747,35,3011,223,4254,335,55,2322,333,112,21,46
418,włocławski,kujawsko-pomorskie,82,70337,60398,34875,25522,16,255,4,4,1,0,0,0,3,25523,3,0,25523,236,25287,124,9116,584,8387,616,105,5015,856,341,33,110
419,żniński,kujawsko-pomorskie,78,55974,48165,24478,23687,11,116,7,7,0,0,0,0,7,23694,7,0,23694,196,23498,138,7000,485,9422,745,99,4433,772,277,29,98
461,Bydgoszcz,kujawsko-pomorskie,205,278843,240910,100947,139959,36,922,118,113,5,0,0,0,108,140052,108,11,140041,978,139063,1059,37668,830,57886,4330,540,29498,3732,2522,300,698
462,Grudziądz,kujawsko-pomorskie,54,74274,65041,31628,33413,10,126,19,17,0,0,0,0,17,33428,17,3,33425,301,33124,159,8883,240,14872,1018,147,6161,961,507,33,143
463,Toruń,kujawsko-pomorskie,124,156848,136314,54847,81465,24,1316,34,34,2,0,2,0,30,81496,30,2,81494,738,80756,681,23082,470,33224,2694,376,16116,1913,1532,218,450
464,Włocławek,kujawsko-pomorskie,68,91427,79545,38958,40587,12,187,16,16,1,0,0,0,15,40600,15,2,40598,318,40280,236,10561,302,16087,970,181,9504,1439,774,63,163
601,bialski,lubelskie,115,90570,79563,37094,42468,23,267,5,3,0,0,0,0,3,42470,3,0,42470,307,42163,492,18479,1171,10255,1332,366,8342,1079,403,59,185
602,biłgorajski,lubelskie,98,83362,72177,31901,40276,19,191,4,4,0,0,0,0,4,40280,4,2,40278,244,40034,467,19979,1096,6432,1387,364,8169,779,1135,43,183
603,chełmski,lubelskie,92,64601,55183,29446,25737,36,166,9,8,0,0,0,0,8,25745,8,1,25744,204,25540,181,11074,1095,5539,697,257,5595,636,346,35,85
604,hrubieszowski,lubelskie,69,55504,48154,25072,23105,12,143,12,12,0,0,0,0,12,23093,12,2,23091,173,22918,171,10409,671,5391,609,137,4584,533,310,20,83
605,janowski,lubelskie,38,38431,33382,13004,20378,22,92,2,2,0,0,0,0,2,20374,2,9,20365,113,20252,207,12998,527,2260,581,158,2857,394,196,14,60
606,krasnostawski,lubelskie,93,55413,48157,24335,23822,9,131,9,8,0,0,0,0,8,23830,8,1,23829,163,23666,180,10178,730,5413,742,269,5068,572,407,24,83
607,kraśnicki,lubelskie,86,79449,69388,31723,37665,23,130,5,4,0,0,0,0,4,37668,4,1,37667,291,37376,378,18488,1479,7199,1021,403,6966,844,443,44,111
608,lubartowski,lubelskie,91,71728,61474,26112,35362,18,173,5,2,0,0,0,0,2,35361,2,0,35361,344,35017,330,16359,1234,6878,1161,440,7113,737,570,42,153
609,lubelski,lubelskie,129,118973,101380,42164,59223,23,251,20,18,0,0,0,0,18,59234,18,0,59234,480,58754,685,26714,2057,11065,1957,920,13091,923,987,87,268
610,łęczyński,lubelskie,53,45506,38970,16995,21975,3,147,4,4,0,0,0,0,4,21979,4,1,21978,140,21838,285,9459,440,3905,688,366,5886,389,300,37,83
611,łukowski,lubelskie,98,85574,74960,33100,41860,22,223,13,13,0,0,0,0,13,41875,13,4,41871,279,41592,438,22001,998,7702,1181,315,7612,794,321,60,170
612,opolski,lubelskie,62,50585,44252,22435,21817,9,83,4,4,0,0,0,0,4,21819,4,0,21819,208,21611,192,10134,789,4424,511,230,4303,572,372,26,58
613,parczewski,lubelskie,38,29560,25789,12522,13267,8,87,2,2,0,0,0,0,2,13268,2,0,13268,88,13180,133,5774,388,3137,335,141,2739,280,183,13,57
614,puławski,lubelskie,98,95465,82724,34209,48515,36,742,20,19,2,0,0,0,18,48528,18,4,48524,370,48154,385,20534,939,12419,1648,433,9805,934,758,82,217
615,radzyński,lubelskie,55,49028,43051,20015,23035,10,101,0,0,0,0,0,0,0,23035,0,0,23035,139,22896,249,11158,839,4575,601,249,4382,486,239,23,95
616,rycki,lubelskie,74,47061,40727,17378,23348,12,230,8,8,0,0,0,0,7,23354,7,3,23351,382,22969,191,10674,700,5077,712,154,4451,547,351,33,79
617,świdnicki,lubelskie,53,58584,50434,21184,29244,12,100,5,6,0,0,0,0,6,29252,6,0,29252,235,29017,321,12397,686,5694,883,321,7355,591,561,54,154
618,tomaszowski,lubelskie,98,71293,61843,30107,31736,25,159,5,4,1,0,0,0,3,31738,3,0,31738,222,31516,223,14238,1039,6032,739,253,7800,693,358,34,107
619,włodawski,lubelskie,49,33024,28729,14172,14557,3,127,4,4,0,0,0,0,4,14558,4,0,14558,104,14454,153,5552,450,4035,458,132,2917,427,253,27,50
620,zamojski,lubelskie,118,89469,77047,36684,40363,43,255,13,12,0,0,0,0,12,40371,12,0,40371,248,40123,398,20487,1115,6785,1092,309,8459,808,453,48,169
661,Biała Podlaska,lubelskie,29,45711,40498,17304,23194,14,141,19,17,2,0,0,0,15,23208,15,1,23207,126,23081,343,7813,322,7064,897,229,5304,625,323,31,130
662,Chełm,lubelskie,36,53561,46410,21018,25391,12,126,14,13,1,0,0,0,12,25400,12,0,25400,191,25209,220,8975,365,7085,783,186,6219,782,451,40,103
663,Lublin,lubelskie,208,271581,236355,85137,151220,34,2019,132,121,9,0,0,0,112,151309,112,12,151297,1481,149816,1927,53913,1536,44639,5353,1966,32481,2625,4137,334,905
664,Zamość,lubelskie,34,52838,46403,20773,25634,15,208,23,22,0,0,0,0,22,25651,22,0,25651,136,25515,331,9602,269,7060,682,210,6181,613,426,31,110
801,gorzowski,lubuskie,61,54582,46705,23620,23085,3,145,12,10,0,0,0,0,10,23091,10,2,23089,187,22902,166,6297,291,9035,855,95,5019,646,363,39,96
802,krośnieński,lubuskie,50,44713,38292,20774,17518,5,97,8,6,0,0,0,0,6,17519,6,0,17519,366,17153,74,4329,225,7357,493,81,3551,638,310,25,70
803,międzyrzecki,lubuskie,59,47586,40814,20630,20184,9,256,7,7,1,0,0,0,6,20186,6,0,20186,142,20044,123,5103,310,8701,575,107,3930,738,331,36,90
804,nowosolski,lubuskie,54,69026,59442,30535,28905,9,150,17,17,0,0,0,1,16,28918,16,1,28917,213,28704,241,8822,360,11316,894,151,5587,770,416,31,116
805,słubicki,lubuskie,35,36887,31493,16627,14866,5,141,6,6,0,0,0,0,6,14870,6,0,14870,129,14741,86,3802,190,6491,475,59,2899,448,194,18,79
806,strzelecko-drezdenecki,lubuskie,38,40103,34105,18840,15264,3,147,6,6,0,0,0,0,6,15270,6,0,15270,101,15169,81,4247,267,6423,438,61,2907,502,177,21,45
807,sulęciński,lubuskie,36,28899,25186,13346,11839,9,212,3,3,1,0,0,0,2,11840,2,0,11840,101,11739,59,3405,166,4651,401,76,2393,390,147,18,33
808,świebodziński,lubuskie,37,44369,38712,19749,18963,2,167,13,11,0,0,0,0,11,18973,11,1,18972,159,18813,124,5349,197,7777,726,110,3669,511,255,30,65
809,zielonogórski,lubuskie,52,59880,51602,25614,25988,10,153,4,4,2,0,0,0,2,25987,2,1,25986,250,25736,148,6201,333,11124,1017,135,5420,779,417,41,121
810,żagański,lubuskie,55,64912,54961,28972,25989,11,120,8,7,1,0,0,0,6,25990,6,0,25990,213,25777,163,7005,325,10369,749,121,5739,812,365,40,89
811,żarski,lubuskie,67,78225,67926,36089,31837,6,146,13,13,1,0,0,0,12,31847,12,0,31847,314,31533,222,8463,301,12829,1084,126,6943,934,479,34,118
812,wschowski,lubuskie,32,30947,26214,13262,12952,4,112,6,6,0,0,0,0,6,12956,6,1,12955,107,12848,125,4179,150,4997,447,64,2345,286,184,19,52
861,Gorzów Wielkopolski,lubuskie,68,97420,84829,39079,45747,20,249,29,29,1,0,0,0,28,45772,28,14,45758,337,45421,359,12207,332,18082,1634,226,10312,1261,721,94,193
862,Zielona Góra,lubuskie,76,107000,92312,36581,55729,15,420,49,43,1,0,0,0,42,55769,42,0,55769,412,55357,370,13079,461,24582,2184,222,11117,1665,1212,144,321
1001,bełchatowski,łódzkie,72,91387,78829,30390,48440,19,190,16,15,0,0,0,0,15,48454,15,3,48451,351,48100,424,21796,532,9527,1482,377,11920,1244,491,67,240
1002,kutnowski,łódzkie,76,82470,71206,35610,35598,17,124,7,7,0,0,0,0,7,35596,7,0,35596,253,35343,230,14502,622,10670,840,206,6685,982,419,36,151
1003,łaski,łódzkie,41,41255,35288,15564,19724,9,112,3,3,0,0,0,0,3,19725,3,0,19725,137,19588,157,7529,387,5330,631,83,4510,570,252,28,111
1004,łęczycki,łódzkie,49,43290,37177,19180,17997,11,86,2,2,0,0,0,0,2,17999,2,1,17998,178,17820,77,7681,480,5180,488,110,2959,569,196,15,65
1005,łowicki,łódzkie,71,65728,56270,25326,30942,3,135,10,10,2,0,1,0,7,30942,7,1,30941,248,30693,214,12635,952,7663,1080,207,6584,872,309,39,138
1006,łódzki wschodni,łódzkie,74,55955,48360,17819,30541,14,143,18,16,0,0,0,0,16,30553,16,0,30553,235,30318,265,11722,356,9342,1006,158,6169,646,434,70,150
1007,opoczyński,łódzkie,73,62962,53898,21593,32305,18,177,2,1,0,0,0,0,1,32304,1,0,32304,288,32016,275,17385,809,5834,668,149,5701,731,310,34,120
1008,pabianicki,łódzkie,92,96806,83440,33348,50094,20,159,21,21,0,0,0,0,21,50110,21,4,50106,421,49685,457,15841,552,17534,1846,303,10623,1298,860,105,266
1009,pajęczański,łódzkie,38,42869,36707,16875,19832,5,107,2,2,0,0,0,0,2,19834,2,0,19834,168,19666,143,9230,357,4169,578,68,4292,556,187,20,66
1010,piotrkowski,łódzkie,75,73269,62202,26552,35650,17,219,2,2,0,0,0,0,2,35648,2,4,35644,298,35346,226,18397,893,6398,811,192,7107,865,273,35,149
1011,poddębicki,łódzkie,51,34649,29550,14203,15345,3,133,6,6,0,0,0,0,6,15350,6,2,15348,116,15232,81,6448,496,4208,452,92,2648,563,170,16,58
1012,radomszczański,łódzkie,89,94554,81402,38024,43378,26,221,10,10,0,0,0,0,10,43376,10,2,43374,375,42999,211,18306,1005,10692,1115,238,9410,1284,524,71,143
1013,rawski,łódzkie,29,39966,34297,16277,18019,9,83,7,7,0,0,0,0,7,18028,7,0,18028,139,17889,108,7944,554,4201,464,120,3767,465,165,25,76
1014,sieradzki,łódzkie,94,97424,84633,40278,44353,12,182,16,15,0,0,0,0,15,44371,15,1,44370,347,44023,376,17670,1147,12443,1431,274,8306,1562,529,77,208
1015,skierniewicki,łódzkie,38,30709,26374,11119,15254,5,44,3,3,0,0,0,0,3,15257,3,0,15257,132,15125,99,7638,407,2851,397,70,3151,327,82,23,80
1016,tomaszowski,łódzkie,79,95517,82477,35217,47262,22,208,7,6,0,0,0,0,6,47266,6,0,47266,418,46848,277,19253,893,13838,1376,182,9124,1166,492,58,189
1017,wieluński,łódzkie,79,62851,53726,24280,29446,13,169,4,4,0,0,0,0,4,29449,4,2,29447,229,29218,175,11430,676,8508,772,97,6189,859,328,38,146
1018,wieruszowski,łódzkie,38,34023,29395,14171,15224,6,69,5,4,0,0,0,0,4,15226,4,0,15226,100,15126,94,5839,423,4611,451,56,3035,411,142,13,51
1019,zduńskowolski,łódzkie,42,54174,46574,19930,26644,8,82,14,13,1,0,0,0,12,26656,12,6,26650,186,26464,150,9476,356,7987,801,126,6377,677,339,35,140
1020,zgierski,łódzkie,127,133232,113843,46689,67161,26,315,30,28,1,0,0,0,27,67188,27,10,67178,562,66616,449,22239,718,23371,1942,362,14320,1720,962,149,384
1021,brzeziński,łódzkie,39,24977,21760,9522,12238,10,44,0,0,0,0,0,0,0,12237,0,0,12237,95,12142,99,5121,319,3185,313,64,2544,304,116,18,59
1061,Łódź,łódzkie,420,564061,497623,200431,297228,86,1677,275,264,34,1,0,1,226,297357,226,81,297276,2706,294570,2249,77375,1685,127361,9637,1467,58748,7605,5917,896,1630
1062,Piotrków Trybunalski,łódzkie,41,60715,53167,21629,31537,11,109,5,5,0,0,0,0,5,31540,5,0,31540,244,31296,250,10952,262,9711,873,126,7404,1015,507,38,158
1063,Skierniewice,łódzkie,26,38729,33113,12437,20676,8,78,7,6,0,0,0,0,6,20679,6,1,20678,205,20473,224,6505,181,6795,680,91,5033,536,250,48,130
1201,bocheński,małopolskie,76,82164,70741,27068,43673,18,240,12,12,2,0,0,0,10,43681,10,0,43681,250,43431,391,23199,636,8983,1159,185,7815,630,271,42,120
1202,brzeski,małopolskie,73,73356,63174,26823,36351,16,222,9,9,0,0,0,0,9,36356,9,0,36356,258,36098,345,18748,553,7494,1401,158,6500,556,213,24,106
1203,chrzanowski,małopolskie,89,102476,88687,36677,52011,18,206,21,21,0,0,0,0,21,52027,21,0,52027,370,51657,327,17523,548,17073,1779,227,11650,1463,756,93,218
1204,dąbrowski,małopolskie,54,47951,41500,20840,20657,14,60,11,11,0,0,0,0,11,20662,11,0,20662,172,20490,135,11762,754,3291,730,58,3226,359,110,11,54
1205,gorlicki,małopolskie,97,87259,75174,33443,41730,19,359,6,6,0,0,1,0,5,41731,5,2,41729,286,41443,286,21156,502,9888,1337,258,6555,992,286,41,142
1206,krakowski,małopolskie,192,210659,180324,71056,109267,40,575,37,35,3,0,0,0,32,109295,32,35,109260,1067,108193,941,46618,1404,29492,4283,484,21414,1769,1046,213,529
1207,limanowski,małopolskie,102,97573,83887,31851,52036,22,308,12,9,2,0,0,0,7,52042,7,0,52042,294,51748,547,31938,513,8084,1456,255,7974,604,199,38,140
1208,miechowski,małopolskie,65,40925,35442,17613,17829,13,84,1,1,0,0,0,0,1,17828,1,2,17826,132,17694,102,8239,742,3634,608,121,3455,525,181,16,71
1209,myślenicki,małopolskie,81,96444,82414,30989,51425,18,304,37,37,0,0,0,0,37,51456,37,0,51456,351,51105,431,26836,471,10530,1878,173,9488,760,278,58,202
1210,nowosądecki,małopolskie,168,161879,138628,50545,88084,43,1471,15,11,0,0,0,0,11,88092,11,0,88092,550,87542,759,53694,1032,14658,2868,283,12466,1083,394,60,245
1211,nowotarski,małopolskie,154,148388,128611,59270,69340,24,928,27,27,0,0,0,0,27,69360,27,4,69356,566,68790,620,36326,569,15427,2406,313,11420,986,419,62,242
1212,olkuski,małopolskie,87,92421,80333,33224,47114,22,164,6,6,0,0,0,0,6,47116,6,2,47114,408,46706,360,18301,572,12508,1774,224,10839,1278,571,73,206
1213,oświęcimski,małopolskie,106,124385,107253,40279,66975,43,180,57,56,3,0,0,0,53,67019,53,1,67018,567,66451,477,25073,654,21665,1891,246,13792,1538,747,132,236
1214,proszowicki,małopolskie,41,35507,30435,15817,14618,10,69,0,0,0,0,0,0,0,14618,0,0,14618,104,14514,79,6806,725,3079,409,56,2836,332,126,22,44
1215,suski,małopolskie,60,66539,56986,23970,33016,11,326,7,7,0,0,0,0,7,33019,7,0,33019,267,32752,238,16592,330,7816,1035,133,5745,504,243,34,82
1216,tarnowski,małopolskie,156,157433,135598,58263,77335,47,442,41,39,1,0,0,0,38,77368,38,8,77360,519,76841,678,42858,1300,14103,2490,313,13303,1068,410,68,250
1217,tatrzański,małopolskie,54,54086,46220,20141,26079,17,1046,18,17,1,0,0,1,15,26092,15,1,26091,159,25932,216,12854,175,6851,900,99,4235,306,188,30,78
1218,wadowicki,małopolskie,105,125975,108145,43654,64500,32,356,20,20,0,0,0,0,20,64516,20,5,64511,737,63774,503,26875,706,18785,2021,278,12380,1347,568,93,218
1219,wielicki,małopolskie,82,92975,78541,29808,48733,11,310,21,20,0,0,0,0,20,48749,20,2,48747,307,48440,415,20563,493,13507,2024,203,9728,731,468,92,216
1261,Kraków,małopolskie,491,594643,505747,167497,338252,119,7583,322,268,10,0,0,0,255,338444,258,34,338410,2785,335625,4010,107367,2263,123883,15505,1440,65702,6280,5731,1278,2166
1262,Nowy Sącz,małopolskie,52,66037,57743,20845,36897,15,216,23,20,2,0,0,0,18,36912,18,0,36912,201,36711,323,16224,212,9912,1371,160,7299,694,322,45,149
1263,Tarnów,małopolskie,74,91545,78875,32491,46382,40,253,29,29,1,0,0,0,28,46398,28,53,46345,427,45918,471,17272,365,14130,1600,174,10134,983,523,48,218
1401,białobrzeski,mazowieckie,24,27073,23175,10784,12391,5,96,2,2,0,0,0,0,2,12394,2,1,12393,151,12242,61,6598,387,2408,300,56,1992,293,98,10,39
1402,ciechanowski,mazowieckie,58,72787,63212,31333,31879,17,150,10,10,1,0,0,0,9,31885,9,1,31884,233,31651,198,13188,641,9057,889,202,6158,828,306,44,140
1403,garwoliński,mazowieckie,102,85717,73315,28120,45203,14,253,4,4,0,0,0,0,4,45202,4,1,45201,345,44856,458,24171,841,8526,1117,304,7978,858,343,63,197
1404,gostyniński,mazowieckie,49,38031,33202,17198,16004,7,59,2,2,0,0,0,0,2,16006,2,0,16006,148,15858,90,7249,414,4139,388,67,2867,397,177,22,48
1405,grodziski,mazowieckie,55,69239,58954,20260,38692,15,286,21,21,1,0,1,0,20,38708,20,8,38700,307,38393,419,12407,388,14229,1148,176,7918,747,597,127,237
1406,grójecki,mazowieckie,79,79611,67844,28813,39029,15,268,8,7,0,0,0,0,7,39038,7,2,39036,296,38740,317,16829,1407,9985,1039,246,7351,947,352,66,201
1407,kozienicki,mazowieckie,56,51307,44456,20379,24079,15,215,6,6,0,0,0,0,6,24085,6,2,24083,163,23920,183,11903,504,4906,560,133,4693,607,269,36,126
1408,legionowski,mazowieckie,61,85742,73198,25027,48168,21,526,40,39,2,0,0,0,37,48203,37,3,48200,353,47847,470,15507,511,17318,1428,242,10104,977,852,144,294
1409,lipski,mazowieckie,41,29575,25718,14114,11604,6,102,1,1,0,0,0,0,1,11603,1,0,11603,77,11526,85,5295,674,2520,298,66,2040,362,121,18,47
1410,łosicki,mazowieckie,33,26273,22855,10375,12480,14,90,2,2,1,0,0,0,1,12480,1,0,12480,98,12382,107,6089,380,2518,388,81,2374,283,84,21,57
1411,makowski,mazowieckie,50,37384,32314,15365,16949,3,151,1,1,0,0,0,0,1,16948,1,1,16947,158,16789,118,8584,419,3760,524,92,2627,441,143,24,57
1412,miński,mazowieckie,105,117099,99404,36686,62708,18,343,15,13,0,0,0,0,13,62712,13,2,62710,523,62187,685,24985,909,17790,1973,387,12967,1306,711,139,335
1413,mławski,mazowieckie,60,58687,50656,25672,24983,12,123,14,14,0,0,0,0,14,24996,14,0,24996,181,24815,133,11098,443,7082,660,123,4364,587,227,25,73
1414,nowodworski,mazowieckie,52,62866,53945,24330,29615,22,210,3,3,0,0,0,0,3,29616,3,0,29616,242,29374,236,11076,395,9654,843,175,5721,655,414,57,148
1415,ostrołęcki,mazowieckie,90,70004,59975,29562,30413,10,129,2,2,0,0,0,0,2,30413,2,0,30413,235,30178,264,15812,610,6182,917,192,5307,534,188,45,127
1416,ostrowski,mazowieckie,72,59931,51671,23367,28303,23,186,7,6,0,0,0,0,6,28310,6,2,28308,185,28123,216,15398,593,5487,730,146,4697,543,174,18,121
1417,otwocki,mazowieckie,83,96422,82225,26255,55972,19,377,30,28,2,0,0,0,25,55992,25,8,55984,464,55520,746,22022,681,17210,1633,296,10802,937,658,140,395
1418,piaseczyński,mazowieckie,112,130113,110418,35707,74710,27,850,64,62,1,0,0,0,61,74762,61,11,74751,627,74124,747,22641,790,29121,2298,321,14782,1447,1320,241,416
1419,płocki,mazowieckie,109,88309,75721,38288,37441,15,134,12,12,0,0,0,0,12,37450,12,1,37449,334,37115,193,17366,1229,8578,961,204,7082,810,509,44,139
1420,płoński,mazowieckie,74,71214,61535,33222,28313,12,227,4,4,0,0,0,0,4,28315,4,5,28310,232,28078,165,12459,656,7709,770,132,5020,734,302,36,95
1421,pruszkowski,mazowieckie,85,123735,105662,32758,72899,30,611,48,46,1,0,0,0,45,72932,45,11,72921,659,72262,744,23244,543,27287,2207,350,14670,1276,1202,254,485
1422,przasnyski,mazowieckie,61,42210,36698,18536,18162,10,104,3,3,1,0,0,0,2,18163,2,0,18163,135,18028,132,8872,411,4331,487,127,3024,442,124,17,61
1423,przysuski,mazowieckie,37,35403,30633,13508,17125,16,105,3,3,0,0,0,0,3,17126,3,0,17126,155,16971,95,9604,600,2987,365,72,2715,356,113,16,48
1424,pułtuski,mazowieckie,56,41234,35264,16435,18829,11,186,8,8,0,0,0,0,8,18835,8,0,18835,212,18623,125,8536,751,4425,481,100,3562,363,175,25,80
1425,radomski,mazowieckie,114,119333,102531,46768,55763,22,214,9,9,2,0,0,0,7,55765,7,2,55763,449,55314,416,28414,1240,10966,1523,276,10771,960,436,64,248
1426,siedlecki,mazowieckie,71,64991,55640,23329,32306,9,123,12,11,0,0,0,0,11,32315,11,0,32315,203,32112,370,17331,873,5153,1287,194,5903,626,213,36,126
1427,sierpecki,mazowieckie,50,42637,36607,19357,17250,19,59,3,3,0,0,0,0,3,17253,3,0,17253,137,17116,73,8195,359,4290,475,72,2981,400,188,19,64
1428,sochaczewski,mazowieckie,65,67688,58064,26443,31619,21,169,23,23,2,0,0,0,21,31641,21,3,31638,246,31392,211,12850,487,8749,879,146,6907,656,332,20,155
1429,sokołowski,mazowieckie,50,45945,39451,15876,23575,12,141,3,2,0,0,0,0,2,23576,2,0,23576,154,23422,281,12365,711,4752,614,123,3869,430,171,28,78
1430,szydłowiecki,mazowieckie,29,32373,27911,13691,14220,8,72,1,0,0,0,0,0,0,14218,0,0,14218,144,14074,106,7245,368,2701,378,101,2723,270,131,8,43
1432,warszawski zachodni,mazowieckie,69,85753,72880,23633,49245,9,372,44,43,0,0,0,0,43,49285,43,5,49280,357,48923,581,16327,397,18111,1718,279,9451,821,781,161,296
1433,węgrowski,mazowieckie,56,54645,46675,20255,26421,23,237,16,16,0,0,0,0,16,26437,16,0,26437,258,26179,249,13495,468,6172,680,128,4171,520,185,29,82
1434,wołomiński,mazowieckie,153,175627,149623,54276,95363,18,681,31,26,2,0,0,0,24,95378,24,3,95375,759,94616,1096,39758,995,26389,3008,619,19347,1528,1115,243,518
1435,wyszkowski,mazowieckie,66,58438,49920,21096,28824,12,287,5,4,0,0,0,0,4,28826,4,0,28826,242,28584,271,14070,571,6896,704,200,4940,505,248,38,141
1436,zwoleński,mazowieckie,37,29876,25410,12552,12858,7,81,0,0,0,0,0,0,0,12856,0,0,12856,97,12759,77,6732,477,2342,365,91,2161,316,124,14,60
1437,żuromiński,mazowieckie,29,32393,27896,15321,12575,3,54,3,3,0,0,0,0,3,12578,3,0,12578,132,12446,50,5736,377,3595,276,50,1866,345,108,8,35
1438,żyrardowski,mazowieckie,61,59883,51203,21912,29291,5,135,8,5,0,0,0,0,5,29292,5,2,29290,227,29063,233,10844,340,9330,899,185,6000,668,360,63,141
1461,Ostrołęka,mazowieckie,29,41941,36668,14721,21947,6,65,6,6,0,0,0,0,6,21950,6,0,21950,163,21787,256,8760,199,5788,777,124,5046,470,240,23,104
1462,Płock,mazowieckie,70,98320,85006,34719,50293,13,148,18,16,0,0,0,0,16,50300,16,1,50299,349,49950,271,17396,502,16638,1516,203,10993,1248,900,76,207
1463,Radom,mazowieckie,114,171146,148337,59484,88852,20,376,33,32,2,0,0,0,30,88872,30,8,88864,694,88170,919,32672,832,27318,2459,467,20126,1654,1125,163,435
1464,Siedlce,mazowieckie,43,60865,52501,19028,33472,14,176,10,10,0,0,0,0,10,33482,10,1,33481,234,33247,524,12976,391,9177,1380,214,7146,788,402,64,185
1465,Warszawa,mazowieckie,888,1353226,1148304,322947,825342,317,14263,934,887,44,0,1,1,826,825966,843,361,825605,9114,816491,9041,224390,4721,352835,25793,4162,148507,18129,19555,3943,5415
1499,Zagranica,mazowieckie,229,196121,204248,65177,139055,0,3365,34021,27403,1169,10,23,16,26329,165574,26322,85,165489,1270,164219,4813,40496,516,34744,13125,1460,62984,2037,2719,628,697
1601,brzeski,opolskie,79,72841,62547,27586,34961,18,175,21,21,1,0,0,0,20,34975,20,0,34975,255,34720,182,9152,247,9607,762,102,13773,489,278,31,97
1602,głubczycki,opolskie,52,38765,33430,16874,16556,4,82,10,9,0,0,0,0,9,16565,9,1,16564,139,16425,97,6504,136,5072,464,68,3560,353,129,6,36
1603,kędzierzyńsko-kozielski,opolskie,64,76917,66775,35428,31346,6,110,21,18,0,0,0,0,18,31362,18,0,31362,328,31034,295,7445,229,13242,1086,152,7154,793,429,45,164
1604,kluczborski,opolskie,62,54705,47357,25187,22171,13,94,8,8,0,0,0,0,8,22178,8,0,22178,161,22017,153,6610,255,8460,651,88,5034,458,207,29,72
1605,krapkowicki,opolskie,59,52465,45385,26622,18763,2,90,8,8,0,0,0,0,7,18769,7,0,18769,183,18586,96,3767,146,8034,616,77,5189,397,183,16,65
1606,namysłowski,opolskie,55,34584,30102,14507,15595,10,74,5,5,0,0,0,0,5,15599,5,1,15598,121,15477,74,4919,241,5683,493,68,3382,378,159,22,58
1607,nyski,opolskie,126,115386,100284,50089,50193,18,255,33,33,1,0,0,0,32,50218,32,5,50213,409,49804,313,15551,468,16154,1268,144,14138,990,568,39,171
1608,oleski,opolskie,58,53760,46126,25203,20923,7,138,7,7,0,0,0,0,7,20927,7,0,20927,208,20719,104,6080,293,7946,670,83,4493,663,253,33,101
1609,opolski,opolskie,125,108375,93134,51211,41923,13,197,9,9,0,0,0,0,9,41930,9,0,41930,418,41512,330,8069,302,17249,1029,115,13109,736,378,64,131
1610,prudnicki,opolskie,72,45742,39498,20715,18783,9,93,8,8,0,0,0,0,8,18791,8,0,18791,137,18654,199,5539,167,6630,512,60,4990,363,146,10,38
1611,strzelecki,opolskie,73,63147,54287,30738,23549,1,90,6,6,0,0,0,0,6,23553,6,0,23553,194,23359,178,5542,162,9993,639,84,5793,610,239,28,91
1661,Opole,opolskie,72,95489,84554,33942,50611,22,436,44,43,1,0,0,0,42,50647,42,13,50634,396,50238,408,9475,245,21194,1433,130,14879,1206,909,106,253
1801,bieszczadzki,podkarpackie,30,18012,15793,8422,7371,1,103,3,3,0,0,0,0,3,7374,3,0,7374,40,7334,74,2924,178,2101,170,125,1480,186,69,10,17
1802,brzozowski,podkarpackie,59,52868,45766,20316,25450,68,110,4,4,0,0,0,0,4,25453,4,0,25453,128,25325,208,15232,310,3886,674,187,4215,373,152,18,70
1803,dębicki,podkarpackie,109,107696,93318,39255,54063,13,201,24,23,0,0,0,0,23,54081,23,0,54081,430,53651,642,27965,601,9947,1526,387,11028,956,387,41,171
1804,jarosławski,podkarpackie,115,97908,84263,36261,48001,47,208,7,7,0,0,0,0,7,48002,7,1,48001,314,47687,324,24656,950,9494,1378,325,9358,730,317,41,114
1805,jasielski,podkarpackie,119,93134,80804,35549,45255,34,180,24,24,0,0,0,0,24,45276,24,0,45276,251,45025,364,24001,546,8545,1408,218,8689,786,295,40,133
1806,kolbuszowski,podkarpackie,64,49643,43218,19695,23522,8,116,5,4,0,0,0,0,4,23524,4,0,23524,182,23342,174,13534,350,3350,760,179,4347,413,123,37,75
1807,krośnieński,podkarpackie,104,89925,77617,34065,43552,11,468,17,16,1,0,0,0,15,43562,15,2,43560,252,43308,417,22224,646,8961,1387,273,8180,707,317,48,148
1808,leżajski,podkarpackie,53,55529,48203,20020,28192,17,112,7,6,0,0,0,0,6,28195,6,3,28192,175,28017,244,17100,295,3873,869,232,4707,430,193,13,61
1809,lubaczowski,podkarpackie,59,46692,40129,19527,20602,13,288,6,6,0,0,0,0,6,20607,6,8,20599,224,20375,152,9842,574,4514,666,152,3823,431,147,23,51
1810,łańcucki,podkarpackie,57,63443,54699,20123,34575,17,158,6,6,0,0,0,0,6,34580,6,2,34578,159,34419,389,19732,386,5303,1088,207,6501,436,228,38,111
1811,mielecki,podkarpackie,117,108422,93478,40120,53357,24,192,10,9,1,0,0,0,8,53365,8,0,53365,327,53038,558,26301,1047,9671,1602,278,11611,1220,466,47,237
1812,niżański,podkarpackie,65,54429,47100,21933,25167,13,126,5,4,0,0,0,0,4,25171,4,0,25171,185,24986,347,13407,389,3773,1039,281,4978,433,226,23,90
1813,przemyski,podkarpackie,96,59529,51457,24471,26986,13,126,10,9,0,0,0,0,9,26994,9,0,26994,194,26800,208,13134,441,5761,790,233,5426,477,246,14,70
1814,przeworski,podkarpackie,72,63956,54415,24191,30224,20,119,5,5,0,1,0,0,4,30217,4,0,30217,192,30025,240,15880,692,5420,919,200,5871,474,202,27,100
1815,ropczycko-sędziszowski,podkarpackie,69,58031,49953,19379,30574,16,87,1,1,0,0,0,0,1,30572,1,0,30572,213,30359,310,17895,455,4029,834,159,5903,490,165,25,94
1816,rzeszowski,podkarpackie,129,130755,112425,41715,70710,25,251,6,6,0,0,0,0,6,70715,6,3,70712,475,70237,735,39247,827,11155,2484,419,13622,997,408,91,252
1817,sanocki,podkarpackie,73,77232,66966,32447,34523,17,179,7,7,0,0,0,0,7,34527,7,1,34526,205,34321,300,15296,496,8913,963,237,6966,696,303,36,115
1818,stalowowolski,podkarpackie,83,86246,74983,33339,41644,8,236,28,24,1,0,0,1,20,41664,22,2,41662,265,41397,366,19601,493,9048,1530,332,8561,847,428,38,153
1819,strzyżowski,podkarpackie,64,49770,42688,18215,24473,7,89,7,6,0,0,0,0,6,24478,6,0,24478,178,24300,274,13296,365,4094,1000,245,4398,403,115,28,82
1820,tarnobrzeski,podkarpackie,48,43873,38077,17761,20316,11,125,4,3,0,0,0,0,3,20319,3,0,20319,121,20198,158,9940,432,4086,574,141,4279,368,148,13,59
1821,leski,podkarpackie,31,23006,19753,9245,10508,3,376,3,3,0,0,0,0,3,10511,3,0,10511,74,10437,81,4997,158,2607,245,50,1901,242,123,12,21
1861,Krosno,podkarpackie,28,38202,33320,13897,19426,7,81,11,11,2,0,0,0,9,19433,9,5,19428,92,19336,199,7736,149,5883,682,123,3793,417,255,20,79
1862,Przemyśl,podkarpackie,39,51141,45067,20510,24556,21,208,40,40,0,0,0,0,40,24594,40,4,24590,169,24421,245,9173,156,7367,633,217,5675,555,295,21,84
1863,Rzeszów,podkarpackie,93,142941,123211,42443,80768,16,1007,48,46,5,0,0,1,40,80788,40,2,80786,503,80283,977,29901,602,23179,3573,480,18178,1799,1043,163,388
1864,Tarnobrzeg,podkarpackie,34,38845,34175,15432,18743,12,119,3,3,0,0,0,0,3,18744,3,0,18744,140,18604,146,6338,238,6002,602,220,4153,536,262,24,83
2001,augustowski,podlaskie,45,47442,40762,20073,20689,18,208,12,11,0,0,0,0,11,20699,11,5,20694,138,20556,146,8399,354,6235,581,101,3977,433,209,25,96
2002,białostocki,podlaskie,123,116267,101213,43455,57757,24,314,32,32,1,0,0,0,31,57788,31,4,57784,500,57284,639,23945,684,14767,2180,504,12326,1370,586,65,218
2003,bielski,podlaskie,50,47602,41293,19950,21342,26,117,3,3,0,0,0,0,3,21343,3,1,21342,174,21168,183,8926,333,5748,821,137,3704,917,305,24,70
2004,grajewski,podlaskie,43,38939,33675,17894,15781,4,101,6,5,0,0,0,0,5,15785,5,0,15785,113,15672,145,7226,331,3943,586,134,2846,251,130,18,62
2005,hajnowski,podlaskie,47,38584,33263,17961,15302,2,157,8,8,0,0,1,0,7,15308,7,0,15308,169,15139,84,2628,381,6040,857,85,3378,1175,407,19,85
2006,kolneński,podlaskie,42,31441,27022,14097,12925,8,35,4,4,0,0,0,0,4,12927,4,0,12927,97,12830,119,7141,334,2331,352,75,2152,227,50,14,35
2007,łomżyński,podlaskie,53,41506,35533,17620,17913,10,74,14,14,0,0,0,0,14,17924,14,0,17924,93,17831,167,10102,304,2856,530,111,3296,296,92,20,57
2008,moniecki,podlaskie,32,34591,29618,16086,13532,11,93,2,2,0,0,0,0,2,13534,2,0,13534,143,13391,113,6218,364,3100,400,111,2637,289,101,16,42
2009,sejneński,podlaskie,23,17129,14658,7756,6902,10,126,4,3,0,0,0,0,3,6905,3,1,6904,39,6865,44,2087,151,2910,230,21,1143,164,86,5,24
2010,siemiatycki,podlaskie,48,38751,33607,17626,15985,9,165,12,12,0,0,0,0,12,15996,12,1,15995,126,15869,132,6559,329,4728,509,107,2668,568,194,19,56
2011,sokólski,podlaskie,66,58069,49785,25500,24284,24,189,3,3,0,0,0,0,3,24284,3,0,24284,187,24097,225,10321,596,6538,1040,188,4281,625,168,26,89
2012,suwalski,podlaskie,33,29098,25008,12753,12255,5,123,2,2,0,0,0,0,2,12257,2,0,12257,73,12184,105,4846,251,3377,519,73,2498,278,173,22,42
2013,wysokomazowiecki,podlaskie,60,47375,40869,17501,23368,8,91,4,4,0,0,0,0,4,23368,4,0,23368,179,23189,192,14511,443,3522,572,191,3147,407,115,27,62
2014,zambrowski,podlaskie,45,36306,31677,15125,16552,11,51,1,1,0,0,0,0,1,16552,1,1,16551,147,16404,129,8735,281,3369,485,105,2831,307,95,9,58
2061,Białystok,podlaskie,182,226876,196606,73537,123068,32,842,91,85,2,1,0,0,82,123133,82,12,123121,986,122135,1407,40099,885,38957,5219,780,28645,3429,1876,262,576
2062,Łomża,podlaskie,32,48539,42567,19316,23251,12,127,10,10,0,0,0,0,10,23260,10,0,23260,147,23113,274,9848,177,6106,676,156,5119,446,176,25,110
2063,Suwałki,podlaskie,37,53638,47389,22056,25333,16,134,9,8,0,0,0,0,8,25338,8,1,25337,217,25120,236,8564,192,8310,932,150,5595,634,368,27,112
2201,bytowski,pomorskie,70,60973,52960,26037,26923,4,156,14,14,0,0,0,0,14,26935,14,5,26930,264,26666,164,8606,278,11072,747,113,4706,586,279,29,86
2202,chojnicki,pomorskie,68,74099,64367,29651,34716,17,349,18,18,0,0,0,0,18,34729,18,1,34728,210,34518,214,11984,302,13659,1011,131,5890,856,313,45,113
2203,człuchowski,pomorskie,56,46201,39706,21139,18567,1,113,11,11,1,0,0,0,10,18577,10,1,18576,172,18404,93,4421,311,8459,554,92,3463,640,263,25,83
2204,gdański,pomorskie,58,79725,68111,28752,39358,6,274,36,31,1,0,0,0,30,39387,30,2,39385,388,38997,318,9465,313,16921,1347,188,8648,841,617,121,218
2205,kartuski,pomorskie,75,92679,78823,29638,49185,12,435,16,16,0,0,0,0,16,49193,16,6,49187,410,48777,433,18302,426,18310,1231,258,8318,803,404,80,212
2206,kościerski,pomorskie,48,54376,46505,19847,26660,4,256,14,12,0,0,0,0,12,26671,12,3,26668,207,26461,201,9836,258,10277,557,139,4329,563,185,35,81
2207,kwidzyński,pomorskie,65,64458,55556,29026,26530,14,126,13,13,1,0,0,0,12,26540,12,0,26540,210,26330,142,7582,237,10527,944,154,5549,756,301,30,108
2208,lęborski,pomorskie,47,50797,43696,20343,23353,9,265,4,3,0,0,0,0,3,23353,3,2,23351,327,23024,178,6321,167,10213,770,105,4233,577,307,27,126
2209,malborski,pomorskie,40,50352,43777,22458,21318,15,78,14,13,2,0,0,0,11,21328,11,1,21327,202,21125,123,5348,251,9165,637,98,4516,559,300,25,103
2210,nowodworski,pomorskie,30,29141,24767,12789,11978,2,500,5,5,1,0,0,0,5,11983,5,0,11983,88,11895,78,2846,197,5439,335,49,2399,292,174,28,58
2211,pucki,pomorskie,55,63599,54498,21227,33271,13,877,10,9,0,0,0,0,9,33273,9,4,33269,291,32978,307,8498,254,14126,1051,115,7377,613,417,57,163
2212,słupski,pomorskie,89,75972,65249,34935,30314,7,773,15,15,0,0,0,0,15,30326,15,0,30326,351,29975,148,7897,368,13134,926,147,5877,810,508,49,111
2213,starogardzki,pomorskie,95,97151,83795,39293,44502,11,255,9,9,0,0,0,0,9,44509,9,4,44505,290,44215,275,15808,550,16399,1173,214,7962,1078,453,83,220
2214,tczewski,pomorskie,77,88045,76321,35948,40385,18,117,22,22,3,0,0,0,19,40401,19,4,40397,309,40088,273,12057,356,16754,1248,217,7751,795,383,59,195
2215,wejherowski,pomorskie,118,154091,131860,52134,79738,21,411,50,48,3,0,0,0,45,79770,45,5,79765,694,79071,713,23334,595,31625,2815,415,16411,1551,994,198,420
2216,sztumski,pomorskie,41,33921,29797,17102,12695,5,48,2,2,0,0,0,0,2,12697,2,0,12697,116,12581,63,3272,217,5528,396,55,2523,339,136,19,33
2261,Gdańsk,pomorskie,226,357316,306820,104151,202660,55,2770,133,126,5,1,0,2,119,202748,119,13,202735,1784,200951,1838,49875,1057,91207,7124,884,39119,4075,3712,753,1307
2262,Gdynia,pomorskie,121,192140,165708,54306,111364,44,1088,158,147,11,4,0,1,131,111442,130,12,111430,1137,110293,887,25060,603,52012,3625,640,21599,2551,2172,383,761
2263,Słupsk,pomorskie,47,73615,64312,29908,34405,12,189,12,12,1,0,0,0,11,34411,11,1,34410,301,34109,254,8809,250,15073,1020,201,6580,932,756,80,154
2264,Sopot,pomorskie,21,30744,25984,7557,18427,28,647,17,14,0,0,0,0,14,18435,14,2,18433,205,18228,217,4352,89,9018,561,87,2975,356,388,63,122
2299,statki,pomorskie,2,83,180,102,78,0,10,0,0,0,0,0,0,0,78,0,0,78,1,77,0,18,1,22,0,0,34,2,0,0,0
2401,będziński,śląskie,106,122838,105739,46118,59620,10,214,19,18,3,0,0,0,15,59632,15,10,59622,464,59158,348,15051,529,22844,1904,256,14651,2015,1160,119,281
2402,bielski,śląskie,95,127526,109805,39073,70731,22,422,37,35,5,0,0,0,30,70739,30,4,70735,500,70235,511,25228,577,23731,2174,295,15051,1451,783,120,314
2403,cieszyński,śląskie,128,141702,122073,47425,74643,46,1066,49,47,1,0,0,0,46,74674,46,14,74660,499,74161,556,22247,616,29572,2414,290,14911,1983,1142,108,322
2404,częstochowski,śląskie,120,111338,95733,43475,52258,21,250,10,10,0,0,0,0,10,52264,10,0,52264,469,51795,298,18622,1091,14596,1627,303,12761,1487,731,95,184
2405,gliwicki,śląskie,76,91135,78737,36191,42546,6,123,17,17,2,0,0,0,15,42554,15,1,42553,330,42223,276,13167,334,15294,1386,155,9926,999,452,65,169
2406,kłobucki,śląskie,71,70107,59962,28012,31950,13,160,9,9,0,0,0,0,9,31956,9,0,31956,293,31663,228,11246,579,9285,1098,149,7504,970,433,39,132
2407,lubliniecki,śląskie,60,62937,55117,26222,28897,13,206,9,7,0,0,0,0,7,28900,7,1,28899,208,28691,232,10088,242,9625,835,76,6480,690,284,33,106
2408,mikołowski,śląskie,70,75432,64787,23952,40835,17,98,20,20,1,0,0,0,19,40849,19,2,40847,278,40569,284,13607,215,13613,1171,157,9906,945,433,78,160
2409,myszkowski,śląskie,55,58649,50146,23474,26672,12,175,7,7,0,0,0,0,7,26678,7,0,26678,218,26460,199,9399,393,7810,1021,119,6255,741,355,53,115
2410,pszczyński,śląskie,76,85175,72772,24644,48125,20,190,28,26,0,0,0,0,26,48145,26,0,48145,324,47821,342,19669,349,13056,1303,205,11231,962,433,67,204
2411,raciborski,śląskie,71,87200,74903,39400,35503,9,130,29,29,0,0,0,0,29,35529,29,0,35529,390,35139,270,10148,277,13919,1357,143,7506,878,465,49,127
2412,rybnicki,śląskie,48,60453,52207,21411,30795,8,73,24,23,0,0,0,1,22,30816,22,1,30815,194,30621,177,12175,170,9096,863,127,6780,859,236,36,102
2413,tarnogórski,śląskie,93,111287,96299,41367,54933,18,211,21,20,1,0,0,0,19,54951,19,10,54941,519,54422,509,17234,340,19586,1972,169,12352,1250,687,82,241
2414,bieruńsko-lędziński,śląskie,41,46080,39022,14324,24698,11,71,15,15,0,0,0,0,15,24710,15,0,24710,173,24537,218,10554,122,6170,713,85,5899,426,203,39,108
2415,wodzisławski,śląskie,99,124554,107552,44710,62842,27,221,36,35,4,0,0,0,31,62863,31,6,62857,422,62435,525,22994,435,19634,1736,266,14255,1685,610,86,209
2416,zawierciański,śląskie,103,99731,85868,39102,46765,25,270,9,7,0,0,0,0,7,46772,7,2,46770,398,46372,227,15931,1009,13998,1528,223,10962,1503,751,57,183
2417,żywiecki,śląskie,111,122303,104435,40545,63878,48,630,12,11,0,0,0,0,11,63889,11,16,63873,462,63411,666,29445,530,17772,1805,240,11031,1118,503,81,220
2461,Bielsko-Biała,śląskie,80,136574,117593,42232,75367,27,451,49,49,1,0,0,0,48,75363,48,5,75358,540,74818,678,23462,462,28412,2359,272,15968,1534,1164,166,341
2462,Bytom,śląskie,80,129023,113011,56432,56580,11,183,39,34,3,0,0,0,31,56605,31,16,56589,438,56151,404,14907,302,20725,2079,256,14824,1405,882,117,250
2463,Chorzów,śląskie,64,85476,74024,33561,40463,20,140,147,137,7,0,0,0,130,40585,130,4,40581,500,40081,297,9139,192,16976,1535,139,9860,1001,616,93,233
2464,Częstochowa,śląskie,135,185456,160610,65954,94643,23,561,62,55,0,0,0,0,55,94690,55,29,94661,725,93936,671,28919,639,33359,2945,376,22284,2515,1630,188,410
2465,Dąbrowa Górnicza,śląskie,67,99433,85528,37207,48321,9,151,20,19,1,0,0,0,18,48333,18,1,48332,438,47894,257,12503,367,17964,1601,229,11965,1638,1004,94,272
2466,Gliwice,śląskie,120,145096,126051,50336,75715,28,388,58,54,4,0,0,0,50,75750,50,9,75741,660,75081,679,18043,516,31232,2793,256,17871,1893,1237,189,372
2467,Jastrzębie-Zdrój,śląskie,45,72036,63599,25877,37728,9,109,18,18,0,0,0,0,18,37743,18,1,37742,268,37474,254,14083,232,10123,940,211,10207,830,416,40,138
2468,Jaworzno,śląskie,46,74850,64534,27954,36580,16,102,20,18,2,1,0,0,15,36592,15,1,36591,297,36294,238,11513,260,12099,1216,178,8944,977,589,67,213
2469,Katowice,śląskie,169,240678,209170,81241,127940,32,974,135,131,7,0,0,0,124,128046,124,6,128040,1181,126859,901,32948,660,53245,4260,430,27919,3107,2356,333,700
2470,Mysłowice,śląskie,41,58535,50769,21106,29662,6,116,29,28,3,0,2,0,23,29679,23,1,29678,254,29424,190,9330,131,9998,878,105,7380,782,417,82,131
2471,Piekary Śląskie,śląskie,32,44957,39015,17057,21956,4,61,4,4,1,0,0,0,3,21960,3,0,21960,188,21772,140,7201,102,7590,731,70,5191,427,204,33,83
2472,Ruda Śląska,śląskie,80,110419,95542,41562,53980,8,222,19,19,5,0,0,0,14,53981,14,8,53973,509,53464,309,16811,285,17780,1497,171,14615,1079,610,95,212
2473,Rybnik,śląskie,70,109078,95295,39212,56083,14,168,20,19,0,0,0,0,19,56100,19,3,56097,376,55721,401,18025,289,18553,1887,194,13354,2089,628,86,215
2474,Siemianowice Śląskie,śląskie,40,54472,46711,20001,26710,2,85,13,13,1,0,0,0,12,26718,12,2,26716,231,26485,165,6364,147,11060,973,96,6412,656,416,50,146
2475,Sosnowiec,śląskie,117,171412,147603,65112,82491,8,337,32,31,1,1,0,0,29,82515,29,4,82511,607,81904,460,21304,667,31523,2663,374,19748,2881,1751,166,367
2476,Świętochłowice,śląskie,26,40066,34712,17123,17589,2,48,9,9,0,0,0,0,9,17595,9,0,17595,152,17443,128,4681,85,6709,639,64,4372,446,210,35,74
2477,Tychy,śląskie,66,101685,87922,32680,55243,12,182,52,51,3,0,0,0,48,55290,48,0,55290,356,54934,383,16996,326,18784,1720,217,14108,1181,790,138,291
2478,Zabrze,śląskie,91,137888,119873,61040,58833,24,271,21,20,2,0,0,0,18,58852,18,2,58850,602,58248,384,14681,360,21804,1899,238,16215,1417,880,113,257
2479,Żory,śląskie,33,47216,41134,16589,24545,2,87,10,10,0,0,0,0,10,24555,10,0,24555,171,24384,141,8064,145,7725,764,84,6418,642,267,32,102
2601,buski,świętokrzyskie,63,61777,52824,25245,27579,33,743,3,3,0,0,0,0,3,27580,3,0,27580,226,27354,111,9861,6340,5363,726,104,3993,506,234,23,93
2602,jędrzejowski,świętokrzyskie,75,71537,61638,29886,31752,11,189,6,6,0,0,0,0,6,31757,6,1,31756,215,31541,169,13081,4965,5626,834,124,5635,710,291,18,88
2603,kazimierski,świętokrzyskie,31,29103,24924,14408,10516,8,58,9,9,2,0,0,0,7,10522,7,8,10514,54,10460,35,3940,2151,1978,231,47,1584,306,93,12,83
2604,kielecki,świętokrzyskie,183,166341,144213,63626,80588,22,375,14,13,0,0,0,0,13,80589,13,0,80589,581,80008,531,34599,12605,12699,2745,415,14243,1236,574,72,289
2605,konecki,świętokrzyskie,74,68923,59290,28422,30868,16,206,10,8,0,0,0,0,8,30877,8,15,30862,200,30662,170,13458,3013,6522,794,182,5305,791,310,25,92
2606,opatowski,świętokrzyskie,53,44955,38580,18407,20172,37,178,3,3,0,0,0,0,3,20172,3,0,20172,226,19946,90,7235,4446,3496,486,91,3304,495,226,16,61
2607,ostrowiecki,świętokrzyskie,78,92756,80643,42159,38474,23,190,9,9,0,0,0,0,9,38490,9,1,38489,230,38259,232,12676,3044,10739,1019,258,8466,1078,567,47,133
2608,pińczowski,świętokrzyskie,35,34323,29603,15317,14286,10,106,1,1,0,0,0,0,1,14286,1,1,14285,120,14165,77,4884,3167,2825,465,51,2078,404,155,17,42
2609,sandomierski,świętokrzyskie,62,65921,57083,28622,28461,19,225,5,4,0,0,0,0,4,28461,4,1,28460,250,28210,196,10791,3136,6487,839,238,5522,576,308,32,85
2610,skarżyski,świętokrzyskie,57,64641,56004,26066,29938,14,117,24,23,0,0,0,0,23,29956,23,0,29956,250,29706,165,10793,2229,8489,854,127,5960,632,318,28,111
2611,starachowicki,świętokrzyskie,66,76072,66356,31652,34703,40,164,6,6,0,0,0,0,6,34708,6,2,34706,226,34480,282,13622,2769,8484,1094,202,6799,711,385,34,98
2612,staszowski,świętokrzyskie,69,60312,51643,25653,25990,3,163,8,8,2,0,0,0,6,25994,6,0,25994,205,25789,110,11284,3807,4381,845,121,4473,470,187,29,82
2613,włoszczowski,świętokrzyskie,41,37967,32902,14711,18191,7,113,0,0,0,0,0,0,0,18191,0,0,18191,134,18057,93,7853,3082,2875,566,65,2957,370,149,14,33
2661,Kielce,świętokrzyskie,93,160675,138954,50811,88144,30,472,34,31,3,0,0,0,28,88126,28,10,88116,692,87424,726,27321,7154,26489,3190,394,18206,2002,1344,192,406
2801,bartoszycki,warmińsko-mazurskie,43,49461,43370,23987,19383,10,100,4,4,0,0,0,0,4,19386,4,0,19386,140,19246,109,5191,277,7939,588,90,4152,613,216,16,55
2802,braniewski,warmińsko-mazurskie,36,34421,30029,16558,13471,5,62,7,7,0,0,0,0,7,13478,7,1,13477,84,13393,60,3738,188,5617,447,73,2691,370,160,11,38
2803,działdowski,warmińsko-mazurskie,55,52587,45385,24225,21160,15,109,7,7,0,0,0,0,7,21166,7,0,21166,232,20934,121,7736,300,7850,579,80,3396,562,217,18,75
2804,elbląski,warmińsko-mazurskie,43,46051,39705,22684,17021,8,67,4,4,1,0,0,0,3,17022,3,1,17021,122,16899,93,4679,231,6917,600,74,3606,414,199,32,54
2805,ełcki,warmińsko-mazurskie,56,68396,60088,33456,26632,6,185,9,6,0,0,0,0,6,26638,6,1,26637,249,26388,278,8912,331,8566,1120,143,5966,600,334,33,105
2806,giżycki,warmińsko-mazurskie,50,46310,40139,21274,18865,9,320,17,17,1,0,0,0,16,18881,16,0,18881,155,18726,158,4792,264,8329,700,96,3460,507,328,24,68
2807,iławski,warmińsko-mazurskie,69,73488,64221,32759,31462,8,147,13,11,0,0,0,0,11,31470,11,0,31470,217,31253,194,9964,379,11714,1190,155,6242,843,395,49,128
2808,kętrzyński,warmińsko-mazurskie,60,52962,45626,25546,20080,6,129,6,6,0,0,0,0,6,20086,6,0,20086,165,19921,101,5686,336,7950,594,117,4161,572,296,25,83
2809,lidzbarski,warmińsko-mazurskie,34,33970,29381,15746,13635,9,93,3,3,0,0,0,0,3,13637,3,0,13637,125,13512,81,3995,154,5443,466,70,2698,354,168,26,57
2810,mrągowski,warmińsko-mazurskie,41,40507,35604,18599,17006,9,239,2,2,0,0,0,0,2,17008,2,0,17008,144,16864,139,4935,232,6378,628,82,3673,464,230,20,83
2811,nidzicki,warmińsko-mazurskie,31,26715,22969,12617,10352,9,76,5,5,0,0,0,0,5,10355,5,0,10355,114,10241,62,3785,160,3628,320,51,1763,314,111,5,42
2812,nowomiejski,warmińsko-mazurskie,32,34472,29695,14936,14760,9,94,0,0,0,0,0,0,0,14758,0,0,14758,124,14634,84,5524,254,5216,346,102,2554,366,126,10,52
2813,olecki,warmińsko-mazurskie,38,27151,23488,13144,10343,6,76,8,8,0,0,0,0,8,10350,8,0,10350,93,10257,117,3317,129,3656,372,71,2187,227,130,8,43
2814,olsztyński,warmińsko-mazurskie,130,97620,83855,43135,40721,10,311,37,33,2,1,0,0,30,40746,30,1,40745,391,40354,329,10653,611,16260,1464,225,8874,1093,599,76,170
2815,ostródzki,warmińsko-mazurskie,85,84256,71704,38311,33393,12,288,7,6,0,0,1,0,5,33391,5,1,33390,278,33112,151,8986,349,14273,1043,192,6668,869,424,35,122
2816,piski,warmińsko-mazurskie,44,45720,39687,21602,18085,6,364,3,3,0,0,0,0,3,18088,3,0,18088,162,17926,93,6634,288,6070,585,185,3315,398,253,14,91
2817,szczycieński,warmińsko-mazurskie,73,56805,48792,25237,23555,12,405,3,2,0,0,0,2,2,23555,2,4,23551,272,23279,197,7713,428,8131,785,157,4835,548,339,26,120
2818,gołdapski,warmińsko-mazurskie,23,21827,19116,11338,7778,5,147,2,2,0,0,0,0,2,7780,2,1,7779,70,7709,46,2102,98,3274,249,35,1570,207,98,11,19
2819,węgorzewski,warmińsko-mazurskie,25,19168,17002,10208,6794,1,94,0,0,0,0,0,0,0,6794,0,0,6794,34,6760,36,1785,107,3097,189,33,1243,167,69,16,18
2861,Elbląg,warmińsko-mazurskie,62,95674,83483,39373,44108,15,165,24,21,0,0,0,0,21,44126,21,4,44122,344,43778,267,11902,266,18399,1518,187,9213,1141,618,87,180
2862,Olsztyn,warmińsko-mazurskie,101,134733,117100,45772,71327,25,812,60,55,0,1,0,0,54,71369,54,4,71365,745,70620,714,17830,589,28718,2805,388,15841,1827,1254,220,434
3001,chodzieski,wielkopolskie,35,37563,32270,14649,17619,12,74,6,6,1,0,0,0,5,17621,5,0,17621,193,17428,74,3945,222,8515,436,92,3205,593,254,28,64
3002,czarnkowsko-trzcianecki,wielkopolskie,69,68988,58694,28465,30229,11,143,13,13,0,0,0,0,13,30238,13,0,30238,303,29935,164,8473,449,13143,764,108,5514,799,356,43,122
3003,gnieźnieński,wielkopolskie,91,114239,98007,44487,53520,16,217,57,53,1,0,0,0,52,53568,52,2,53566,573,52993,300,15877,734,20142,1473,302,11449,1653,773,82,208
3004,gostyński,wielkopolskie,56,60769,52456,25950,26506,5,80,9,9,0,0,0,0,9,26512,9,0,26512,179,26333,166,8661,476,9458,795,130,5349,874,270,39,115
3005,grodziski,wielkopolskie,30,39655,33887,16356,17531,1,77,1,1,0,0,0,0,1,17528,1,0,17528,137,17391,107,5264,319,7370,513,84,2914,555,156,22,87
3006,jarociński,wielkopolskie,41,56802,49353,23383,25970,11,127,15,15,0,0,0,0,15,25982,15,0,25982,182,25800,113,8397,418,9562,641,92,5536,706,230,34,71
3007,kaliski,wielkopolskie,64,66202,56810,29148,27662,5,96,4,1,0,0,0,0,1,27662,1,1,27661,216,27445,195,10500,845,7947,844,146,5377,1087,321,49,134
3008,kępiński,wielkopolskie,43,44744,38910,17602,21308,8,63,7,7,1,0,0,0,6,21313,6,0,21313,112,21201,119,6750,344,8618,472,93,3923,549,230,26,77
3009,kolski,wielkopolskie,62,71531,61586,31707,29879,9,141,14,14,1,0,0,0,13,29889,13,0,29889,236,29653,167,12681,625,8545,777,167,5279,941,313,35,123
3010,koniński,wielkopolskie,95,102361,87283,44076,43207,32,239,12,11,0,0,0,0,11,43216,11,0,43216,366,42850,239,19013,807,11518,1095,208,8030,1237,480,54,169
3011,kościański,wielkopolskie,56,62975,54369,25979,28389,6,82,5,4,0,0,0,0,4,28389,4,0,28389,262,28127,129,8457,520,11772,836,123,5008,809,288,44,141
3012,krotoszyński,wielkopolskie,49,61240,52667,25145,27522,6,109,9,9,0,0,0,0,9,27530,9,0,27530,219,27311,140,8802,697,10660,801,112,4798,898,266,37,100
3013,leszczyński,wielkopolskie,37,42431,36176,17338,18838,8,152,4,3,0,0,0,0,3,18840,3,1,18839,141,18698,94,5618,384,7345,541,88,3734,600,193,26,75
3014,międzychodzki,wielkopolskie,22,29245,25041,12711,12330,2,99,3,3,0,0,0,0,3,12333,3,0,12333,114,12219,79,2982,197,5734,292,57,2214,442,149,26,47
3015,nowotomyski,wielkopolskie,49,58046,49306,22022,27283,5,129,8,8,1,0,0,0,7,27291,7,0,27291,190,27101,188,7244,321,12707,802,111,4454,794,326,41,113
3016,obornicki,wielkopolskie,43,45585,38847,17669,21177,5,71,3,3,0,0,0,0,3,21182,3,3,21179,178,21001,130,5385,271,9649,538,113,3887,612,284,43,89
3017,ostrowski,wielkopolskie,109,129119,111236,50653,60583,21,200,29,28,0,0,0,0,28,60591,28,1,60590,380,60210,434,19631,1054,22432,1900,226,11733,1702,751,113,234
3018,ostrzeszowski,wielkopolskie,56,43814,37503,18198,19305,7,109,3,3,0,0,0,0,3,19306,3,0,19306,126,19180,125,6136,473,7034,596,81,3739,632,238,30,96
3019,pilski,wielkopolskie,90,107548,92738,41224,51514,13,241,19,19,0,0,0,0,19,51529,19,0,51529,546,50983,290,14361,575,20072,1705,216,11112,1578,750,74,250
3020,pleszewski,wielkopolskie,55,50011,43005,20610,22395,12,88,9,9,0,0,0,0,9,22402,9,0,22402,177,22225,101,7159,497,8578,587,114,4150,698,222,25,94
3021,poznański,wielkopolskie,218,272496,232073,85856,146218,38,997,107,101,2,0,0,1,98,146282,98,44,146238,1372,144866,1016,32618,1247,68984,4531,591,28744,3155,2721,432,827
3022,rawicki,wielkopolskie,45,48038,41619,20806,20814,5,72,7,7,0,0,0,0,7,20818,7,0,20818,128,20690,137,5734,493,8887,634,93,3647,696,259,24,86
3023,słupecki,wielkopolskie,42,48061,41368,20497,20871,6,109,8,8,1,0,0,1,6,20877,6,0,20877,237,20640,105,7253,456,7096,511,70,4093,693,252,24,87
3024,szamotulski,wielkopolskie,54,71564,61613,29369,32244,13,138,26,25,0,0,0,0,25,32266,25,0,32266,360,31906,169,8459,409,14336,792,98,5951,1103,382,65,142
3025,średzki,wielkopolskie,39,44947,38147,16542,21605,7,94,4,4,0,0,0,0,4,21605,4,1,21604,211,21393,109,6158,313,8575,764,135,4229,644,307,60,99
3026,śremski,wielkopolskie,40,47459,41143,19178,21965,4,79,20,20,0,0,0,0,20,21983,20,0,21983,174,21809,118,6195,330,8818,726,100,4316,742,311,42,111
3027,turecki,wielkopolskie,62,67586,57354,26297,31056,8,92,9,7,0,0,0,0,7,31063,7,0,31063,295,30768,168,12964,596,8238,808,125,6337,1063,330,37,102
3028,wągrowiecki,wielkopolskie,45,54341,46442,23236,23205,12,93,9,9,0,0,0,0,9,23215,9,0,23215,207,23008,118,6139,552,9873,645,100,4399,824,254,32,72
3029,wolsztyński,wielkopolskie,40,44324,38232,16836,21496,8,191,6,6,0,0,0,0,6,21500,6,0,21500,156,21344,163,5736,383,9507,815,101,3665,593,253,42,86
3030,wrzesiński,wielkopolskie,50,60141,51249,23444,27804,4,102,4,4,0,0,0,0,4,27805,4,0,27805,218,27587,146,8438,394,10875,743,94,5624,783,320,55,115
3031,złotowski,wielkopolskie,48,54941,47656,24076,23580,9,107,13,13,0,0,0,0,13,23591,13,0,23591,292,23299,84,6410,362,9999,801,87,4313,866,269,27,81
3061,Kalisz,wielkopolskie,55,81661,71111,29952,41159,13,195,27,25,1,0,0,0,24,41177,24,1,41176,271,40905,289,11045,332,17196,1257,135,8370,1342,680,58,201
3062,Konin,wielkopolskie,47,61864,53426,22107,31319,3,123,14,12,0,0,0,0,12,31326,12,1,31325,296,31029,149,10425,242,11321,770,109,6309,992,518,49,145
3063,Leszno,wielkopolskie,34,50255,43604,18870,24734,10,122,15,14,1,0,0,0,13,24737,13,0,24737,185,24552,128,5740,220,11256,842,106,4888,816,390,52,114
3064,Poznań,wielkopolskie,257,419262,357892,125671,232249,69,4144,190,176,8,0,0,0,169,232308,169,67,232241,2259,229982,1844,50798,1210,113937,7850,897,40887,5222,4954,955,1428
3201,białogardzki,zachodniopomorskie,36,38374,33456,18999,14460,11,73,6,5,0,0,0,0,5,14459,5,5,14454,110,14344,64,3962,170,5950,365,64,3005,479,208,26,51
3202,choszczeński,zachodniopomorskie,40,39960,34394,19932,14462,6,82,7,7,0,0,0,0,7,14469,7,0,14469,100,14369,63,3885,224,6148,439,57,2846,416,230,14,47
3203,drawski,zachodniopomorskie,55,47432,40363,21608,18755,11,544,156,73,14,0,0,2,57,18808,57,0,18808,253,18555,82,5054,255,7980,527,106,3638,525,286,20,82
3204,goleniowski,zachodniopomorskie,56,65750,56385,29270,27115,6,128,9,9,0,0,0,0,9,27119,9,3,27116,264,26852,138,6789,321,11218,926,108,5967,867,406,34,78
3205,gryficki,zachodniopomorskie,46,49663,42630,22488,20142,6,593,23,23,0,0,0,0,23,20162,23,0,20162,288,19874,96,5289,297,8430,582,71,4123,618,297,17,54
3206,gryfiński,zachodniopomorskie,59,66117,56648,30354,26292,16,104,23,23,6,0,0,0,17,26310,17,3,26307,243,26064,162,7511,259,10847,924,136,5032,719,371,30,73
3207,kamieński,zachodniopomorskie,45,39541,33445,16816,16627,6,694,5,5,0,0,0,0,5,16633,5,1,16632,116,16516,93,3926,179,7663,440,63,3295,513,275,15,54
3208,kołobrzeski,zachodniopomorskie,53,65217,55212,24961,30251,7,2320,53,45,3,0,0,0,42,30289,42,0,30289,208,30081,152,7503,295,13325,810,128,6391,764,562,27,124
3209,koszaliński,zachodniopomorskie,62,52746,45424,23012,22412,3,732,10,8,0,0,0,0,8,22419,8,0,22419,185,22234,132,5662,296,9374,716,102,4874,635,349,19,75
3210,myśliborski,zachodniopomorskie,51,53300,45861,24897,20963,18,127,4,4,0,0,0,0,4,20966,4,0,20966,143,20823,116,6261,250,8690,706,83,3869,521,234,18,75
3211,policki,zachodniopomorskie,43,56705,48853,20909,27944,4,193,41,41,1,0,0,0,40,27980,40,3,27977,251,27726,187,6418,169,11660,1112,126,6588,711,546,77,132
3212,pyrzycki,zachodniopomorskie,27,32006,27619,14744,12875,8,58,0,0,0,0,0,0,0,12875,0,1,12874,115,12759,51,4234,261,4585,402,48,2657,302,166,17,36
3213,sławieński,zachodniopomorskie,46,46226,39666,20522,19144,5,722,11,11,0,0,0,0,11,19151,11,0,19151,115,19036,107,5398,263,7713,543,80,4084,439,315,26,68
3214,stargardzki,zachodniopomorskie,72,95001,82253,40030,42223,15,192,11,11,3,0,0,0,8,42229,8,1,42228,386,41842,230,11489,372,16493,1558,185,9440,1135,715,58,167
3215,szczecinecki,zachodniopomorskie,51,62160,53982,27904,26078,18,198,21,19,0,0,0,0,19,26091,19,0,26091,234,25857,141,7490,280,10021,959,123,5442,832,420,22,127
3216,świdwiński,zachodniopomorskie,37,38829,33739,18620,15121,10,211,10,10,0,0,0,0,10,15131,10,0,15131,92,15039,75,4149,193,6255,382,70,3113,510,220,17,55
3217,wałecki,zachodniopomorskie,37,42583,36668,18849,17817,8,117,9,9,1,0,0,0,8,17825,8,2,17823,188,17635,72,4303,231,7851,501,71,3658,545,284,24,95
3218,łobeski,zachodniopomorskie,29,29915,25686,14929,10760,7,65,6,6,0,0,0,0,6,10762,6,0,10762,100,10662,56,2849,254,4578,324,43,2047,302,160,12,37
3261,Koszalin,zachodniopomorskie,53,85575,74111,29773,44342,20,529,43,38,3,0,0,0,35,44367,35,3,44364,309,44055,262,9984,388,19120,1347,167,10154,1397,934,70,232
3262,Szczecin,zachodniopomorskie,200,308005,266064,110889,155069,51,1394,129,116,13,0,0,1,102,155071,102,8,155063,1329,153734,1173,38973,1003,64577,5759,749,33072,3951,3278,446,753
3263,Świnoujście,zachodniopomorskie,27,33449,28653,12495,16157,7,714,577,12,0,0,0,0,12,16169,12,11,16158,173,15985,76,3683,99,6775,457,75,3909,509,325,24,53
