TERYT,Powiat,Województwo,L. obw.,Liczba wyborców uprawnionych do głosowania,Komisja otrzymała kart do głosowania,Nie wykorzystano kart do głosowania,"Liczba wyborców, którym wydano karty do głosowania",Liczba wyborców głosujących przez pełnomocnika,Liczba wyborców głosujących na podstawie zaświadczenia,"Liczba wyborców, którym wysłano pakiety wyborcze",Liczba otrzymanych kopert zwrotnych,w których nie było oświadczenia,w których oświadczenie nie było podpisane,w których nie było koperty na kartę do głosowania,w których znajdowała się niezaklejona koperta,Liczba kopert na kartę do głosowania wrzuconych do urny,Liczba kart wyjętych z urny,w tym liczba kart wyjętych z kopert,Liczba kart nieważnych,Liczba kart ważnych,Liczba głosów nieważnych,Liczba głosów ważnych,Duda Andrzej Sebastian,Komorowski Bronisław Maria
201,bolesławiecki,dolnośląskie,64,70988,61204,26521,34683,16,351,15,12,-,-,-,-,12,34692,12,-,34692,513,34179,16050,18129
202,dzierżoniowski,dolnośląskie,81,84242,73058,31376,41684,36,355,12,11,1,-,-,-,10,41692,10,1,41691,523,41168,18623,22545
203,głogowski,dolnośląskie,55,70562,61199,22738,38462,11,399,32,27,-,-,-,1,26,38483,26,1,38482,522,37960,20053,17907
204,górowski,dolnośląskie,26,28499,24703,12182,12521,4,110,5,4,-,-,-,-,4,12525,4,4,12521,190,12331,6167,6164
205,jaworski,dolnośląskie,39,41770,36678,16701,19975,10,159,12,10,-,-,-,-,10,19985,10,1,19984,289,19695,9789,9906
206,jeleniogórski,dolnośląskie,56,52940,45028,18760,26267,17,1275,13,10,-,-,-,-,10,26276,10,1,26275,389,25886,9344,16542
207,kamiennogórski,dolnośląskie,34,36372,31665,13971,17694,13,212,5,5,-,-,-,-,5,17698,5,-,17698,268,17430,7609,9821
208,kłodzki,dolnośląskie,145,135304,116173,50822,65351,52,2540,33,31,4,-,-,-,27,65369,27,-,65369,818,64551,28943,35608
209,legnicki,dolnośląskie,46,43191,37460,15844,21616,12,178,8,8,1,-,-,-,7,21621,7,1,21620,325,21295,10964,10331
210,lubański,dolnośląskie,46,45653,39463,17595,21868,5,514,10,9,-,-,-,-,9,21877,9,1,21876,329,21547,9244,12303
211,lubiński,dolnośląskie,74,84125,72916,25645,47270,10,449,16,16,2,-,-,-,14,47284,14,4,47280,616,46664,28504,18160
212,lwówecki,dolnośląskie,38,37817,33074,16045,17029,11,269,9,7,1,-,-,-,6,17034,6,-,17034,213,16821,7555,9266
213,milicki,dolnośląskie,30,29635,25578,10514,15062,9,134,7,6,-,-,-,-,6,15066,6,-,15066,212,14854,7439,7415
214,oleśnicki,dolnośląskie,64,84847,72462,29251,43211,22,310,15,12,3,-,-,-,9,43218,9,-,43218,747,42471,18335,24136
215,oławski,dolnośląskie,50,59602,51248,17874,33374,22,273,31,27,-,-,-,-,27,33399,27,-,33399,433,32966,16763,16203
216,polkowicki,dolnośląskie,45,48886,42213,15967,26246,13,246,19,17,-,-,-,-,17,26262,17,-,26262,318,25944,16653,9291
217,strzeliński,dolnośląskie,35,36432,31326,12785,18544,12,135,3,3,-,-,-,-,3,18546,3,-,18546,228,18318,9595,8723
218,średzki,dolnośląskie,30,41739,35633,14659,20973,15,158,18,16,-,-,-,-,16,20990,16,1,20989,319,20670,10168,10502
219,świdnicki,dolnośląskie,114,128200,110853,44772,66081,47,543,47,40,1,-,-,1,38,66112,38,4,66108,873,65235,28863,36372
220,trzebnicki,dolnośląskie,55,65942,56607,21710,34897,13,433,25,24,-,-,-,-,24,34916,24,-,34916,520,34396,16358,18038
221,wałbrzyski,dolnośląskie,50,46392,40125,17805,22320,11,502,12,12,-,-,-,-,12,22331,12,-,22331,397,21934,8693,13241
222,wołowski,dolnośląskie,34,39767,33935,13777,20158,6,165,9,9,-,-,-,-,9,20167,9,2,20165,262,19903,9722,10181
223,wrocławski,dolnośląskie,85,100414,85481,26322,59158,30,879,57,57,2,-,-,-,55,59208,55,6,59202,937,58265,26814,31451
224,ząbkowicki,dolnośląskie,74,54674,47545,21240,26305,35,323,19,19,1,2,-,-,16,26320,16,-,26320,352,25968,12534,13434
225,zgorzelecki,dolnośląskie,86,74119,64300,28137,36163,14,467,15,13,-,-,-,-,13,36175,13,-,36175,633,35542,17674,17868
226,złotoryjski,dolnośląskie,43,36326,31186,14019,17167,7,153,7,7,-,-,-,-,7,17173,7,1,17172,194,16978,8218,8760
261,Jelenia Góra,dolnośląskie,46,66154,57238,21804,35433,19,859,15,15,-,-,-,-,15,35445,15,2,35443,548,34895,12995,21900
262,Legnica,dolnośląskie,49,78830,68513,26731,41782,5,474,41,38,1,-,-,1,36,41814,36,1,41813,601,41212,19225,21987
264,Wrocław,dolnośląskie,306,502829,425113,116991,308125,103,7847,427,398,9,-,-,-,389,308480,389,18,308462,5275,303187,124803,178384
265,Wałbrzych,dolnośląskie,72,92218,80473,35345,45129,14,334,11,10,1,-,-,-,9,45130,9,4,45126,741,44385,16572,27813
401,aleksandrowski,kujawsko-pomorskie,55,47163,39412,14388,25024,19,1342,14,12,-,-,-,-,12,25035,12,-,25035,347,24688,12145,12543
402,brodnicki,kujawsko-pomorskie,60,60708,51785,21665,30119,16,328,9,8,-,-,-,-,8,30127,8,-,30127,463,29664,14920,14744
403,bydgoski,kujawsko-pomorskie,99,85981,74150,28286,45864,27,493,29,29,2,-,-,-,27,45888,27,4,45884,675,45209,17643,27566
404,chełmiński,kujawsko-pomorskie,48,40183,35242,15883,19358,6,145,11,8,-,-,-,-,8,19366,8,-,19366,268,19098,8262,10836
405,golubsko-dobrzyński,kujawsko-pomorskie,32,35953,31198,14111,17087,14,144,11,11,-,-,-,-,11,17098,11,-,17098,205,16893,9097,7796
406,grudziądzki,kujawsko-pomorskie,42,31201,27067,12737,14331,8,98,6,6,-,-,-,-,6,14337,6,-,14337,163,14174,6669,7505
407,inowrocławski,kujawsko-pomorskie,145,131278,114806,47022,67785,26,844,25,25,-,-,1,-,24,67807,24,-,67807,1032,66775,29021,37754
408,lipnowski,kujawsko-pomorskie,68,52449,45920,22033,23887,27,240,6,4,-,-,-,-,4,23890,4,-,23890,356,23534,12808,10726
409,mogileński,kujawsko-pomorskie,46,37225,32323,13985,18338,11,183,6,6,-,-,-,-,6,18344,6,-,18344,241,18103,8149,9954
410,nakielski,kujawsko-pomorskie,82,67985,59216,24879,34337,15,299,4,4,-,-,-,-,4,34335,4,2,34333,474,33859,13428,20431
411,radziejowski,kujawsko-pomorskie,51,34241,29370,12823,16548,22,170,4,4,-,-,-,-,4,16551,4,2,16549,207,16342,9275,7067
412,rypiński,kujawsko-pomorskie,45,35278,30561,14115,16447,16,172,3,3,-,-,-,-,3,16450,3,-,16450,230,16220,8866,7354
413,sępoleński,kujawsko-pomorskie,42,32311,28124,12538,15586,17,160,4,4,-,-,-,-,4,15590,4,-,15590,175,15415,6073,9342
414,świecki,kujawsko-pomorskie,94,77884,67148,29237,37910,26,424,28,27,-,-,-,-,27,37937,27,4,37933,477,37456,15525,21931
415,toruński,kujawsko-pomorskie,67,77862,67328,27814,39514,19,392,31,30,2,-,-,-,28,39540,28,4,39536,584,38952,18449,20503
416,tucholski,kujawsko-pomorskie,51,37877,32472,12528,19944,13,342,10,9,-,-,-,-,9,19953,9,-,19953,246,19707,9194,10513
417,wąbrzeski,kujawsko-pomorskie,28,27388,23590,10979,12612,8,92,4,4,-,-,-,-,4,12614,4,-,12614,197,12417,5258,7159
418,włocławski,kujawsko-pomorskie,82,70023,60567,28962,31604,28,350,5,5,-,1,-,-,4,31608,4,-,31608,476,31132,16716,14416
419,żniński,kujawsko-pomorskie,78,55814,48318,20407,27911,16,258,10,10,-,-,-,-,10,27920,10,-,27920,439,27481,11778,15703
461,Bydgoszcz,kujawsko-pomorskie,205,278713,241104,80792,160312,71,1981,168,154,4,-,1,-,149,160438,149,15,160423,2334,158089,61587,96502
462,Grudziądz,kujawsko-pomorskie,54,74155,64895,26081,38812,20,331,34,31,-,-,-,-,31,38843,31,3,38840,611,38229,14674,23555
463,Toruń,kujawsko-pomorskie,124,156518,136381,43811,92568,36,1809,76,69,1,-,-,-,68,92628,68,3,92625,1482,91143,37854,53289
464,Włocławek,kujawsko-pomorskie,68,90798,79576,32088,47488,13,361,23,21,-,-,-,-,21,47494,21,4,47490,840,46650,18662,27988
601,bialski,lubelskie,115,90120,80458,33473,46985,34,666,4,4,-,-,-,-,4,46986,4,-,46986,668,46318,30073,16245
602,biłgorajski,lubelskie,98,82952,72100,27745,44355,38,464,5,4,-,-,-,-,4,44359,4,-,44359,494,43865,33252,10613
603,chełmski,lubelskie,92,64412,55721,26696,29025,40,313,10,9,-,-,-,-,9,29034,9,3,29031,395,28636,19289,9347
604,hrubieszowski,lubelskie,69,55244,48133,22837,25296,21,387,5,4,-,-,-,-,4,25299,4,1,25298,250,25048,16758,8290
605,janowski,lubelskie,38,38368,33442,10550,22892,54,148,2,2,-,-,-,-,2,22891,2,-,22891,208,22683,19188,3495
606,krasnostawski,lubelskie,93,55127,48570,21927,26642,14,221,14,13,1,-,-,-,12,26654,12,-,26654,347,26307,17428,8879
607,kraśnicki,lubelskie,86,79025,69180,27144,42036,37,349,2,2,-,-,-,-,2,42036,2,2,42034,598,41436,29834,11602
608,lubartowski,lubelskie,91,71535,61704,22301,39403,35,387,5,2,-,-,-,-,2,39400,2,3,39397,562,38835,27540,11295
609,lubelski,lubelskie,129,118653,101635,34737,66899,38,687,25,25,1,-,-,-,24,66919,24,4,66915,940,65975,47089,18886
610,łęczyński,lubelskie,53,45254,38999,14579,24419,10,264,7,7,-,-,-,-,7,24426,7,-,24426,348,24078,17473,6605
611,łukowski,lubelskie,98,85190,75646,27770,47876,30,439,16,15,-,-,-,-,15,47890,15,-,47890,539,47351,34855,12496
612,opolski,lubelskie,62,50440,43679,18381,25298,12,288,6,5,-,-,-,-,5,25300,5,2,25298,322,24976,17527,7449
613,parczewski,lubelskie,38,29449,25894,10955,14939,17,180,3,2,-,-,-,-,2,14941,2,-,14941,186,14755,9694,5061
614,puławski,lubelskie,98,95074,82682,28244,54438,61,1378,23,21,-,-,-,1,20,54458,20,2,54456,785,53671,34092,19579
615,radzyński,lubelskie,55,48732,43441,17149,26292,13,254,-,-,-,-,-,-,-,26288,-,1,26287,328,25959,18351,7608
616,rycki,lubelskie,74,46938,40646,14055,26591,18,393,10,10,-,-,-,-,10,26598,10,-,26598,430,26168,17707,8461
617,świdnicki,lubelskie,53,58153,50377,18229,32148,22,255,13,12,-,-,-,-,12,32156,12,-,32156,551,31605,21654,9951
618,tomaszowski,lubelskie,98,70631,61831,27381,34450,31,386,9,5,1,-,-,-,4,34451,4,-,34451,473,33978,24257,9721
619,włodawski,lubelskie,49,33038,28650,12345,16305,3,319,3,3,-,-,-,-,3,16307,3,-,16307,243,16064,9366,6698
620,zamojski,lubelskie,118,89084,77005,31832,45173,62,666,17,12,-,-,-,-,12,45184,12,1,45183,445,44738,33574,11164
661,Biała Podlaska,lubelskie,29,45277,40502,15025,25477,20,301,29,26,4,-,-,-,22,25496,22,-,25496,417,25079,13439,11640
662,Chełm,lubelskie,36,53187,46460,18645,27815,14,279,15,13,2,-,-,-,10,27815,10,2,27813,424,27389,15275,12114
663,Lublin,lubelskie,208,270521,236597,70806,165794,62,3316,230,213,7,-,-,-,206,165972,206,10,165962,2672,163290,90730,72560
664,Zamość,lubelskie,34,52743,46404,18357,28047,15,614,25,22,1,1,-,-,18,28064,18,-,28064,379,27685,16067,11618
801,gorzowski,lubuskie,61,54424,46650,20361,26288,4,219,8,7,-,-,-,-,7,26294,7,-,26294,383,25911,10570,15341
802,krośnieński,lubuskie,50,44505,38379,18186,20193,9,184,7,4,-,-,-,-,4,20196,4,-,20196,369,19827,7648,12179
803,międzyrzecki,lubuskie,59,47358,40737,17795,22942,19,320,6,2,-,-,-,-,2,22941,2,-,22941,337,22604,8577,14027
804,nowosolski,lubuskie,54,68868,59375,26425,32950,15,306,28,27,1,-,-,-,26,32970,26,1,32969,460,32509,14184,18325
805,słubicki,lubuskie,35,36712,31426,14003,17423,13,277,7,7,-,-,-,-,7,17429,7,-,17429,207,17222,6342,10880
806,strzelecko-drezdenecki,lubuskie,38,39925,34182,15986,18196,5,252,9,9,-,-,-,-,9,18204,9,-,18204,223,17981,7264,10717
807,sulęciński,lubuskie,36,29227,25851,12001,13850,18,339,4,4,-,-,-,-,4,13853,4,-,13853,216,13637,6003,7634
808,świebodziński,lubuskie,37,44267,38490,16464,22025,3,386,16,14,1,-,-,-,13,22033,13,1,22032,303,21729,8697,13032
809,zielonogórski,lubuskie,52,59593,51635,22579,29056,15,253,19,18,-,-,-,-,18,29074,18,6,29068,528,28540,10367,18173
810,żagański,lubuskie,55,64753,55088,25241,29848,13,371,12,10,1,-,-,-,9,29853,9,-,29853,525,29328,12570,16758
811,żarski,lubuskie,67,77868,67869,32465,35404,11,339,17,15,-,-,-,-,15,35415,15,1,35414,518,34896,14453,20443
812,wschowski,lubuskie,32,30918,26203,11122,15080,10,280,6,5,-,-,-,-,5,15085,5,1,15084,201,14883,6800,8083
861,Gorzów Wielkopolski,lubuskie,68,96895,84859,34179,50680,28,552,37,30,1,-,-,-,28,50704,28,2,50702,748,49954,20363,29591
862,Zielona Góra,lubuskie,76,106694,92262,30105,62158,27,786,78,72,3,-,-,-,69,62221,69,5,62216,992,61224,21643,39581
1001,bełchatowski,łódzkie,72,91134,78839,24481,54358,28,455,30,28,2,-,-,-,26,54384,26,-,54384,910,53474,38155,15319
1002,kutnowski,łódzkie,76,82057,71153,28696,42456,28,329,10,8,1,-,-,-,7,42454,7,2,42452,579,41873,24689,17184
1003,łaski,łódzkie,41,41566,35313,12831,22482,13,254,6,6,-,-,-,-,6,22488,6,-,22488,349,22139,13116,9023
1004,łęczycki,łódzkie,49,43174,37170,15609,21561,13,145,5,5,-,-,-,-,5,21564,5,5,21559,287,21272,12880,8392
1005,łowicki,łódzkie,71,65642,56206,20170,36036,11,296,13,12,-,-,1,-,11,36046,11,-,36046,578,35468,22102,13366
1006,łódzki wschodni,łódzkie,74,55798,48307,13908,34396,21,375,29,29,-,-,-,-,29,34425,29,1,34424,515,33909,18762,15147
1007,opoczyński,łódzkie,73,62599,53953,16806,37147,20,385,5,5,-,-,-,-,5,37149,5,-,37149,545,36604,27047,9557
1008,pabianicki,łódzkie,92,96441,83440,26775,56666,26,398,25,24,-,-,-,-,24,56681,24,3,56678,911,55767,26616,29151
1009,pajęczański,łódzkie,38,42653,36737,13797,22940,7,227,4,2,-,-,-,-,2,22941,2,2,22939,351,22588,15732,6856
1010,piotrkowski,łódzkie,75,73178,62184,20347,41837,21,455,3,3,-,-,-,-,3,41840,3,-,41840,598,41242,30607,10635
1011,poddębicki,łódzkie,51,34673,29554,11619,17935,7,342,10,9,-,-,-,-,9,17943,9,-,17943,265,17678,10553,7125
1012,radomszczański,łódzkie,89,94310,81440,31237,50203,46,576,15,14,-,-,-,-,14,50214,14,-,50214,689,49525,31156,18369
1013,rawski,łódzkie,29,39866,34259,13084,21175,9,159,4,4,-,1,-,-,3,21178,3,2,21176,278,20898,13704,7194
1014,sieradzki,łódzkie,94,97225,84866,32858,52008,14,433,27,24,4,-,-,-,20,52027,20,4,52023,785,51238,30533,20705
1015,skierniewicki,łódzkie,38,30703,26285,8868,17417,6,130,4,4,-,-,-,-,4,17421,4,1,17420,225,17195,12532,4663
1016,tomaszowski,łódzkie,79,95210,82561,28205,54356,35,472,16,15,1,-,-,-,14,54365,14,3,54362,811,53551,31127,22424
1017,wieluński,łódzkie,79,62658,53874,20214,33661,18,412,4,4,-,-,-,-,4,33662,4,1,33661,467,33194,19094,14100
1018,wieruszowski,łódzkie,38,33993,29404,11790,17614,9,186,3,3,-,-,-,-,3,17616,3,-,17616,276,17340,9839,7501
1019,zduńskowolski,łódzkie,42,54058,46627,16718,29908,9,193,21,20,1,-,-,-,19,29925,19,-,29925,458,29467,16178,13289
1020,zgierski,łódzkie,127,133389,114283,37402,76880,42,701,52,45,3,-,-,-,42,76922,42,9,76913,1225,75688,37046,38642
1021,brzeziński,łódzkie,39,25076,22010,7725,14285,19,95,-,-,-,-,-,-,-,14283,-,-,14283,236,14047,8474,5573
1061,Łódź,łódzkie,420,562835,498410,162901,335514,130,3512,427,385,46,1,-,1,315,335779,315,66,335713,5422,330291,128818,201473
1062,Piotrków Trybunalski,łódzkie,41,60371,53210,18009,35201,13,308,17,14,-,-,-,-,14,35206,14,1,35205,600,34605,18256,16349
1063,Skierniewice,łódzkie,26,38644,33126,10107,23019,10,191,16,15,-,-,-,-,15,23030,15,1,23029,398,22631,11309,11322
1201,bocheński,małopolskie,76,81953,70566,20703,49863,31,477,19,18,-,-,-,-,18,49873,18,-,49873,538,49335,35580,13755
1202,brzeski,małopolskie,73,73168,63163,22228,40934,22,422,12,11,-,-,-,-,11,40943,11,2,40941,476,40465,28840,11625
1203,chrzanowski,małopolskie,89,102150,88683,30868,57814,25,373,31,27,1,-,-,-,26,57833,26,4,57829,894,56935,29460,27475
1204,dąbrowski,małopolskie,54,47752,41497,17737,23760,21,169,17,17,-,-,-,-,17,23765,17,-,23765,255,23510,18427,5083
1205,gorlicki,małopolskie,97,87043,75307,28109,47198,33,711,7,5,-,-,-,-,5,47198,5,1,47197,514,46683,31883,14800
1206,krakowski,małopolskie,192,210108,180512,54827,125687,67,1202,69,66,-,-,-,-,63,125743,63,5,125738,1771,123967,76041,47926
1207,limanowski,małopolskie,102,97479,83927,25405,58522,34,718,20,19,2,-,1,-,16,58536,16,1,58535,563,57972,46490,11482
1208,miechowski,małopolskie,65,40883,35805,14847,20958,14,215,3,3,-,-,-,-,3,20958,3,2,20956,241,20715,14375,6340
1209,myślenicki,małopolskie,81,96368,82439,24045,58576,34,536,51,51,-,-,-,-,51,58625,51,2,58623,802,57821,41830,15991
1210,nowosądecki,małopolskie,168,161890,139466,39249,100217,69,2616,30,29,-,-,-,-,29,100235,29,1,100234,995,99239,78602,20637
1211,nowotarski,małopolskie,154,148532,127768,50009,77759,48,2099,46,40,-,2,-,-,38,77794,38,2,77792,997,76795,54766,22029
1212,olkuski,małopolskie,87,92121,80017,27525,52491,26,409,12,12,-,-,-,1,11,52493,11,3,52490,825,51665,31187,20478
1213,oświęcimski,małopolskie,106,123668,107302,33908,73394,50,509,75,72,3,1,-,-,68,73451,68,-,73451,1139,72312,39795,32517
1214,proszowicki,małopolskie,41,35480,30429,12917,17513,14,102,2,2,-,-,-,-,2,17514,2,-,17514,236,17278,11864,5414
1215,suski,małopolskie,60,66532,57033,19476,37557,18,592,14,13,-,-,-,-,13,37553,13,-,37553,462,37091,25517,11574
1216,tarnowski,małopolskie,156,156451,135510,47822,87686,65,669,62,58,4,-,-,-,54,87728,54,2,87726,966,86760,65247,21513
1217,tatrzański,małopolskie,54,55045,46211,15901,30310,20,2471,32,29,-,-,-,-,29,30336,29,1,30335,319,30016,19559,10457
1218,wadowicki,małopolskie,105,125646,108245,35631,72615,45,673,21,20,-,-,-,-,20,72630,20,2,72628,1128,71500,42791,28709
1219,wielicki,małopolskie,82,92342,78800,23500,55302,17,543,37,35,-,-,-,-,33,55326,33,-,55326,717,54609,32917,21692
1261,Kraków,małopolskie,491,596651,505401,126709,378687,173,11427,537,489,17,2,2,1,468,379097,467,38,379059,5823,373236,176990,196246
1262,Nowy Sącz,małopolskie,52,65657,57647,17272,40375,23,403,32,28,2,-,-,-,26,40395,26,-,40395,485,39910,24916,14994
1263,Tarnów,małopolskie,74,91528,79358,28024,51330,48,451,64,57,1,-,-,-,56,51376,56,5,51371,901,50470,28025,22445
1401,białobrzeski,mazowieckie,24,27094,23159,7938,15219,13,209,2,2,-,-,-,-,2,15222,2,-,15222,197,15025,11018,4007
1402,ciechanowski,mazowieckie,58,73056,63314,25782,37532,24,290,14,14,1,-,-,-,13,37544,13,1,37543,540,37003,21972,15031
1403,garwoliński,mazowieckie,102,85494,73368,20872,52494,17,608,8,8,-,-,-,-,8,52499,8,-,52499,648,51851,38734,13117
1404,gostyniński,mazowieckie,49,37843,32976,13751,19225,11,143,3,3,-,-,-,-,3,19228,3,-,19228,290,18938,12205,6733
1405,grodziski,mazowieckie,55,69405,58939,14422,44522,20,775,35,34,-,-,-,-,35,44546,34,3,44543,660,43883,21034,22849
1406,grójecki,mazowieckie,79,79620,67915,21909,46005,22,478,13,11,1,-,1,-,9,46010,9,5,46005,640,45365,28262,17103
1407,kozienicki,mazowieckie,56,51169,44453,15647,28806,26,373,11,11,-,-,-,-,11,28816,11,2,28814,416,28398,20217,8181
1408,legionowski,mazowieckie,61,85905,73213,18020,55192,32,1108,69,69,-,-,-,-,69,55259,69,6,55253,836,54417,26605,27812
1409,lipski,mazowieckie,41,29515,25826,11874,13952,7,199,1,1,-,-,-,-,1,13950,1,-,13950,147,13803,9353,4450
1410,łosicki,mazowieckie,33,26229,22864,8912,13952,19,239,4,4,-,-,-,-,4,13956,4,1,13955,182,13773,9759,4014
1411,makowski,mazowieckie,50,37336,32393,12286,20106,7,317,1,1,-,-,-,-,1,20108,1,-,20108,196,19912,13888,6024
1412,miński,mazowieckie,105,117301,99555,27917,71639,25,874,33,31,-,-,-,-,31,71664,31,2,71662,1138,70524,41797,28727
1413,mławski,mazowieckie,60,58526,50607,20563,30044,22,273,21,20,-,-,-,-,20,30064,20,1,30063,351,29712,18420,11292
1414,nowodworski,mazowieckie,52,63010,53854,18346,35498,34,512,4,4,-,-,-,-,4,35499,4,-,35499,518,34981,19076,15905
1415,ostrołęcki,mazowieckie,90,69706,59518,23548,35969,17,275,4,4,-,-,-,-,4,35972,4,-,35972,395,35577,25456,10121
1416,ostrowski,mazowieckie,72,59700,50512,17380,33132,32,335,12,12,-,-,-,-,12,33142,12,-,33142,362,32780,23703,9077
1417,otwocki,mazowieckie,83,96573,82427,19442,62985,27,854,45,43,-,-,-,-,43,63025,43,7,63018,928,62090,35517,26573
1418,piaseczyński,mazowieckie,112,130932,111096,25146,85959,31,1842,115,113,2,2,-,-,109,86058,109,8,86050,1293,84757,38936,45821
1419,płocki,mazowieckie,109,88070,75823,31177,44646,24,335,17,17,2,-,-,-,15,44661,15,-,44661,612,44049,29716,14333
1420,płoński,mazowieckie,74,71214,61780,27082,34698,23,486,5,5,-,-,-,-,5,34701,5,-,34701,422,34279,21544,12735
1421,pruszkowski,mazowieckie,85,123504,105670,23028,82642,46,1277,78,71,2,-,-,-,69,82704,69,10,82694,1245,81449,38421,43028
1422,przasnyski,mazowieckie,61,42206,36365,14796,21569,13,269,4,4,-,-,-,-,4,21571,4,-,21571,247,21324,14425,6899
1423,przysuski,mazowieckie,37,35306,30589,10331,20258,26,297,5,5,-,-,-,-,5,20262,5,-,20262,296,19966,15201,4765
1424,pułtuski,mazowieckie,56,41143,35475,13092,22383,17,334,7,7,-,-,-,-,7,22389,7,2,22387,336,22051,14356,7695
1425,radomski,mazowieckie,114,118899,102473,36097,66376,26,426,12,10,-,-,-,-,10,66378,10,1,66377,766,65611,47527,18084
1426,siedlecki,mazowieckie,71,64865,55636,18308,37328,13,298,13,9,-,-,-,-,9,37336,9,1,37335,419,36916,28324,8592
1427,sierpecki,mazowieckie,50,42547,36556,15532,21024,29,187,5,5,-,-,-,-,5,21029,5,-,21029,208,20821,13630,7191
1428,sochaczewski,mazowieckie,65,67839,57952,20332,37620,24,354,33,33,2,-,-,-,31,37651,31,1,37650,491,37159,22469,14690
1429,sokołowski,mazowieckie,50,45698,39315,12542,26773,17,295,3,3,-,-,-,-,3,26775,3,1,26774,291,26483,18861,7622
1430,szydłowiecki,mazowieckie,29,32225,27911,11024,16887,19,151,4,4,-,-,-,-,4,16891,4,-,16891,251,16640,12188,4452
1432,warszawski zachodni,mazowieckie,69,85728,73444,17058,56386,15,1020,70,70,-,-,-,-,70,56450,70,2,56448,727,55721,27545,28176
1433,węgrowski,mazowieckie,56,54576,46782,15705,31077,21,503,16,15,-,-,-,-,15,31091,15,1,31090,363,30727,21014,9713
1434,wołomiński,mazowieckie,153,176041,149725,38487,111237,43,1498,47,44,1,-,-,-,43,111276,43,8,111268,1559,109709,66269,43440
1435,wyszkowski,mazowieckie,66,58521,50025,15846,34176,22,628,7,6,1,-,-,-,5,34181,5,1,34180,419,33761,22486,11275
1436,zwoleński,mazowieckie,37,29770,25568,9817,15751,10,167,-,-,-,-,-,-,-,15747,-,-,15747,203,15544,11644,3900
1437,żuromiński,mazowieckie,29,32276,27930,12300,15630,11,132,4,4,-,-,-,-,4,15634,4,-,15634,176,15458,9489,5969
1438,żyrardowski,mazowieckie,61,59800,51262,16859,34403,10,298,12,12,-,-,-,-,12,34413,12,-,34413,498,33915,18509,15406
1461,Ostrołęka,mazowieckie,29,41639,35180,11391,23788,13,230,12,12,-,-,-,-,12,23798,12,-,23798,331,23467,14096,9371
1462,Płock,mazowieckie,70,98157,84940,28206,56732,14,434,26,25,-,-,1,-,24,56740,24,2,56738,799,55939,29128,26811
1463,Radom,mazowieckie,114,169861,148255,47755,100500,33,754,51,49,2,-,-,-,47,100524,47,3,100521,1471,99050,54225,44825
1464,Siedlce,mazowieckie,43,61223,52457,15299,37158,19,384,14,10,1,-,-,-,9,37165,9,-,37165,575,36590,21357,15233
1465,Warszawa,mazowieckie,888,1360512,1155209,223938,931220,443,25548,1571,1418,47,1,-,2,1369,932431,1368,207,932224,15446,916778,371864,544914
1499,Zagranica,mazowieckie,229,257062,245237,112857,132380,-,6959,44248,29271,1070,8,26,21,28360,160721,28379,70,160651,2244,158407,88607,69800
1601,brzeski,opolskie,79,72529,62645,26770,35875,22,304,22,20,-,-,-,-,20,35893,20,1,35892,536,35356,18316,17040
1602,głubczycki,opolskie,52,38546,33536,14957,18579,13,185,14,14,1,-,-,-,13,18592,13,1,18591,247,18344,10277,8067
1603,kędzierzyńsko-kozielski,opolskie,64,76641,66884,31146,35738,6,263,20,17,-,-,-,-,17,35752,17,1,35751,643,35108,12971,22137
1604,kluczborski,opolskie,62,54479,47367,22006,25361,18,210,6,4,-,-,-,-,4,25363,4,-,25363,360,25003,11174,13829
1605,krapkowicki,opolskie,59,52425,45158,23637,21521,3,281,10,10,-,-,-,-,10,21528,10,-,21528,377,21151,7115,14036
1606,namysłowski,opolskie,55,34522,30114,12426,17688,10,146,4,4,-,-,-,-,4,17692,4,-,17692,249,17443,8244,9199
1607,nyski,opolskie,126,115233,100363,45558,54806,21,672,46,39,2,-,-,-,37,54838,37,-,54838,828,54010,27328,26682
1608,oleski,opolskie,58,53583,46125,22135,23990,9,253,9,9,-,-,-,-,9,23999,9,1,23998,441,23557,10345,13212
1609,opolski,opolskie,125,108394,93090,46584,46506,20,406,18,18,-,-,-,-,18,46520,18,1,46519,732,45787,15700,30087
1610,prudnicki,opolskie,72,45682,39710,18500,21210,15,202,4,4,-,-,-,-,4,21214,4,-,21214,276,20938,10056,10882
1611,strzelecki,opolskie,73,63046,54269,27818,26451,3,198,3,2,-,-,-,-,2,26452,2,-,26452,425,26027,9895,16132
1661,Opole,opolskie,72,95232,84578,29441,55134,31,938,60,55,-,-,-,1,54,55183,54,2,55181,990,54191,18124,36067
1801,bieszczadzki,podkarpackie,30,18002,15797,7420,8376,3,250,3,3,-,-,-,-,3,8380,3,-,8380,98,8282,4862,3420
1802,brzozowski,podkarpackie,59,52774,46004,16648,29356,81,273,5,5,-,-,-,-,5,29356,5,1,29355,258,29097,23337,5760
1803,dębicki,podkarpackie,109,106948,93539,32146,61393,23,411,26,24,2,-,-,-,22,61414,22,-,61414,753,60661,44925,15736
1804,jarosławski,podkarpackie,115,97196,84394,30824,53570,69,486,9,9,-,-,-,-,9,53572,9,1,53571,609,52962,38542,14420
1805,jasielski,podkarpackie,119,92763,80799,29449,51349,60,456,65,63,1,-,-,-,62,51408,62,3,51405,542,50863,37988,12875
1806,kolbuszowski,podkarpackie,64,49120,43294,17126,26168,28,152,4,4,-,-,-,-,4,26170,4,-,26170,371,25799,20781,5018
1807,krośnieński,podkarpackie,104,90726,78048,28176,49871,27,811,25,22,1,-,-,-,21,49890,21,-,49890,512,49378,35920,13458
1808,leżajski,podkarpackie,53,55155,48262,17326,30936,32,250,7,6,-,-,-,-,6,30941,6,1,30940,295,30645,25099,5546
1809,lubaczowski,podkarpackie,59,46516,40300,16983,23316,26,447,7,7,-,-,-,-,7,23322,7,3,23319,288,23031,15975,7056
1810,łańcucki,podkarpackie,57,63157,54671,16272,38398,29,332,13,13,-,-,-,1,12,38403,12,-,38403,356,38047,30053,7994
1811,mielecki,podkarpackie,117,107842,94075,33605,60470,36,395,22,18,-,-,-,-,18,60484,18,-,60484,765,59719,43635,16084
1812,niżański,podkarpackie,65,53975,47262,19617,27645,21,215,6,4,-,-,-,-,4,27646,4,-,27646,405,27241,21527,5714
1813,przemyski,podkarpackie,96,59245,51800,21360,30440,23,302,12,9,-,-,-,-,9,30443,9,-,30443,337,30106,21338,8768
1814,przeworski,podkarpackie,72,63544,54404,19819,34584,73,225,10,9,2,-,-,-,7,34581,7,1,34580,373,34207,25712,8495
1815,ropczycko-sędziszowski,podkarpackie,69,57842,50281,16048,34233,28,194,3,3,-,-,-,-,3,34235,3,1,34234,392,33842,27664,6178
1816,rzeszowski,podkarpackie,129,130328,112782,33556,79226,41,544,13,12,-,-,-,-,12,79224,12,-,79224,917,78307,61203,17104
1817,sanocki,podkarpackie,73,76933,67035,28153,38884,26,432,13,12,-,-,-,-,12,38893,12,4,38889,473,38416,24421,13995
1818,stalowowolski,podkarpackie,83,85738,75350,29886,45462,14,495,30,25,-,-,-,-,25,45485,25,1,45484,624,44860,30850,14010
1819,strzyżowski,podkarpackie,64,49674,43142,15792,27350,12,209,6,6,-,-,1,-,5,27353,5,-,27353,353,27000,21043,5957
1820,tarnobrzeski,podkarpackie,48,43565,38228,15855,22373,21,130,4,3,-,-,-,-,3,22374,3,1,22373,225,22148,15805,6343
1821,leski,podkarpackie,31,23439,20287,8106,12181,3,730,3,2,-,-,-,-,2,12182,2,-,12182,136,12046,7843,4203
1861,Krosno,podkarpackie,28,38029,33403,11918,21483,17,232,19,16,-,-,-,-,16,21499,16,1,21498,263,21235,12230,9005
1862,Przemyśl,podkarpackie,39,50948,44604,17618,26986,27,310,46,42,-,-,-,-,42,27028,42,-,27028,373,26655,14627,12028
1863,Rzeszów,podkarpackie,93,143217,123173,34904,88269,19,1617,74,68,-,-,-,-,68,88326,68,2,88324,1320,87004,49203,37801
1864,Tarnobrzeg,podkarpackie,34,38466,34291,13474,20815,18,238,10,10,2,-,1,-,8,20822,8,-,20822,340,20482,10794,9688
2001,augustowski,podlaskie,45,47413,40853,17732,23121,18,534,11,8,-,-,-,-,8,23127,8,-,23127,278,22849,13250,9599
2002,białostocki,podlaskie,123,115604,101186,37218,63965,42,684,37,34,-,-,-,-,34,63999,34,8,63991,1199,62792,38851,23941
2003,bielski,podlaskie,50,47216,41365,16910,24455,49,254,6,6,-,-,-,-,6,24457,6,-,24457,248,24209,13326,10883
2004,grajewski,podlaskie,43,38797,33759,15740,18019,11,193,7,7,-,-,-,-,7,18025,7,1,18024,240,17784,11764,6020
2005,hajnowski,podlaskie,47,38825,33548,16226,17320,6,380,11,11,-,-,-,-,11,17332,11,-,17332,315,17017,5063,11954
2006,kolneński,podlaskie,42,31365,26994,11914,15080,11,118,5,5,-,-,-,-,5,15085,5,-,15085,146,14939,11203,3736
2007,łomżyński,podlaskie,53,41235,35488,14402,21086,16,190,9,6,1,-,-,-,5,21089,5,-,21089,229,20860,16198,4662
2008,moniecki,podlaskie,32,34583,29698,14590,15108,17,133,6,6,-,-,-,-,6,15113,6,-,15113,238,14875,10321,4554
2009,sejneński,podlaskie,23,17176,14653,6654,7999,20,307,3,-,-,-,-,-,-,7999,-,-,7999,100,7899,3427,4472
2010,siemiatycki,podlaskie,48,38469,33621,15067,18554,18,316,13,13,-,-,-,-,13,18566,13,-,18566,235,18331,10408,7923
2011,sokólski,podlaskie,66,57482,49836,22862,26974,34,376,4,4,2,-,-,-,2,26974,2,1,26973,341,26632,16651,9981
2012,suwalski,podlaskie,33,29015,25131,11173,13958,10,277,4,4,-,-,-,-,4,13962,4,-,13962,177,13785,8395,5390
2013,wysokomazowiecki,podlaskie,60,47126,41268,14574,26694,28,227,7,7,-,-,-,-,7,26699,7,-,26699,283,26416,21247,5169
2014,zambrowski,podlaskie,45,36147,31820,12780,19040,15,143,3,3,-,-,-,-,3,19043,3,-,19043,238,18805,13485,5320
2061,Białystok,podlaskie,182,225348,196367,64321,132043,44,1478,102,98,2,-,-,-,96,132120,96,6,132114,2251,129863,66932,62931
2062,Łomża,podlaskie,32,48160,42539,16761,25777,14,254,18,17,-,-,-,-,17,25792,17,-,25792,333,25459,15751,9708
2063,Suwałki,podlaskie,37,53538,47536,19598,27938,22,368,15,15,1,-,-,-,14,27952,14,2,27950,372,27578,14409,13169
2201,bytowski,pomorskie,70,60916,52753,21763,30990,13,386,19,18,1,-,-,-,17,31006,17,-,31006,416,30590,13571,17019
2202,chojnicki,pomorskie,68,73834,64270,23861,40409,23,503,29,26,-,-,-,-,26,40432,26,-,40432,465,39967,18221,21746
2203,człuchowski,pomorskie,56,46005,40074,18700,21374,2,303,18,18,-,-,-,-,18,21392,18,-,21392,296,21096,7623,13473
2204,gdański,pomorskie,58,79565,68052,23005,45046,14,638,54,45,2,-,-,-,43,45087,43,1,45086,724,44362,16741,27621
2205,kartuski,pomorskie,75,92935,78784,22629,56156,22,918,22,22,1,-,-,-,21,56171,21,6,56165,703,55462,27707,27755
2206,kościerski,pomorskie,48,54469,46476,15839,30637,9,521,18,17,-,-,-,-,17,30651,17,-,30651,364,30287,14806,15481
2207,kwidzyński,pomorskie,65,64162,55537,25115,30422,14,277,12,11,-,-,-,-,11,30432,11,1,30431,440,29991,13057,16934
2208,lęborski,pomorskie,47,50814,43653,16630,27022,10,691,7,7,-,-,-,-,7,27029,7,-,27029,429,26600,10468,16132
2209,malborski,pomorskie,40,50187,43839,19357,24482,24,195,20,19,-,-,-,-,19,24499,19,-,24499,367,24132,9147,14985
2210,nowodworski,pomorskie,30,29489,25051,10926,14125,3,995,5,4,1,-,-,-,3,14128,3,1,14127,216,13911,5259,8652
2211,pucki,pomorskie,55,65324,55049,16660,38389,14,2931,13,10,1,1,-,-,9,38394,8,2,38392,564,37828,14767,23061
2212,słupski,pomorskie,89,76253,65793,30007,35788,16,1363,14,13,-,-,-,-,13,35796,13,-,35796,578,35218,13473,21745
2213,starogardzki,pomorskie,95,97086,83873,32661,51205,21,599,8,8,-,-,-,-,8,51205,8,2,51203,637,50566,24853,25713
2214,tczewski,pomorskie,77,87810,76288,29994,46292,26,347,24,24,3,-,-,-,21,46308,21,5,46303,603,45700,19682,26018
2215,wejherowski,pomorskie,118,153584,131952,42389,89581,38,951,66,59,1,-,-,-,58,89606,58,5,89601,1364,88237,37920,50317
2216,sztumski,pomorskie,41,33833,29772,14952,14819,8,130,2,2,-,-,-,-,2,14819,2,-,14819,222,14597,5907,8690
2261,Gdańsk,pomorskie,226,358765,307713,82358,225387,67,5458,265,243,21,5,1,6,218,225565,218,22,225543,3693,221850,82228,139622
2262,Gdynia,pomorskie,121,191527,165714,44039,121668,54,2257,246,226,16,8,1,1,199,121853,199,12,121841,2185,119656,41031,78625
2263,Słupsk,pomorskie,47,73319,64317,24816,39502,22,469,30,28,1,-,-,-,27,39528,27,2,39526,789,38737,14531,24206
2264,Sopot,pomorskie,21,31280,26194,5422,20771,32,1368,40,37,-,-,-,-,37,20795,37,5,20790,353,20437,6904,13533
2299,statki,pomorskie,2,99,140,42,98,-,15,-,-,-,-,-,-,-,98,-,-,98,6,92,47,45
2401,będziński,śląskie,106,122227,105693,39114,66579,20,565,36,34,-,-,-,-,34,66610,34,3,66607,1163,65444,26827,38617
2402,bielski,śląskie,95,127421,110102,32247,77856,37,854,69,69,2,-,-,-,67,77915,67,8,77907,1065,76842,40234,36608
2403,cieszyński,śląskie,128,142357,122026,40098,81927,53,1848,66,59,1,-,-,-,58,81979,58,6,81973,1186,80787,35790,44997
2404,częstochowski,śląskie,120,111071,95713,36819,58894,31,594,17,16,-,-,-,-,16,58906,16,-,58906,951,57955,32883,25072
2405,gliwicki,śląskie,76,91246,78209,31411,46898,6,331,22,22,-,4,-,-,18,46914,18,-,46914,737,46177,22571,23606
2406,kłobucki,śląskie,71,69870,59954,23812,36142,17,362,12,12,-,-,-,-,12,36148,12,1,36147,575,35572,19563,16009
2407,lubliniecki,śląskie,60,62904,54987,22781,32205,19,403,14,7,-,-,-,-,7,32212,7,-,32212,457,31755,16578,15177
2408,mikołowski,śląskie,70,75267,65044,20871,44173,26,265,38,37,-,-,-,-,37,44203,37,2,44201,681,43520,22633,20887
2409,myszkowski,śląskie,55,58581,50135,20255,29880,22,402,12,11,-,-,-,-,11,29890,11,-,29890,403,29487,15996,13491
2410,pszczyński,śląskie,76,85187,72949,20965,51984,25,379,52,48,-,1,-,-,47,52027,47,12,52015,702,51313,31561,19752
2411,raciborski,śląskie,71,86974,74885,35298,39587,12,327,51,44,-,-,-,-,44,39628,44,-,39628,618,39010,17269,21741
2412,rybnicki,śląskie,48,60265,52162,18338,33824,12,142,33,31,-,-,-,-,31,33852,31,-,33852,407,33445,19756,13689
2413,tarnogórski,śląskie,93,111234,96092,36057,60034,23,491,59,56,1,-,-,-,55,60086,55,-,60086,1052,59034,28657,30377
2414,bieruńsko-lędziński,śląskie,41,46006,39107,11880,27227,17,120,8,7,-,-,-,-,7,27230,7,2,27228,406,26822,17329,9493
2415,wodzisławski,śląskie,99,124253,107738,38749,69089,34,352,58,53,4,-,-,1,48,69129,48,9,69120,946,68174,38875,29299
2416,zawierciański,śląskie,103,99573,85922,33230,52692,35,668,10,8,-,-,-,-,8,52696,8,-,52696,793,51903,27705,24198
2417,żywiecki,śląskie,111,122013,104711,33027,71684,74,1046,20,18,-,-,-,-,18,71694,18,2,71692,908,70784,44762,26022
2461,Bielsko-Biała,śląskie,80,136018,117851,35003,82852,37,894,94,90,-,-,-,-,90,82923,90,8,82915,1126,81789,37564,44225
2462,Bytom,śląskie,80,128547,113178,50462,62713,15,413,54,48,3,-,1,-,44,62743,44,1,62742,1130,61612,27793,33819
2463,Chorzów,śląskie,64,85232,74744,30915,43828,23,336,182,157,9,-,-,-,148,43972,148,6,43966,864,43102,16608,26494
2464,Częstochowa,śląskie,135,185216,161082,55318,105760,35,1567,113,103,3,1,-,-,100,105849,100,10,105839,1703,104136,48207,55929
2465,Dąbrowa Górnicza,śląskie,67,99036,85747,31482,54264,13,377,29,28,2,-,1,-,25,54280,25,-,54280,943,53337,22629,30708
2466,Gliwice,śląskie,120,144284,125939,43832,82107,48,973,102,90,5,1,-,-,84,82177,84,3,82174,1465,80709,32389,48320
2467,Jastrzębie-Zdrój,śląskie,45,71673,63650,23408,40239,13,255,34,32,-,-,-,-,32,40270,32,2,40268,590,39678,24524,15154
2468,Jaworzno,śląskie,46,74457,65523,24893,40630,19,269,27,23,1,-,-,-,22,40647,22,-,40647,664,39983,19576,20407
2469,Katowice,śląskie,169,239995,209378,68950,140426,46,1870,224,212,9,-,1,-,201,140600,201,9,140591,2531,138060,56275,81785
2470,Mysłowice,śląskie,41,57961,50530,17517,33013,10,250,42,39,-,-,-,-,39,33050,39,-,33050,503,32547,16458,16089
2471,Piekary Śląskie,śląskie,32,44907,39045,14810,24235,12,138,10,9,-,1,-,-,8,24243,8,1,24242,388,23854,12161,11693
2472,Ruda Śląska,śląskie,80,109869,95600,37058,58541,16,357,49,47,3,-,-,-,44,58579,44,3,58576,1042,57534,29569,27965
2473,Rybnik,śląskie,70,108887,95368,34835,60533,18,426,49,44,-,-,-,-,44,60574,44,-,60574,988,59586,31075,28511
2474,Siemianowice Śląskie,śląskie,40,54170,46679,17423,29276,2,180,17,17,-,-,-,-,17,29291,17,3,29288,547,28741,11236,17505
2475,Sosnowiec,śląskie,117,170838,147371,54466,92896,14,690,53,49,-,-,1,-,48,92938,48,3,92935,1597,91338,37990,53348
2476,Świętochłowice,śląskie,26,39886,34830,15504,19326,4,115,15,14,-,-,-,-,14,19340,14,-,19340,336,19004,8399,10605
2477,Tychy,śląskie,66,100903,87768,28531,59235,17,522,98,93,5,-,1,2,85,59316,85,-,59316,957,58359,28505,29854
2478,Zabrze,śląskie,91,137609,121810,57796,64014,27,546,42,38,3,-,-,-,35,64047,35,-,64047,1293,62754,27473,35281
2479,Żory,śląskie,33,47000,41056,14266,26790,7,223,14,14,-,-,-,-,14,26804,14,-,26804,396,26408,14286,12122
2601,buski,świętokrzyskie,63,62764,53185,22229,30956,62,1225,5,5,-,-,-,-,5,30959,5,-,30959,362,30597,19132,11465
2602,jędrzejowski,świętokrzyskie,75,71268,61759,25254,36505,14,444,3,3,-,-,-,-,3,36502,3,1,36501,472,36029,24571,11458
2603,kazimierski,świętokrzyskie,31,28989,25027,12752,12275,12,117,7,7,-,-,-,-,7,12282,7,-,12282,119,12163,7840,4323
2604,kielecki,świętokrzyskie,183,166023,144229,53349,90880,43,773,13,11,-,-,-,-,11,90886,11,1,90885,1264,89621,63388,26233
2605,konecki,świętokrzyskie,74,68656,59256,23315,35941,22,419,10,8,-,-,-,-,8,35949,8,2,35947,449,35498,23338,12160
2606,opatowski,świętokrzyskie,53,44777,38767,16895,21872,37,248,4,4,-,-,-,-,4,21872,4,-,21872,383,21489,14094,7395
2607,ostrowiecki,świętokrzyskie,78,92271,80991,37020,43971,31,393,12,8,-,-,-,-,8,43969,8,-,43969,648,43321,23417,19904
2608,pińczowski,świętokrzyskie,35,34344,29590,13514,16076,8,198,3,3,-,-,-,-,3,16078,3,-,16078,193,15885,9767,6118
2609,sandomierski,świętokrzyskie,62,65853,56928,24576,32352,35,450,8,7,-,-,-,-,7,32357,7,-,32357,488,31869,19428,12441
2610,skarżyski,świętokrzyskie,57,64105,56189,22904,33285,16,314,29,28,-,-,-,-,28,33310,28,1,33309,526,32783,18239,14544
2611,starachowicki,świętokrzyskie,66,75723,66323,27144,39179,48,343,7,5,1,-,-,-,4,39180,4,1,39179,572,38607,23208,15399
2612,staszowski,świętokrzyskie,69,59990,51539,21379,30160,10,271,8,8,3,-,-,-,5,30165,5,-,30165,373,29792,21216,8576
2613,włoszczowski,świętokrzyskie,41,38072,32786,12752,20034,10,266,-,-,-,-,-,-,-,20033,-,-,20033,260,19773,13789,5984
2661,Kielce,świętokrzyskie,93,159105,138930,43275,95655,43,1022,59,49,7,-,-,-,42,95686,42,11,95675,1524,94151,46775,47376
2801,bartoszycki,warmińsko-mazurskie,43,49077,44083,22004,22079,15,232,6,6,-,-,-,-,6,22084,6,2,22082,302,21780,8884,12896
2802,braniewski,warmińsko-mazurskie,36,34365,30011,14598,15413,9,174,8,8,-,-,-,-,8,15420,8,-,15420,184,15236,6171,9065
2803,działdowski,warmińsko-mazurskie,55,52342,45409,20443,24966,15,226,16,16,-,-,-,-,16,24982,16,-,24982,291,24691,12267,12424
2804,elbląski,warmińsko-mazurskie,43,45855,39555,19805,19750,11,135,4,4,-,-,-,-,4,19754,4,2,19752,247,19505,8102,11403
2805,ełcki,warmińsko-mazurskie,56,68341,60033,29733,30300,19,527,15,12,-,-,-,-,12,30310,12,2,30308,512,29796,15133,14663
2806,giżycki,warmińsko-mazurskie,50,46559,40053,17889,22163,18,947,25,24,-,-,-,-,24,22186,24,-,22186,333,21853,8306,13547
2807,iławski,warmińsko-mazurskie,69,73209,64236,28493,35743,18,448,25,22,1,-,-,-,21,35761,21,1,35760,468,35292,16517,18775
2808,kętrzyński,warmińsko-mazurskie,60,52679,45797,22796,23001,8,309,9,8,-,-,-,-,8,23009,8,-,23009,331,22678,9684,12994
2809,lidzbarski,warmińsko-mazurskie,34,33815,29354,14069,15285,16,183,3,3,-,-,-,-,3,15287,3,-,15287,247,15040,6537,8503
2810,mrągowski,warmińsko-mazurskie,41,40534,35524,16304,19220,19,645,3,3,-,-,-,-,3,19222,3,-,19222,258,18964,8268,10696
2811,nidzicki,warmińsko-mazurskie,31,26672,22940,10541,12399,11,200,4,4,-,-,-,-,4,12403,4,-,12403,186,12217,6244,5973
2812,nowomiejski,warmińsko-mazurskie,32,34554,29630,12624,17006,14,180,-,-,-,-,-,-,-,17002,-,-,17002,203,16799,8764,8035
2813,olecki,warmińsko-mazurskie,38,27103,23392,11464,11928,10,218,12,9,-,-,-,-,9,11935,9,-,11935,134,11801,5654,6147
2814,olsztyński,warmińsko-mazurskie,130,97513,84609,38325,46283,14,841,56,48,1,-,-,-,47,46325,47,-,46325,751,45574,18809,26765
2815,ostródzki,warmińsko-mazurskie,85,83949,71995,33158,38837,18,611,9,8,-,-,-,-,8,38842,8,1,38841,552,38289,15239,23050
2816,piski,warmińsko-mazurskie,44,45664,39640,18944,20696,12,688,2,2,-,-,-,-,2,20697,2,2,20695,289,20406,10794,9612
2817,szczycieński,warmińsko-mazurskie,73,56822,48770,21871,26899,16,649,5,5,-,-,-,-,5,26903,5,-,26903,484,26419,13051,13368
2818,gołdapski,warmińsko-mazurskie,23,21967,19088,9839,9249,6,235,5,4,-,-,-,-,4,9253,4,-,9253,137,9116,3622,5494
2819,węgorzewski,warmińsko-mazurskie,25,19209,16930,8635,8295,1,295,2,2,-,-,-,-,2,8297,2,-,8297,93,8204,3076,5128
2861,Elbląg,warmińsko-mazurskie,62,95165,83426,34514,49901,25,401,34,32,-,-,-,-,32,49955,32,3,49952,770,49182,20075,29107
2862,Olsztyn,warmińsko-mazurskie,101,134741,117178,38636,78542,44,1373,104,96,2,1,-,-,93,78632,93,4,78628,1402,77226,31117,46109
3001,chodzieski,wielkopolskie,35,37529,32262,11801,20461,14,143,8,7,-,-,-,-,7,20467,7,-,20467,327,20140,6724,13416
3002,czarnkowsko-trzcianecki,wielkopolskie,69,68856,58632,22970,35662,17,296,21,21,-,-,-,-,21,35681,21,-,35681,479,35202,14226,20976
3003,gnieźnieński,wielkopolskie,91,113993,97714,36571,61143,22,464,66,61,1,-,1,-,59,61194,59,2,61192,943,60249,26368,33881
3004,gostyński,wielkopolskie,56,60611,52327,22411,29917,7,160,11,7,-,-,-,-,7,29923,7,-,29923,371,29552,14333,15219
3005,grodziski,wielkopolskie,30,39510,33929,13571,20358,5,128,2,2,-,-,-,-,2,20360,2,-,20360,241,20119,8406,11713
3006,jarociński,wielkopolskie,41,56562,49284,19680,29604,13,206,21,21,-,-,-,-,21,29625,21,1,29624,433,29191,13894,15297
3007,kaliski,wielkopolskie,64,66093,56764,23350,33414,17,215,3,3,-,-,-,-,3,33413,3,-,33413,468,32945,19153,13792
3008,kępiński,wielkopolskie,43,44708,38848,14226,24622,15,181,14,14,1,1,-,-,12,24633,12,-,24633,237,24396,10982,13414
3009,kolski,wielkopolskie,62,71292,61572,25328,36244,17,269,19,19,1,-,-,-,18,36262,18,-,36262,557,35705,21870,13835
3010,koniński,wielkopolskie,95,102236,87177,35123,52054,44,601,10,6,-,-,-,-,6,52058,6,-,52058,693,51365,32897,18468
3011,kościański,wielkopolskie,56,62884,54383,20837,33546,14,285,12,11,-,-,-,-,11,33555,11,2,33553,480,33073,13625,19448
3012,krotoszyński,wielkopolskie,49,60970,52632,20754,31878,13,247,12,10,-,-,-,-,10,31881,10,-,31881,403,31478,14816,16662
3013,leszczyński,wielkopolskie,37,42284,36246,14972,21274,9,282,3,1,-,-,-,-,1,21271,1,2,21269,284,20985,9135,11850
3014,międzychodzki,wielkopolskie,22,29151,25125,10755,14370,2,187,5,4,-,-,-,-,4,14372,4,-,14372,242,14130,4911,9219
3015,nowotomyski,wielkopolskie,49,57868,49238,17339,31899,8,224,9,9,1,-,-,-,8,31906,8,1,31905,450,31455,11524,19931
3016,obornicki,wielkopolskie,43,45604,39013,14399,24614,5,147,6,6,-,-,-,-,6,24618,6,1,24617,378,24239,8709,15530
3017,ostrowski,wielkopolskie,109,128676,111279,40436,70843,30,425,53,51,-,-,-,-,51,70888,51,-,70888,993,69895,33216,36679
3018,ostrzeszowski,wielkopolskie,56,43667,37870,15152,22718,11,219,8,8,-,-,-,-,8,22727,8,1,22726,315,22411,10825,11586
3019,pilski,wielkopolskie,90,107098,92695,34530,58165,33,656,52,51,1,-,-,-,50,58209,50,1,58208,920,57288,24243,33045
3020,pleszewski,wielkopolskie,55,49844,43011,17224,25787,22,197,9,9,-,-,-,-,9,25795,9,1,25794,359,25435,11917,13518
3021,poznański,wielkopolskie,218,272207,232077,63826,168249,47,2239,183,174,3,-,-,-,171,168411,171,8,168403,2511,165892,54771,111121
3022,rawicki,wielkopolskie,45,48026,41727,17877,23850,5,248,11,8,1,-,-,-,7,23856,7,-,23856,327,23529,9409,14120
3023,słupecki,wielkopolskie,42,48046,41392,16887,24505,8,257,5,5,-,-,-,1,4,24507,4,1,24506,444,24062,12366,11696
3024,szamotulski,wielkopolskie,54,71456,61635,23295,38339,22,334,28,27,-,-,-,-,27,38366,27,1,38365,507,37858,13968,23890
3025,średzki,wielkopolskie,39,44833,38160,13863,24296,10,169,10,10,-,-,-,-,10,24304,10,1,24303,429,23874,10414,13460
3026,śremski,wielkopolskie,40,47438,41162,15832,25330,5,176,30,29,-,-,-,-,29,25357,29,2,25355,372,24983,10638,14345
3027,turecki,wielkopolskie,62,67247,57339,21660,35679,15,289,15,11,-,-,-,-,11,35688,11,1,35687,577,35110,21988,13122
3028,wągrowiecki,wielkopolskie,45,54191,46424,18761,27663,19,242,12,8,-,-,-,-,8,27671,8,2,27669,454,27215,10580,16635
3029,wolsztyński,wielkopolskie,40,44410,38123,14006,24117,12,366,14,11,-,-,-,-,11,24126,11,-,24126,316,23810,8857,14953
3030,wrzesiński,wielkopolskie,50,59971,51293,19001,32289,4,238,6,6,-,-,-,-,6,32293,6,-,32293,472,31821,14521,17300
3031,złotowski,wielkopolskie,48,54852,47563,21222,26341,13,244,20,15,-,-,-,-,15,26356,15,1,26355,409,25946,10244,15702
3061,Kalisz,wielkopolskie,55,81158,70801,23921,46880,18,393,39,36,3,-,-,-,33,46910,33,-,46910,678,46232,18361,27871
3062,Konin,wielkopolskie,47,61755,53414,17510,35904,6,280,14,12,2,-,-,-,10,35915,10,2,35913,666,35247,17114,18133
3063,Leszno,wielkopolskie,34,50091,43576,15901,27675,12,291,28,26,-,-,-,-,26,27697,26,-,27697,428,27269,9319,17950
3064,Poznań,wielkopolskie,257,421979,358333,91768,266536,96,6666,339,305,15,6,-,-,287,266734,287,55,266679,4192,262487,82860,179627
3201,białogardzki,zachodniopomorskie,36,38291,33474,16141,17333,13,134,5,5,-,-,-,-,4,17333,4,8,17325,221,17104,6961,10143
3202,choszczeński,zachodniopomorskie,40,40084,34250,16800,17450,6,196,11,9,1,-,-,-,8,17455,8,-,17455,207,17248,6797,10451
3203,drawski,zachodniopomorskie,55,47203,40497,18996,21501,20,663,172,80,7,-,-,-,73,21571,73,-,21571,268,21303,8289,13014
3204,goleniowski,zachodniopomorskie,56,65393,56356,25092,31264,16,312,11,11,2,-,-,-,9,31268,9,1,31267,528,30739,12161,18578
3205,gryficki,zachodniopomorskie,46,50782,43335,18928,24407,13,1886,26,23,-,-,-,-,23,24430,23,5,24425,494,23931,9793,14138
3206,gryfiński,zachodniopomorskie,59,65936,56618,25767,30851,17,324,33,32,5,-,-,-,27,30874,27,1,30873,519,30354,12885,17469
3207,kamieński,zachodniopomorskie,45,40650,33970,14262,19708,6,1826,6,6,-,-,-,-,6,19711,6,-,19711,242,19469,7209,12260
3208,kołobrzeski,zachodniopomorskie,53,67980,57728,20843,36885,11,4745,66,55,5,-,-,-,50,36933,50,1,36932,522,36410,14136,22274
3209,koszaliński,zachodniopomorskie,62,53333,46144,19526,26618,6,1658,12,11,-,-,-,-,11,26625,11,2,26623,415,26208,10447,15761
3210,myśliborski,zachodniopomorskie,51,53023,45818,21312,24506,22,254,9,9,-,-,-,-,9,24512,9,6,24506,309,24197,10001,14196
3211,policki,zachodniopomorskie,43,56533,48945,17451,31494,11,413,50,45,2,-,-,-,43,31535,43,1,31534,558,30976,11499,19477
3212,pyrzycki,zachodniopomorskie,27,31954,27636,12815,14821,23,120,1,1,-,-,-,-,1,14818,1,1,14817,205,14612,7201,7411
3213,sławieński,zachodniopomorskie,46,46766,39778,17065,22713,11,1640,21,19,-,-,-,-,19,22730,19,-,22730,305,22425,9683,12742
3214,stargardzki,zachodniopomorskie,72,94788,82051,34850,47201,27,577,15,15,-,-,-,-,15,47208,15,7,47201,702,46499,19471,27028
3215,szczecinecki,zachodniopomorskie,51,61819,54083,24812,29271,19,468,25,20,-,-,-,-,20,29284,20,1,29283,447,28836,13007,15829
3216,świdwiński,zachodniopomorskie,37,38676,33721,16184,17537,15,341,18,17,-,-,-,-,17,17554,17,-,17554,230,17324,7110,10214
3217,wałecki,zachodniopomorskie,37,42373,36633,16272,20360,15,311,16,15,1,-,-,-,14,20372,14,-,20372,358,20014,7408,12606
3218,łobeski,zachodniopomorskie,29,29701,25635,12873,12762,10,153,7,7,-,-,-,-,7,12769,7,3,12766,231,12535,4937,7598
3261,Koszalin,zachodniopomorskie,53,85047,74094,24819,49275,25,880,66,57,1,-,1,-,55,49328,55,1,49327,774,48553,17802,30751
3262,Szczecin,zachodniopomorskie,200,307156,267159,91430,175704,62,2642,200,170,8,-,1,-,161,175821,161,15,175806,2954,172852,67821,105031
3263,Świnoujście,zachodniopomorskie,27,34069,28862,10966,17894,11,1315,14,11,-,-,-,-,11,17908,11,-,17908,290,17618,6468,11150
