"Nr okręgu",TERYT,Powiat,Uprawnieni do głosowania,Karty wydane (frekwencja),Karty ważne (głosy oddane),Głosy nieważne,Głosy ważne,1 - Ruch Patriotyczny,2 - Polska Partia Pracy,3 - Liga Polskich Rodzin,4 - Partia Demokratyczna,5 - Socjaldemokracja Polska,6 - Prawo i Sprawiedliwość,7 - Sojusz Lewicy Demokratycznej,8 - Platforma Obywatelska,9 - Polska Partia Narodowa,10 - Polskie Stronnictwo Ludowe,11 - Centrum,12 - Platforma Janusza Korwin-Mikke,13 - Ogólnopolska Koalicja Obywatelska O.K.O.,14 - Polska Konfederacja - Godność i Praca,15 - Samoobrona RP,16 - Inicjatywa RP,17 - Dom Ojczysty,18 - Narodowe Odrodzenie Polski,19 - Stronnictwo Pracy,19 - Społeczni Ratownicy,19 - Mniejszość Niemiecka,19 - Mniejszość Niemiecka Śląska
1,20100,bolesławiecki,70154,24559,24551,1123,23428,389,181,1774,2137,585,4985,3308,5910,48,708,66,466,,,2562,,267,42,,,,
1,20300,głogowski,71771,27600,27582,1163,26419,128,189,1588,1834,965,7899,3720,5562,109,699,104,411,,,3090,,83,38,,,,
1,20500,jaworski,42639,15079,15040,621,14419,173,90,1091,189,443,4494,1735,2603,41,913,125,186,,,2244,,61,31,,,,
1,20600,jeleniogórski,52884,18358,18348,969,17379,231,148,1155,429,1124,3620,2467,5129,57,558,46,443,,,1856,,78,38,,,,
1,20700,kamiennogórski,37966,12644,12642,711,11931,132,107,829,862,301,3473,1830,2202,37,406,42,135,,,1514,,35,26,,,,
1,20900,legnicki,41918,14565,14536,618,13918,110,110,1119,338,277,2730,1663,2279,48,1641,45,154,,,3318,,51,35,,,,
1,21000,lubański,47287,16911,16910,793,16117,125,122,1529,486,460,3706,2640,3397,52,811,54,260,,,2313,,97,65,,,,
1,21100,lubiński,85891,33357,33317,1183,32134,141,216,1572,1811,896,8511,5411,8901,81,994,104,412,,,2905,,137,42,,,,
1,21200,lwówecki,38905,12566,12562,694,11868,114,78,1048,503,225,2480,2369,2279,37,865,23,160,,,1620,,32,35,,,,
1,21600,polkowicki,47272,16816,16786,749,16037,97,120,804,590,308,4614,2089,3772,53,695,46,222,,,2534,,60,33,,,,
1,22500,zgorzelecki,77193,27858,27840,1312,26528,163,191,1506,504,1050,6312,3917,8189,125,456,43,390,,,3366,,216,100,,,,
1,22600,złotoryjski,36947,12538,12536,690,11846,84,97,1020,423,279,2499,1985,2356,109,615,36,169,,,2062,,94,18,,,,
1,26101,m. Jelenia Góra,71416,29762,29710,981,28729,484,178,1579,783,1099,6730,4843,9030,46,580,43,821,,,2377,,80,56,,,,
1,26201,m. Legnica,83413,33491,33438,959,32479,197,275,2934,1078,1317,8093,5258,7529,71,968,114,465,,,4061,,80,39,,,,
2,20200,dzierżoniowski,88565,32109,32050,1125,30925,252,257,2900,568,837,6573,6003,7142,73,909,,492,93,,4718,,,108,,,,
2,20800,kłodzki,140578,50982,50925,1989,48936,541,385,3093,779,1718,10179,5076,12387,157,7291,,783,128,,6333,,,86,,,,
2,21900,świdnicki,131061,47569,47551,1649,45902,268,409,3608,876,2152,12268,5438,13098,142,992,,829,86,,5611,,,125,,,,
2,22100,wałbrzyski,153797,53093,52955,1758,51197,337,415,3022,877,5083,11001,7433,14546,173,2012,,696,161,,5334,,,107,,,,
2,22400,ząbkowicki,56290,20053,20044,838,19206,164,155,1597,256,579,3543,3239,3698,57,1562,,286,36,,3999,,,35,,,,
3,20400,górowski,28578,8975,8970,430,8540,66,56,638,202,277,1411,851,1512,34,673,36,142,,11,2466,,125,40,,,,
3,21300,milicki,28962,10482,10450,499,9951,158,57,991,210,470,1652,905,2079,23,998,74,182,,25,2032,,84,11,,,,
3,21400,oleśnicki,81152,27418,27356,994,26362,235,160,1976,608,1162,7646,2740,5525,83,1441,59,504,,73,4042,,68,40,,,,
3,21500,oławski,56753,21520,21495,711,20784,438,128,1798,487,616,5593,1935,5650,43,1187,45,384,,42,2132,,279,27,,,,
3,21700,strzeliński,36384,12871,12867,564,12303,170,111,973,176,516,2212,1242,3532,28,902,32,140,,20,2120,,102,27,,,,
3,21800,średzki,38701,11744,11742,482,11260,74,137,1150,271,399,2582,1179,2606,36,649,35,257,,17,1719,,129,20,,,,
3,22000,trzebnicki,60370,20446,20365,666,19699,319,123,1332,483,543,4716,1625,5572,39,1262,224,432,,34,2842,,105,48,,,,
3,22200,wołowski,39569,13926,13914,685,13229,122,117,978,327,538,3313,1354,3564,48,621,30,258,,22,1822,,72,43,,,,
3,22300,wrocławski,77074,28876,28804,999,27805,298,172,2326,756,896,6807,1823,7920,80,1568,106,699,,52,4075,,190,37,,,,
3,26401,m. Wrocław,508364,242680,242191,4305,237886,2995,1339,13925,13087,10030,63745,25109,87521,531,2461,437,6390,,229,9419,,366,302,,,,
4,40300,bydgoski,71315,24393,24356,1767,22589,400,342,1402,398,610,5770,3495,5109,38,1275,67,396,100,,2916,48,84,53,86,,,
4,40700,inowrocławski,132646,44488,44437,3429,41008,736,829,2597,760,1871,9046,7214,7112,96,3269,89,519,196,,6072,74,94,67,367,,,
4,40900,mogileński,36552,12177,12170,1085,11085,183,242,682,135,294,2632,1506,1205,20,2163,17,105,35,,1798,12,15,13,28,,,
4,41000,nakielski,66420,22893,22828,1700,21128,368,379,1472,246,459,4708,4092,3725,43,1896,98,342,113,,2989,36,43,30,89,,,
4,41300,sępoleński,31815,10661,10655,1019,9636,171,209,988,129,264,2064,1282,1343,17,905,93,65,43,,1990,20,19,11,23,,,
4,41400,świecki,76663,25010,24995,2135,22860,403,472,1567,320,605,4711,3108,4383,45,2295,53,309,116,,4166,45,167,44,51,,,
4,41600,tucholski,36259,14642,14634,1120,13514,201,223,715,120,479,2719,1158,3846,33,1520,42,110,46,,2171,28,61,20,22,,,
4,41900,żniński,54949,19364,19357,1950,17407,264,301,1454,163,362,3228,2710,2657,34,2405,177,171,126,,3125,31,36,73,90,,,
4,46101,m. Bydgoszcz,297074,131584,131482,5499,125983,1548,1597,8244,2587,3928,35586,28646,29954,211,1850,373,1962,402,,8136,249,254,193,263,,,
5,40100,aleksandrowski,44781,16533,16474,651,15823,116,102,1264,414,613,3457,2012,2453,31,1562,28,110,29,,3543,34,30,25,,,,
5,40200,brodnicki,58300,21594,21590,727,20863,133,87,2069,303,562,5704,1409,2838,32,3456,14,116,34,,3949,38,95,24,,,,
5,40400,chełmiński,40230,12704,12701,536,12165,88,88,1181,268,455,2413,1799,1688,39,883,20,140,32,,2687,29,327,28,,,,
5,40500,golubsko-dobrzyński,34321,11475,11472,475,10997,70,59,849,215,483,2739,960,1141,25,881,81,69,16,,3300,23,61,25,,,,
5,40600,grudziądzki,29774,9047,9024,407,8617,48,100,675,151,386,1339,786,874,35,896,16,52,18,,3144,16,68,13,,,,
5,40800,lipnowski,51293,15705,15705,654,15051,71,88,1033,210,443,3027,1489,1802,39,2657,100,104,27,,3849,31,53,28,,,,
5,41100,radziejowski,34344,11107,11076,538,10538,51,60,1090,139,412,1397,1256,846,20,1786,73,63,20,,3234,25,42,24,,,,
5,41200,rypiński,35083,10323,10321,342,9979,42,48,730,149,425,2029,916,1599,32,1524,21,80,13,,2286,20,54,11,,,,
5,41500,toruński,65891,20696,20653,752,19901,130,116,1914,692,643,4986,1685,3526,49,1909,126,220,47,,3742,40,38,38,,,,
5,41700,wąbrzeski,27470,9043,9024,336,8688,42,62,544,152,278,1500,763,1696,23,985,24,82,20,,2398,23,83,13,,,,
5,41800,włocławski,67660,21187,21169,1068,20101,107,132,1232,958,635,2811,2800,2078,45,1737,99,139,57,,7125,59,54,33,,,,
5,46201,m. Grudziądz,80206,28343,28311,930,27381,174,332,1772,758,3450,6147,3861,5357,145,486,85,339,51,,3870,59,453,42,,,,
5,46301,m. Toruń,162616,70894,70713,1336,69377,375,430,6386,5375,4366,18767,7339,19743,85,833,87,741,57,,4585,43,87,78,,,,
5,46401,m. Włocławek,97048,37259,37244,1211,36033,269,238,2032,1284,2694,8407,6533,7580,121,535,255,477,53,,5365,38,99,53,,,,
6,60500,janowski,38376,18394,18381,608,17773,218,43,2161,84,216,5166,1021,657,155,1822,20,110,31,,2980,47,3021,21,,,,
6,60700,kraśnicki,80641,34984,34947,1529,33418,248,109,4297,237,769,8664,2115,5749,128,3776,57,276,56,,6716,43,137,41,,,,
6,60800,lubartowski,72118,28198,28173,1351,26822,257,170,4179,681,711,4928,1993,2901,113,4965,61,269,95,,5286,53,115,45,,,,
6,60900,lubelski,106811,42676,42544,1498,41046,446,131,4464,367,1029,9042,1997,3972,175,9982,77,378,83,,8704,66,100,33,,,,
6,61000,łęczyński,43674,15148,15144,652,14492,191,98,1270,114,556,5086,668,1575,54,1277,90,187,37,,3152,25,41,71,,,,
6,61100,łukowski,84195,34315,34225,1493,32732,181,109,5709,516,890,5472,2869,2341,127,6270,58,250,87,,7702,42,70,39,,,,
6,61200,opolski,51107,19251,19220,784,18436,126,90,1631,186,564,2827,1753,1451,261,4053,29,130,41,,5157,25,83,29,,,,
6,61400,puławski,95430,39980,39894,1253,38641,252,180,4837,569,1393,9172,2976,9207,131,3985,43,487,65,,5180,62,71,31,,,,
6,61600,rycki,48167,19858,19833,934,18899,134,101,1523,153,871,4329,1929,2312,119,3255,24,203,59,,3563,42,251,31,,,,
6,61700,świdnicki,58453,22772,22755,731,22024,384,122,3285,344,1029,5854,1615,3909,122,1926,45,313,102,,2890,29,28,27,,,,
6,66301,m. Lublin,279963,135730,135499,3166,132333,1554,739,15688,2904,8667,41863,13150,33490,453,3755,343,2379,258,,6551,181,246,112,,,,
7,60100,bialski,89203,35764,35725,1361,34364,311,126,5933,160,441,5017,2003,4635,248,8096,,215,100,,7001,,,78,,,,
7,60200,biłgorajski,82318,33231,33212,1005,32207,805,187,4328,377,982,7045,2151,3008,128,6102,,262,57,,6719,,,56,,,,
7,60300,chełmski,58510,18020,18002,805,17197,184,101,2181,193,625,2675,1649,1348,99,2976,,128,59,,4918,,,61,,,,
7,60400,hrubieszowski,58079,20736,20732,828,19904,176,127,1807,585,876,3672,1327,1446,77,3538,,217,49,,5944,,,63,,,,
7,60600,krasnostawski,63100,22457,22451,904,21547,177,103,1697,167,582,3406,1383,1663,117,5682,,185,123,,6201,,,61,,,,
7,61300,parczewski,29928,11895,11890,416,11474,70,42,1071,59,412,3178,1067,608,89,2282,,76,21,,2477,,,22,,,,
7,61500,radzyński,49193,21794,21776,736,21040,175,76,2759,96,229,2749,2748,2239,112,5455,,95,43,,4222,,,42,,,,
7,61800,tomaszowski,72705,27946,27940,1169,26771,164,117,2483,161,603,4967,1401,2928,309,6745,,244,121,,6441,,,87,,,,
7,61900,włodawski,33493,12675,12670,474,12196,118,112,1470,131,301,2102,1282,1551,43,2137,,108,31,,2759,,,51,,,,
7,62000,zamojski,87829,33265,33207,1432,31775,325,139,4448,172,714,7640,1400,2545,196,5876,,278,84,,7868,,,90,,,,
7,66101,m. Biała Podlaska,45280,19689,19663,483,19180,108,97,3100,188,603,4804,2394,3759,84,1689,,219,57,,2060,,,18,,,,
7,66201,m. Chełm,56165,21289,21278,636,20642,221,110,2092,296,1993,5647,2761,3855,112,1177,,215,49,,2030,,,84,,,,
7,66401,m. Zamość,53731,22452,22443,561,21882,311,116,2461,337,1251,7503,2576,3506,92,1405,,402,87,,1795,,,40,,,,
8,80100,gorzowski,49699,16518,16505,748,15757,118,160,849,178,622,4198,2251,3260,44,1201,,228,69,,2501,,78,,,,,
8,80200,krośnieński,45069,14558,14548,615,13933,124,161,774,141,430,2268,2709,4025,37,812,,199,85,,2127,,41,,,,,
8,80300,międzyrzecki,47402,15957,15951,852,15099,151,116,1421,355,614,2910,2502,3069,34,1601,,220,48,,1993,,65,,,,,
8,80400,nowosolski,68993,24183,24156,1027,23129,193,201,1948,235,667,4671,2620,6404,43,2407,,369,266,,2868,,237,,,,,
8,80500,słubicki,36226,11720,11716,595,11121,113,80,642,458,628,1961,1669,2677,26,1264,,134,38,,1374,,57,,,,,
8,80600,strzelecko-drezdenecki,39992,12715,12709,617,12092,74,78,569,474,291,2020,2035,3210,48,1243,,145,36,,1837,,32,,,,,
8,80700,sulęciński,28018,9285,9285,497,8788,87,80,623,149,237,1712,1190,1686,27,1512,,175,39,,1234,,37,,,,,
8,80800,świebodziński,43896,14232,14222,635,13587,118,104,1210,198,361,2946,2085,3355,27,1457,,251,37,,1207,,231,,,,,
8,80900,zielonogórski,68598,23280,23222,1128,22094,184,157,2209,296,714,4486,3443,5909,86,1722,,399,73,,2323,,93,,,,,
8,81000,żagański,66063,20901,20888,934,19954,164,219,1655,524,719,3516,2935,4137,60,2399,,254,109,,3182,,81,,,,,
8,81100,żarski,79200,25031,25017,1111,23906,233,259,1683,510,745,5692,3894,5314,58,1521,,375,107,,3363,,152,,,,,
8,81200,wschowski,29805,10200,10195,509,9686,80,78,835,134,257,3114,1087,1373,30,900,,114,32,,1576,,76,,,,,
8,86101,m. Gorzów Wielkopolski,99721,41193,41136,1103,40033,202,230,1776,899,1602,14197,7553,8157,71,1168,,700,102,,3203,,173,,,,,
8,86201,m. Zielona Góra,93768,42452,42412,1067,41345,293,246,4444,844,1619,8090,7807,12926,55,2037,,676,79,,2080,,149,,,,,
9,100600,łódzki wschodni,50751,20757,20740,1038,19702,350,228,2032,558,707,4856,2158,3366,61,1561,56,364,43,,3204,41,,54,,63,,
9,102100,brzeziński,24549,9733,9661,557,9104,147,104,1552,255,251,1276,654,1419,30,1132,6,118,22,,2099,10,,8,,21,,
9,106101,m. Łódź,626095,275471,274965,9720,265245,4454,3117,18890,16933,15849,66303,38699,66678,744,3582,769,6437,555,,20079,738,,520,,898,,
10,100100,bełchatowski,88930,35278,35216,1327,33889,,460,4554,644,1451,8937,2929,5639,104,1381,349,591,81,56,6619,50,,44,,,,
10,100700,opoczyński,62287,25702,25678,927,24751,,139,2502,282,420,4775,1958,2793,66,4593,79,263,83,127,6593,49,,29,,,,
10,101000,piotrkowski,70630,27603,27566,1057,26509,,218,2573,387,242,5134,1905,3031,80,3701,129,205,124,26,8616,69,,69,,,,
10,101200,radomszczański,95546,33909,33888,1443,32445,,307,2543,894,771,8290,3922,4838,95,3129,258,392,52,52,6675,137,,90,,,,
10,101300,rawski,39799,13873,13865,428,13437,,104,936,341,216,2504,1317,1443,41,2220,46,166,32,22,3976,63,,10,,,,
10,101500,skierniewicki,29915,11655,11632,488,11144,,59,840,116,294,1487,424,654,42,3261,43,120,24,9,3722,36,,13,,,,
10,101600,tomaszowski,98147,38971,38938,1358,37580,,345,3040,466,975,8460,5367,6235,125,4241,126,602,158,50,7163,159,,68,,,,
10,106201,m. Piotrków Trybunalski,64357,28414,28366,770,27596,,211,2156,494,667,7961,5036,6243,72,610,28,488,246,56,3211,82,,35,,,,
10,106301,m. Skierniewice,38800,15912,15902,418,15484,,99,1041,296,1254,4292,2109,3283,113,929,55,413,39,20,1459,60,,22,,,,
11,100200,kutnowski,86414,31830,31746,1480,30266,415,243,1482,363,1196,6787,4065,4074,160,4021,,,96,,7064,300,,,,,,
11,100300,łaski,40761,14654,14647,670,13977,185,119,1133,275,352,2687,2345,1727,96,1849,,,59,,3067,83,,,,,,
11,100400,łęczycki,44304,15914,15883,791,15092,142,97,809,246,251,2207,1964,1922,73,2208,,,31,,5077,65,,,,,,
11,100500,łowicki,66946,26084,26059,1227,24832,261,153,1420,197,445,5076,5276,2619,79,4003,,,42,,5185,76,,,,,,
11,100800,pabianicki,97691,38501,38466,1486,36980,438,383,2662,1110,1022,10304,5234,8811,166,2149,,,152,,4420,129,,,,,,
11,100900,pajęczański,42561,14771,14760,729,14031,149,123,776,98,238,3215,2105,1298,40,1418,,,49,,4048,474,,,,,,
11,101100,poddębicki,34567,12690,12685,715,11970,126,75,741,102,266,1490,1738,1267,43,2407,,,28,,3641,46,,,,,,
11,101400,sieradzki,97535,38367,38319,1911,36408,1164,300,3038,423,1175,6267,5202,4179,124,4911,,,82,,9339,204,,,,,,
11,101700,wieluński,62628,25214,25204,1212,23992,240,219,1413,331,400,3774,2746,2876,63,5229,,,51,,6531,119,,,,,,
11,101800,wieruszowski,33396,13151,13142,565,12577,184,86,704,91,147,1811,1225,1315,51,3174,,,25,,3708,56,,,,,,
11,101900,zduńskowolski,54035,20692,20678,919,19759,485,203,1449,472,471,5299,2873,3462,91,1703,,,148,,3003,100,,,,,,
11,102000,zgierski,129711,49299,49155,1983,47172,697,386,3435,985,1563,12459,7873,9618,203,1989,,,111,,7704,149,,,,,,
12,120300,chrzanowski,104043,41462,41407,1636,39771,633,417,3343,1161,3039,11780,4538,9467,116,911,,676,,,3690,,,,,,,
12,120900,myślenicki,86472,36837,36819,1317,35502,361,152,5400,375,496,14354,1290,7060,83,1670,,769,,,3492,,,,,,,
12,121300,oświęcimski,122444,54489,54439,1786,52653,276,435,4232,915,1414,17696,6757,11671,103,5035,,668,,,3451,,,,,,,
12,121500,Suski,62699,25895,25887,1268,24619,263,158,3967,279,715,9105,1193,5326,80,1167,,272,,,2094,,,,,,,
12,121800,wadowicki,119438,49790,49770,1907,47863,335,413,6073,825,1214,16968,3422,10292,109,3349,,530,,,4333,,,,,,,
13,120600,krakowski,187679,76792,76705,2713,73992,562,698,7213,1208,1652,28490,3309,19088,168,3995,,1203,,104,6302,,,,,,,
13,120800,miechowski,41494,14526,14508,557,13951,84,109,1194,174,326,2509,1179,1180,40,3945,,138,,23,3050,,,,,,,
13,121200,olkuski,92839,35948,35922,1304,34618,395,363,2037,576,2793,8990,5065,6992,83,1777,,607,,36,4904,,,,,,,
13,126101,m. Kraków,588513,303817,303430,5636,297794,2390,2719,13520,10067,10180,116765,23927,101180,394,3451,,5962,,280,6959,,,,,,,
14,120500,gorlicki,83670,35428,35400,1497,33903,213,186,3575,214,507,11256,3437,6227,73,2910,,293,,,5012,,,,,,,
14,120700,limanowski,88912,40924,40817,1644,39173,401,214,6044,941,273,14956,1140,6450,64,5623,,343,,,2724,,,,,,,
14,121000,nowosądecki,145223,69465,69405,2986,66419,981,387,10560,1041,673,24527,3562,11257,183,5324,,591,,,7333,,,,,,,
14,121100,nowotarski,136265,55562,55479,2042,53437,491,387,6460,577,680,21138,1829,14518,156,3425,,468,,,3308,,,,,,,
14,121700,tatrzański,52634,22926,22904,582,22322,156,139,2012,411,268,8018,868,7542,80,1771,,183,,,874,,,,,,,
14,126201,m. Nowy Sącz,65807,33698,33668,719,32949,562,145,2852,611,632,12351,4053,8401,56,863,,618,,,1805,,,,,,,
15,120100,bocheński,76068,34098,34056,1265,32791,187,250,4406,279,1288,10036,1474,5615,33,5028,132,504,28,,3451,,80,,,,,
15,120200,brzeski,68272,29751,29734,1422,28312,198,212,4758,212,477,9820,1497,4852,40,2589,214,338,55,,2836,,214,,,,,
15,120400,dąbrowski,45487,18123,18110,756,17354,106,81,2314,93,215,4461,738,4323,21,2526,42,134,49,,2055,,196,,,,,
15,121400,proszowicki,34473,11334,11313,425,10888,80,62,1090,53,220,1783,573,1241,42,3128,80,108,13,,2400,,15,,,,,
15,121600,tarnowski,144366,61511,61406,2987,58419,504,407,8968,582,766,21955,2527,8911,85,5135,375,787,179,,6741,,497,,,,,
15,121900,wielicki,79213,33239,33206,1031,32175,156,345,2936,387,864,11648,1361,10028,60,1358,318,541,58,,2015,,100,,,,,
15,126301,m. Tarnów,95190,44137,44094,1270,42824,241,269,3688,1066,1070,15875,5011,10206,47,1045,200,1185,245,,2508,,168,,,,,
16,140200,ciechanowski,72717,26672,26635,822,25813,376,134,1373,340,564,5570,3138,3915,40,3712,,243,,,6241,104,,63,,,,
16,140400,gostyniński,37796,14102,14088,609,13479,96,82,919,147,315,3403,1175,1129,22,2953,,126,,,3022,64,,26,,,,
16,141300,mławski,58186,19961,19943,885,19058,431,103,1454,204,339,3680,2431,3029,25,3866,,174,,,3229,70,,23,,,,
16,141900,płocki,81727,27586,27575,1231,26344,232,149,1444,484,830,5814,1456,2072,48,7000,,223,,,6181,364,,47,,,,
16,142000,płoński,70117,22750,22746,927,21819,170,111,2203,356,241,3623,4621,2667,35,3706,,163,,,3784,98,,41,,,,
16,142200,przasnyski,42225,15023,15015,553,14462,918,89,1034,121,239,3134,1329,1525,38,2672,,127,,,3113,77,,46,,,,
16,142700,sierpecki,42263,14365,14360,609,13751,102,90,1192,277,784,3314,980,1166,20,2424,,105,,,3232,50,,15,,,,
16,142800,sochaczewski,65779,23169,23162,859,22303,531,110,1758,268,1059,5336,2560,3157,69,3117,,256,,,3948,96,,38,,,,
16,143700,żuromiński,32233,10562,10533,428,10105,156,33,662,79,170,1680,1210,1047,10,2811,,70,,,2077,88,,12,,,,
16,143800,żyrardowski,59011,21690,21684,800,20884,163,107,2023,444,583,6472,2504,4246,42,1632,,343,,,2128,158,,39,,,,
16,146201,m. Płock,102532,43428,43364,1236,42128,327,389,1907,1303,1628,13677,6081,9204,89,2540,,599,,,4101,240,,43,,,,
17,140100,białobrzeski,25961,10389,10385,437,9948,51,37,735,63,99,2198,660,1170,57,2214,25,106,12,,2497,12,,12,,,,
17,140600,grójecki,77393,30266,30213,1063,29150,299,108,2126,225,428,5484,1967,3048,160,8544,113,262,29,,6290,36,,31,,,,
17,140700,kozienicki,51039,20057,20009,757,19252,175,90,1688,129,296,4048,1599,2675,49,3035,98,242,26,,5037,44,,21,,,,
17,140900,lipski,30696,12017,12011,546,11465,114,32,501,44,153,756,3794,825,17,2486,25,106,10,,2571,19,,12,,,,
17,142300,przysuski,35652,15038,15034,722,14312,148,56,1143,117,171,2620,665,1409,24,2010,657,164,21,,5059,32,,16,,,,
17,142500,radomski,110736,40683,40608,1618,38990,312,270,3871,305,922,10637,2646,4679,112,5076,179,478,40,,9248,155,,60,,,,
17,143000,szydłowiecki,31887,12157,12104,527,11577,109,55,776,89,378,2593,872,2255,26,792,94,99,25,,3387,15,,12,,,,
17,143600,zwoleński,29477,11849,11843,512,11331,202,46,830,82,141,1934,1337,1031,27,2120,33,95,21,,3399,14,,19,,,,
17,146301,m. Radom,181043,80959,80824,1940,78884,642,458,6476,1390,3323,27307,8726,18042,298,3591,451,1739,53,,6188,109,,91,,,,
18,140300,garwoliński,81985,33965,33873,1096,32777,760,127,4233,251,514,8298,3306,4101,134,3443,,297,67,,7122,57,67,,,,,
18,141000,łosicki,26616,11595,11592,446,11146,149,38,1319,37,116,2025,696,1080,29,1930,,92,18,,3104,384,129,,,,,
18,141100,makowski,37450,15130,15125,728,14397,321,53,1131,124,120,2893,868,939,72,4930,,89,27,,2734,24,72,,,,,
18,141200,miński,108782,45287,45245,1585,43660,691,274,4200,483,972,11697,2900,12024,368,4247,,643,91,,4796,45,229,,,,,
18,141500,ostrołęcki,64423,22518,22515,1057,21458,594,109,3077,371,164,5051,861,1508,84,4904,,186,58,,4344,45,102,,,,,
18,141600,ostrowski,59807,24002,23996,898,23098,310,61,5283,162,375,5520,1432,2256,54,3286,,191,26,,3911,72,159,,,,,
18,142400,pułtuski,39556,16989,16960,755,16205,113,61,743,207,189,5728,672,1054,42,5160,,162,24,,1989,21,40,,,,,
18,142600,siedlecki,61624,26636,26599,901,25698,290,125,2760,155,544,4366,821,1631,179,4251,,203,30,,9884,337,122,,,,,
18,142900,sokołowski,47035,21828,21799,748,21051,307,92,3274,86,249,4044,991,1399,183,4660,,195,35,,5406,89,41,,,,,
18,143300,węgrowski,54549,22601,22537,1025,21512,244,115,2682,119,211,4737,1123,1668,89,5458,,165,38,,4756,49,58,,,,,
18,143500,wyszkowski,55116,21614,21583,831,20752,227,103,1671,159,255,5047,3261,2328,83,4012,,247,24,,2952,102,281,,,,,
18,146101,m. Ostrołęka,42909,18186,18152,490,17662,417,67,1561,482,400,8278,1643,2376,128,839,,220,20,,1122,18,91,,,,,
18,146401,m. Siedlce,60008,28078,28019,537,27482,289,182,2940,483,1451,7911,3007,5109,173,1428,,547,34,,3698,127,103,,,,,
19,146501,m. st. Warszawa,1343728,745362,742611,18372,724239,7571,3899,41435,34987,47880,217087,85335,237732,1572,6807,711,19552,388,448,17348,187,909,391,,,,
19,149901,Zagranica,49840,35679,35611,850,34761,480,173,2941,2275,1481,10066,2142,13249,143,291,47,900,31,25,423,18,38,38,,,,
20,140500,grodziski,61401,26181,26166,634,25532,503,109,1793,655,578,7125,1854,7742,67,2682,,557,39,,1767,,61,,,,,
20,140800,legionowski,73886,32209,32196,856,31340,646,170,2339,1229,1904,9243,3001,8954,74,803,,582,81,,2206,,108,,,,,
20,141400,nowodworski,59688,21687,21677,900,20777,392,166,1280,290,1090,5744,2242,4431,47,1735,,365,67,,2861,,67,,,,,
20,141700,otwocki,89075,41927,41871,971,40900,1188,247,3327,851,805,14931,2827,10054,93,2444,,924,225,,2904,,80,,,,,
20,141800,piaseczyński,106556,48805,48739,1305,47434,895,183,2360,1249,1259,14043,3479,15750,109,4186,,889,60,,2871,,101,,,,,
20,142100,pruszkowski,113381,55672,55613,1307,54306,1236,223,3421,1463,1519,18603,3769,18016,148,1532,,1244,106,,2840,,186,,,,,
20,143200,warszawski zachodni,74810,33443,33365,754,32611,760,167,2065,817,818,11433,1981,9891,98,1175,,738,38,,2501,,129,,,,,
20,143400,wołomiński,150526,66182,66027,1652,64375,2710,359,6691,993,1472,23410,3608,14282,187,2769,,1222,91,,5326,,1255,,,,,
21,160100,brzeski,73183,25898,25852,899,24953,316,167,2515,442,908,6035,2491,5635,53,1762,,423,,,3973,,,100,,,133,
21,160200,głubczycki,40152,13743,13732,631,13101,183,107,1327,258,336,3165,1103,2330,71,1605,,159,,,2168,,,30,,,259,
21,160300,kędzierzyńsko-kozielski,81128,26451,26410,1005,25405,398,167,1538,697,671,5268,3883,6119,61,312,,465,,,1502,,,39,,,4285,
21,160400,kluczborski,55672,18170,18149,702,17447,187,102,908,235,406,5614,1756,2839,52,1675,,181,,,1856,,,40,,,1596,
21,160500,krapkowicki,54032,14199,14194,644,13550,141,61,666,361,350,2000,879,3144,41,106,,197,,,744,,,13,,,4847,
21,160600,namysłowski,34542,13694,13690,649,13041,167,100,848,171,289,3347,1946,1831,39,2389,,155,,,1571,,,25,,,163,
21,160700,nyski,118239,42509,42482,1739,40743,450,408,3932,1527,990,8851,3672,10647,115,1808,,657,,,7156,,,50,,,480,
21,160800,oleski,54667,16392,16379,799,15580,146,117,902,625,403,2036,1274,3216,49,1077,,159,,,2417,,,35,,,3124,
21,160900,opolski,106458,29404,29397,1447,27950,369,140,1385,608,581,4160,1779,6743,85,725,,469,,,2003,,,53,,,8850,
21,161000,prudnicki,47675,16266,16255,625,15630,412,93,1111,283,452,3425,1415,3341,44,427,,268,,,2121,,,26,,,2212,
21,161100,strzelecki,65178,18592,18586,873,17713,177,132,885,380,386,2571,1394,3162,36,283,,214,,,1258,,,37,,,6798,
21,166101,m. Opole,99788,42741,42665,954,41711,395,266,2187,2126,1710,8307,6126,15676,95,609,,959,,,1475,,,58,,,1722,
22,180100,bieszczadzki,17763,6212,6195,187,6008,35,32,457,105,193,1620,624,1982,49,237,28,41,,,592,,13,,,,,
22,180200,brzozowski,50415,19718,19688,723,18965,186,51,2936,237,227,7401,667,1988,44,2138,125,147,,,2772,,46,,,,,
22,180400,jarosławski,94671,42961,42899,1415,41484,289,170,4806,199,494,13560,2585,6414,78,6630,177,303,,,5564,,215,,,,,
22,180500,jasielski,90738,36544,36518,1239,35279,308,291,4126,217,510,16099,2022,4267,126,2596,35,337,,,4236,,109,,,,,
22,180700,krośnieński,84926,34580,34550,1178,33372,257,179,6338,260,864,11602,1975,4601,82,2471,62,466,,,4140,,75,,,,,
22,180900,lubaczowski,45466,18813,18787,784,18003,102,93,1825,76,355,5217,1610,1567,34,3887,185,116,,,2763,,173,,,,,
22,181300,przemyski,55281,21896,21889,1047,20842,142,99,2847,631,464,5269,4101,2608,48,1537,182,135,,,2686,,93,,,,,
22,181400,przeworski,60977,25867,25839,1021,24818,139,80,3770,130,1345,8506,1307,2096,46,3351,76,251,,,3525,,196,,,,,
22,181700,sanocki,74824,28120,28098,1001,27097,141,146,5164,244,548,6800,3465,4993,51,2079,37,304,,,3072,,53,,,,,
22,182100,leski,21937,8358,8357,376,7981,48,49,816,100,187,2111,1156,2099,15,382,13,103,,,888,,14,,,,,
22,186101,m. Krosno,38999,17533,17515,309,17206,166,97,2030,278,585,5667,1791,4594,26,508,23,320,,,1056,,65,,,,,
22,186201,m. Przemyśl,53723,22869,22829,610,22219,259,86,2126,434,455,8467,3727,4980,32,305,41,191,,,1045,,71,,,,,
23,180300,dębicki,102033,44085,44002,1592,42410,217,181,5330,702,631,17017,2309,4945,107,4456,,480,,50,5283,40,662,,,,,
23,180600,kolbuszowski,46710,21155,21144,825,20319,122,89,4583,67,143,9980,501,1057,53,1993,,224,,13,1446,20,28,,,,,
23,180800,leżajski,53475,24282,24233,695,23538,144,63,3706,73,202,6769,766,7585,49,1921,,191,,19,1869,25,156,,,,,
23,181000,łańcucki,59358,27938,27925,776,27149,201,91,5547,162,380,12106,894,3345,60,2356,,244,,25,1589,32,117,,,,,
23,181100,mielecki,103439,43753,43651,1344,42307,276,159,4607,403,1275,14000,2791,8158,207,5245,,575,,36,4233,26,316,,,,,
23,181200,niżański,51783,19564,19559,736,18823,179,92,3820,90,247,4987,1830,1806,83,3521,,254,,42,1702,25,145,,,,,
23,181500,ropczycko-sędziszowski,53908,25534,25500,805,24695,129,70,2316,71,311,8404,586,2403,24,8130,,167,,37,1818,41,188,,,,,
23,181600,rzeszowski,131683,62060,62008,2179,59829,858,280,8090,282,701,27490,2816,8278,152,4892,,694,,92,4650,158,396,,,,,
23,181800,stalowowolski,87986,35174,35138,1130,34008,382,139,4451,352,1068,13648,4390,5175,190,1225,,507,,59,2176,25,221,,,,,
23,181900,strzyżowski,47553,19148,19141,805,18336,112,118,2819,79,392,5746,665,2662,34,3292,,225,,28,2006,31,127,,,,,
23,182000,tarnobrzeski,42751,16997,16987,682,16305,97,82,1964,72,278,4909,2190,2826,50,1523,,213,,108,1915,20,58,,,,,
23,186301,m. Rzeszów,122218,60995,60897,1154,59743,801,457,4203,947,2411,23910,6923,13987,133,2209,,1244,,81,1957,83,397,,,,,
23,186401,m. Tarnobrzeg,39426,16173,16161,441,15720,101,55,1340,133,655,5035,2929,3275,48,539,,352,,23,1163,15,57,,,,,
24,200100,augustowski,46764,16534,16466,767,15699,345,201,1521,216,1231,3909,966,2319,68,1778,,180,,11,2719,41,194,,,,,
24,200200,białostocki,109622,43070,43002,2123,40879,1377,458,4937,657,1588,14552,3769,5803,116,2173,,533,,46,4236,115,519,,,,,
24,200300,bielski,49278,18417,18410,953,17457,532,276,2114,214,882,4733,3531,1383,57,1039,,115,,44,2410,73,54,,,,,
24,200400,grajewski,39177,12763,12743,969,11774,333,206,1615,132,241,3004,630,1100,38,2479,,130,,53,1497,160,156,,,,,
24,200500,hajnowski,42134,12709,12670,712,11958,290,279,577,216,512,1105,4792,979,46,870,,92,,14,2117,39,30,,,,,
24,200600,kolneński,31355,11005,11003,821,10182,276,142,2094,67,97,2326,403,707,24,2417,,54,,25,1462,41,47,,,,,
24,200700,łomżyński,39595,13785,13772,883,12889,449,177,2394,65,111,2591,525,904,52,2055,,90,,29,3015,45,387,,,,,
24,200800,moniecki,34461,11580,11575,757,10818,338,168,1612,109,223,2356,664,1007,36,1465,,72,,7,2621,42,98,,,,,
24,200900,sejneński,17226,5872,5870,338,5532,204,47,252,33,119,801,2093,373,19,487,,30,,5,977,20,72,,,,,
24,201000,siemiatycki,40174,14173,14134,726,13408,692,172,1562,121,233,2189,1989,1446,37,2461,,92,,21,2266,88,39,,,,,
24,201100,sokólski,59349,19841,19800,1298,18502,575,256,2300,167,458,4852,1755,2019,71,2234,,161,,18,3189,51,396,,,,,
24,201200,suwalski,27284,9147,9113,480,8633,182,99,675,54,134,1658,497,807,49,1656,,65,,14,2295,41,407,,,,,
24,201300,wysokomazowiecki,47909,20917,20900,1135,19765,903,193,3973,94,238,6887,882,926,37,2355,,86,,21,2944,43,183,,,,,
24,201400,zambrowski,36195,13356,13311,715,12596,273,145,2177,79,205,2934,1013,1869,24,1828,,135,,24,1784,31,75,,,,,
24,206101,m. Białystok,224082,100829,100738,3215,97523,1424,970,7877,2263,5716,31229,14586,23085,336,2379,,1622,,88,4864,109,975,,,,,
24,206201,m. Łomża,49208,19399,19220,663,18557,325,162,2219,168,479,6161,2234,4288,31,747,,228,,15,1249,32,219,,,,,
24,206301,m. Suwałki,52661,20172,20131,817,19314,380,179,1410,227,724,7027,2196,3678,141,561,,244,,22,2351,32,142,,,,,
25,220400,gdański,63051,24953,24912,716,24196,215,165,1392,369,1356,5619,1534,9677,85,1622,94,325,48,,1592,,103,,,,,
25,220700,kwidzyński,62539,20865,20834,770,20064,104,120,970,256,559,4864,3023,6440,33,476,87,254,113,,2526,,239,,,,,
25,220900,malborski,50321,18630,18603,726,17877,101,132,821,483,730,4209,2589,4556,52,1618,30,352,47,,2102,,55,,,,,
25,221000,nowodworski,28227,9169,9168,446,8722,67,41,318,254,397,1744,753,2207,32,651,18,92,23,,2099,,26,,,,,
25,221300,starogardzki,92466,36176,36150,1539,34611,248,237,2369,441,729,9449,4069,9646,74,2189,62,357,126,,4404,,211,,,,,
25,221400,tczewski,86354,32417,32382,1302,31080,217,246,2145,672,1251,8410,2319,10159,79,1218,537,391,85,,3212,,139,,,,,
25,221600,sztumski,33910,10538,10532,566,9966,78,64,402,148,437,2439,1094,2885,22,581,50,144,45,,1528,,49,,,,,
25,226101,m. Gdańsk,364092,186936,186594,3251,183343,1344,1171,10174,4391,7240,48138,14655,84594,453,1041,371,2821,306,,5606,,1038,,,,,
25,226401,m. Sopot,33540,18683,18654,250,18404,88,94,941,646,728,4818,1468,8775,33,97,13,254,9,,359,,81,,,,,
25,229901,Statki,100,99,99,3,96,1,0,2,3,2,25,4,50,0,0,0,8,0,,1,,0,,,,,
26,220100,bytowski,57877,21023,20998,874,20124,124,128,1634,229,547,4153,3145,5657,77,527,230,262,70,,3248,,60,33,,,,
26,220200,chojnicki,70396,28536,28527,1062,27465,230,217,2785,287,578,7468,3155,6262,64,995,511,353,91,,4347,,92,30,,,,
26,220300,człuchowski,45777,15234,15231,808,14423,139,140,808,286,844,2243,2100,3053,57,1334,49,235,66,,2984,,59,26,,,,
26,220500,kartuski,76486,35195,35158,1398,33760,239,173,3862,334,457,9422,1601,12118,69,786,60,360,92,,3992,,127,68,,,,
26,220600,kościerski,50547,21103,21084,919,20165,156,131,1724,437,314,5360,1507,6846,52,641,54,198,49,,2492,,147,57,,,,
26,220800,lęborski,49155,18193,18185,709,17476,127,125,1610,223,527,3671,2636,5097,58,502,74,270,68,,2379,,76,33,,,,
26,221100,pucki,56124,24498,24488,871,23617,173,116,1369,293,388,6564,1706,10041,49,575,64,333,67,,1721,,118,40,,,,
26,221200,słupski,72322,21947,21913,892,21021,187,164,1614,337,1157,3676,2840,3767,86,2521,110,407,98,,3782,,235,40,,,,
26,221500,wejherowski,133913,60765,60615,2222,58393,455,333,4619,1018,1075,18763,4221,20670,155,1440,316,888,147,,3858,,309,126,,,,
26,226201,m. Gdynia,200671,102626,102259,1860,100399,710,567,5425,2075,2698,29178,13319,39719,204,547,293,1759,338,,3099,,308,160,,,,
26,226301,m. Słupsk,78500,33017,32950,862,32088,253,175,2724,631,2190,8491,5164,7524,131,1106,88,559,90,,2743,,169,50,,,,
26,229801,Statki,54,54,54,24,30,0,0,1,5,1,5,1,12,0,0,0,5,0,,0,,0,0,,,,
27,240200,bielski,116508,53427,53347,1909,51438,321,364,4434,957,1532,20432,3822,13083,90,2322,,820,249,,3012,,,,,,,
27,240300,cieszyński,134080,53678,53555,2041,51514,365,531,3935,1572,3136,15242,7753,12566,91,1341,,912,300,,3770,,,,,,,
27,241000,pszczyński,80472,35404,35341,1069,34272,246,230,2248,675,949,12931,2081,10533,55,1183,,444,111,,2586,,,,,,,
27,241700,żywiecki,116891,51363,51316,2742,48574,301,324,4573,1886,1319,17620,3476,10747,187,2823,,622,315,,4381,,,,,,,
27,246101,m. Bielsko-Biała,141589,67875,67800,1607,66193,526,411,4715,2235,3106,23755,6208,19966,120,927,,1186,165,,2873,,,,,,,
28,240400,częstochowski,106407,37886,37866,1749,36117,384,336,1937,492,1302,8071,3741,6186,150,4104,,489,,90,8741,94,,,,,,
28,240600,kłobucki,67365,23284,23278,1086,22192,150,155,1375,280,995,5877,1857,3233,46,3564,,293,,43,4266,58,,,,,,
28,240700,lubliniecki,60705,23587,23578,947,22631,154,183,1773,342,491,6696,1485,7263,45,703,,269,,40,3157,30,,,,,,
28,240900,myszkowski,58155,20742,20730,925,19805,238,172,1125,627,1189,5271,1998,4918,59,716,,265,,40,3138,49,,,,,,
28,246401,m. Częstochowa,199876,84715,84634,2203,82431,1003,883,4938,2133,4707,24794,10459,23797,389,1363,,1682,,262,5839,182,,,,,,
29,240500,gliwicki,92224,33213,33143,1350,31793,308,237,1808,389,901,8520,2779,10841,89,1242,,479,,86,2689,41,,,,,,1384
29,241300,tarnogórski,112458,44360,44265,1445,42820,238,335,2740,691,975,14050,3730,13882,116,1397,,642,,105,2584,44,,,,,,1291
29,246201,m. Bytom,152945,50885,50817,1749,49068,402,477,2786,1462,1781,14643,6351,14845,136,540,,862,,203,3616,54,,,,,,910
29,246601,m. Gliwice,159588,64311,64205,1574,62631,559,492,3096,1839,2375,16280,8309,22810,130,718,,1166,,190,3558,37,,,,,,1072
29,247801,m. Zabrze,151785,46828,46784,1556,45228,405,449,1943,1270,2208,12342,5901,14302,127,610,,806,,151,3683,107,,,,,,924
30,240800,mikołowski,72284,32199,32172,1043,31129,203,286,2039,374,562,10062,2012,12320,57,737,31,580,,49,1817,,,,,,,
30,241100,raciborski,90898,28637,28598,938,27660,197,217,1676,451,799,5218,2323,13047,74,879,49,405,,70,2255,,,,,,,
30,241200,rybnicki,57697,23471,23456,936,22520,127,199,2650,286,567,7758,1565,5749,99,1154,53,248,,64,2001,,,,,,,
30,241500,wodzisławski,123687,50219,50150,1466,48684,296,449,3153,954,1082,14663,6251,15277,164,1213,312,642,,148,4080,,,,,,,
30,246701,m. Jastrzębie-Zdrój,76081,31415,31404,1001,30403,172,248,1863,306,794,9282,7304,6890,89,439,583,366,,72,1995,,,,,,,
30,247301,m. Rybnik,111999,46770,46741,1092,45649,271,554,2607,965,1370,17359,4350,12995,98,757,83,578,,134,3528,,,,,,,
30,247901,m. Żory,49932,19242,19233,591,18642,102,179,1753,375,569,6059,2382,4874,37,429,58,262,,69,1494,,,,,,,
31,241400,bieruńsko-lędziński,43385,18840,18821,715,18106,138,217,1300,275,415,7490,1299,5235,47,197,,213,,42,1238,,,,,,,
31,246301,m. Chorzów,92764,34327,34269,1009,33260,298,443,1635,1483,1490,8869,4036,12121,129,250,,660,,144,1702,,,,,,,
31,246901,m. Katowice,259956,116772,116574,2926,113648,868,1034,5120,4158,5919,30574,12185,44104,433,1951,,2307,,276,4719,,,,,,,
31,247001,m. Mysłowice,60636,24684,24655,702,23953,209,224,1298,581,1128,8101,2908,7161,87,249,,416,,83,1508,,,,,,,
31,247101,m. Piekary Śląskie,48333,19404,19383,688,18695,139,118,589,500,609,10488,1165,3493,59,301,,216,,106,912,,,,,,,
31,247201,m. Ruda Śląska,117074,45059,45016,1440,43576,329,713,1982,1624,2172,13335,4356,15188,106,367,,564,,155,2685,,,,,,,
31,247401,m. Siemianowice Śląskie,59615,21871,21793,732,21061,167,210,753,546,798,6141,2636,7917,70,247,,364,,72,1140,,,,,,,
31,247601,m. Świętochłowice,44688,14719,14711,564,14147,129,241,854,549,584,4142,1465,4717,54,181,,267,,65,899,,,,,,,
31,247701,m. Tychy,106504,46157,46074,1081,44993,337,539,2953,1482,2181,14687,4787,14017,101,533,,882,,120,2374,,,,,,,
32,240100,będziński,126684,45558,45521,2034,43487,429,720,3124,1125,3027,10978,9094,11076,175,1933,,1355,124,327,,,,,,,,
32,241600,zawierciański,103457,38017,37991,1577,36414,426,700,3026,547,1410,7903,9647,8590,123,2867,,847,142,186,,,,,,,,
32,246501,m. Dąbrowa Górnicza,106477,37469,37416,1326,36090,345,834,2269,779,3094,8975,7584,9596,131,872,,1236,129,246,,,,,,,,
32,246801,m. Jaworzno,76861,29433,29416,1165,28251,613,455,2292,1355,1539,6429,3633,10437,80,584,,587,63,184,,,,,,,,
32,247501,m. Sosnowiec,189654,69602,69559,2229,67330,618,1117,4638,1771,5336,17070,14780,17863,291,1330,,1922,198,396,,,,,,,,
33,260100,buski,61936,22153,22133,802,21331,381,105,1053,148,571,3334,1782,3165,64,5817,68,152,47,,4549,23,72,,,,,
33,260200,jędrzejowski,72209,23895,23814,995,22819,168,329,1330,148,505,5292,1934,2044,50,4636,130,179,142,,5817,57,58,,,,,
33,260300,kazimierski,29947,9040,9039,365,8674,75,47,302,54,177,1421,590,670,13,2518,227,48,17,,2488,17,10,,,,,
33,260400,kielecki,151735,50594,50515,2197,48318,1260,423,3923,454,2229,10202,4924,5833,138,8859,332,549,237,,8583,104,268,,,,,
33,260500,konecki,70318,25155,25142,1245,23897,284,168,1767,200,682,7029,3123,3234,74,1742,120,340,45,,4890,69,130,,,,,
33,260600,opatowski,46070,15658,15611,859,14752,205,81,1020,89,414,2172,982,930,37,4737,41,103,45,,3785,29,82,,,,,
33,260700,ostrowiecki,97137,32650,32582,1268,31314,268,211,1359,234,2092,6778,4726,5549,64,3791,425,303,39,,5262,140,73,,,,,
33,260800,pińczowski,35167,11937,11935,509,11426,192,151,671,106,252,1646,1210,1224,40,2219,65,70,19,,3516,21,24,,,,,
33,260900,sandomierski,66437,24837,24818,1188,23630,224,170,1543,202,578,5800,1981,2180,51,5871,82,306,79,,4468,34,61,,,,,
33,261000,skarżyski,67692,26032,26007,992,25015,412,161,1709,461,1793,8541,2617,5246,63,802,88,467,35,,2383,30,207,,,,,
33,261100,starachowicki,77882,27095,26982,1015,25967,654,187,1795,376,1266,5846,2913,4656,73,2646,210,321,60,,4608,55,301,,,,,
33,261200,staszowski,59589,19958,19950,795,19155,355,104,1007,285,1167,3410,2807,2169,49,2938,196,273,50,,4287,29,29,,,,,
33,261300,włoszczowski,37682,13535,13528,693,12835,370,118,925,109,245,2531,1070,1496,38,2020,126,160,45,,3524,35,23,,,,,
33,266101,m. Kielce,167654,77883,77724,2088,75636,882,873,4082,1922,2829,22668,14302,17737,241,3014,478,1308,235,,4691,119,255,,,,,
34,280100,bartoszycki,51413,16703,16670,832,15838,129,126,835,706,610,2609,1384,2593,47,1179,109,230,,,5281,,,,,,,
34,280200,braniewski,34901,11264,11213,479,10734,100,125,540,723,446,1585,1380,2468,43,1108,16,159,,,2041,,,,,,,
34,280300,działdowski,51374,16311,16306,823,15483,130,113,1521,645,374,3196,1545,3016,50,1964,62,138,,,2729,,,,,,,
34,280400,elbląski,44081,12646,12641,571,12070,132,102,635,280,620,2590,1166,2622,46,1029,28,125,,,2695,,,,,,,
34,280700,iławski,70959,25372,25255,941,24314,181,285,1342,624,802,4213,2109,6214,75,4105,88,218,,,4058,,,,,,,
34,280900,lidzbarski,34439,11127,11125,508,10617,92,89,574,294,321,2388,1018,2742,41,482,276,124,,,2176,,,,,,,
34,281200,nowomiejski,32833,12148,12142,636,11506,101,81,985,156,310,2108,738,1619,53,2439,40,63,,,2813,,,,,,,
34,281500,ostródzki,84210,26990,26912,1090,25822,218,193,1081,966,689,6467,4224,5262,66,2166,85,279,,,4126,,,,,,,
34,286101,m. Elbląg,100337,40998,40975,1012,39963,386,325,1776,742,1757,11199,6441,12516,139,508,64,625,,,3485,,,,,,,
35,280500,ełcki,65176,20592,20586,768,19818,140,190,1826,162,301,5918,3346,4277,70,1084,27,195,,,2282,,,,,,,
35,280600,giżycki,46095,14658,14643,787,13856,99,130,933,362,427,2539,1986,2911,47,1778,30,261,,,2353,,,,,,,
35,280800,kętrzyński,54940,16151,16145,781,15364,91,147,985,233,476,3517,2300,3473,63,1375,64,210,,,2430,,,,,,,
35,281000,mrągowski,40150,12940,12934,566,12368,97,123,1156,196,324,3204,1526,2706,29,1352,38,203,,,1414,,,,,,,
35,281100,nidzicki,26900,8317,8316,428,7888,60,64,976,113,220,1670,1264,1128,25,1135,32,84,,,1117,,,,,,,
35,281300,olecki,26832,8247,8246,320,7926,47,70,864,87,188,2139,761,1300,27,977,25,95,,,1346,,,,,,,
35,281400,olsztyński,88466,27192,27163,1382,25781,240,178,1488,1212,709,5805,3061,6061,85,2592,246,412,,,3692,,,,,,,
35,281600,piski,45136,15749,15742,803,14939,132,115,1869,130,529,2599,1244,2869,24,2975,39,140,,,2274,,,,,,,
35,281700,szczycieński,54904,17382,17361,851,16510,179,119,1320,457,526,3012,1871,3292,47,2384,403,221,,,2679,,,,,,,
35,281800,gołdapski,21496,6199,6195,281,5914,34,34,321,45,103,820,595,1196,26,2026,26,74,,,614,,,,,,,
35,281900,węgorzewski,19682,5684,5677,237,5440,37,48,424,109,191,1034,813,1132,11,394,9,80,,,1158,,,,,,,
35,286201,m. Olsztyn,133877,62325,62227,1667,60560,467,382,3915,3029,2379,14362,10709,19353,105,1412,200,1257,,,2990,,,,,,,
36,300400,gostyński,58381,20430,20413,1294,19119,284,114,1503,172,706,3589,2439,3467,36,1875,287,203,,82,4338,24,,,,,,
36,300600,jarociński,54962,20150,20102,1170,18932,182,131,1177,352,697,5285,2132,2910,53,2810,56,232,,47,2838,30,,,,,,
36,300700,kaliski,62231,22772,22739,1222,21517,262,113,1422,270,716,3317,3259,1829,79,3699,13,224,,52,6214,48,,,,,,
36,300800,kępiński,42756,16583,16572,1048,15524,138,114,1194,159,523,3476,1413,3773,71,1830,34,195,,39,2512,53,,,,,,
36,301100,kościański,60270,22651,22639,1430,21209,250,123,1370,280,845,2946,2179,7437,45,1329,29,306,,46,3997,27,,,,,,
36,301200,krotoszyński,59587,24387,24371,1359,23012,157,115,1478,193,1110,3687,2310,6265,36,3371,148,266,,41,3807,28,,,,,,
36,301300,leszczyński,37559,13519,13512,957,12555,307,81,1376,122,403,1785,1691,2293,26,1360,44,198,,26,2813,30,,,,,,
36,301700,ostrowski,124416,50587,50515,2227,48288,562,336,3484,522,1698,11700,6804,9578,86,5560,71,646,,100,7013,128,,,,,,
36,301800,ostrzeszowski,41776,15178,15169,932,14237,95,83,1179,118,292,1862,1245,2500,23,3741,23,144,,30,2835,67,,,,,,
36,302000,pleszewski,48129,17244,17203,1095,16108,132,135,993,311,918,3531,1718,2642,22,2122,18,234,,54,3240,38,,,,,,
36,302200,rawicki,46775,16601,16593,1202,15391,222,77,1651,279,502,2028,2349,3225,44,1806,16,226,,55,2879,32,,,,,,
36,306101,m. Kalisz,86950,36818,36765,1232,35533,346,266,1993,747,3584,10003,4940,8567,67,1154,74,745,,64,2943,40,,,,,,
36,306301,m. Leszno,50545,21405,21407,751,20656,342,102,2240,396,947,3562,4252,6769,20,310,56,364,,26,1254,16,,,,,,
37,300300,gnieźnieński,110663,43680,43588,1763,41825,641,339,2375,517,1327,9357,8964,8512,89,2499,,610,78,99,6233,,124,61,,,,
37,300900,kolski,70897,26605,26584,1305,25279,163,145,1917,260,1115,4386,2323,2804,62,4753,,268,73,58,6782,,130,40,,,,
37,301000,koniński,93360,31486,31437,1619,29818,278,193,1943,342,928,5909,2167,4139,89,3057,,335,72,81,9343,,879,63,,,,
37,302300,słupecki,46290,16442,16438,775,15663,113,153,912,164,819,2556,1429,2375,44,3022,,174,32,40,3603,,198,29,,,,
37,302500,średzki,42306,15363,15350,803,14547,110,140,1028,250,509,2314,2189,3241,38,1294,,228,79,50,2992,,59,26,,,,
37,302600,śremski,45677,16740,16731,874,15857,112,122,1170,331,768,3112,2264,3294,61,1746,,251,51,50,2392,,107,26,,,,
37,302700,turecki,65354,24983,24958,1105,23853,186,179,1651,196,1507,4735,1777,3953,49,3146,,232,207,43,5874,,87,31,,,,
37,303000,wrzesiński,57844,24700,24579,942,23637,221,180,1344,705,1049,3554,2856,5556,42,1899,,1144,48,61,4859,,88,31,,,,
37,306201,m. Konin,64758,28522,28516,980,27536,292,302,1341,760,1483,7013,4534,7074,46,794,,430,56,62,3058,,275,16,,,,
38,300100,chodzieski,36690,15673,15667,1041,14626,90,124,725,200,1120,1848,1995,4256,83,1538,,199,,,2448,,,,,,,
38,300200,czarnkowsko-trzcianecki,67343,25659,25614,1609,24005,498,184,1773,407,1833,5098,2326,6808,82,1261,,316,,,3419,,,,,,,
38,300500,grodziski,37193,13125,13118,780,12338,56,106,1231,128,254,1809,2056,2509,30,1487,,185,,,2487,,,,,,,
38,301400,międzychodzki,28205,9528,9515,689,8826,98,61,530,96,1140,1339,1212,2217,31,683,,159,,,1260,,,,,,,
38,301500,nowotomyski,54940,20074,20066,1184,18882,138,230,1672,215,660,3871,2141,4547,44,2786,,228,,,2350,,,,,,,
38,301600,obornicki,43199,16240,16202,934,15268,166,137,1004,156,724,2933,2825,3403,67,1464,,221,,,2168,,,,,,,
38,301900,pilski,106224,50125,50097,2776,47321,334,337,3511,1148,3078,8570,7286,12875,138,3281,,602,,,6161,,,,,,,
38,302400,szamotulski,68223,25054,24988,1494,23494,167,162,1405,257,1883,3929,4257,4744,62,3373,,448,,,2807,,,,,,,
38,302800,wągrowiecki,52005,20821,20777,1192,19585,213,117,1064,178,785,2949,3780,4238,62,2203,,194,,,3802,,,,,,,
38,302900,wolsztyński,41722,16028,16022,948,15074,81,115,1225,164,225,2088,4494,3205,21,1383,,173,,,1900,,,,,,,
38,303100,złotowski,53472,20589,20561,1187,19374,153,143,2131,345,1083,2602,2250,5261,61,1652,,223,,,3470,,,,,,,
39,302100,poznański,216859,91673,91563,3395,88168,415,539,5149,2306,4509,20915,6972,33382,157,4285,386,1580,281,,7292,,,,,,,
39,306401,m. Poznań,448296,222482,221868,4836,217032,1191,1430,11330,9071,12010,57070,25001,82509,382,1984,287,4113,520,,10134,,,,,,,
40,320100,białogardzki,37945,11938,11926,545,11381,72,67,562,154,431,3517,1156,1887,29,557,,132,,,2817,,,,,,,
40,320200,choszczeński,40301,12086,12059,562,11497,54,95,571,207,314,1917,1847,1975,29,1849,,105,,,2534,,,,,,,
40,320300,drawski,47492,15245,15240,695,14545,99,167,852,565,563,2389,2010,2742,26,785,,166,,,4181,,,,,,,
40,320800,kołobrzeski,61220,22972,22951,825,22126,128,182,815,545,829,6107,3214,6127,97,752,,265,,,3065,,,,,,,
40,320900,koszaliński,49255,15921,15890,808,15082,128,140,704,510,1147,2662,1380,2874,42,918,,186,,,4391,,,,,,,
40,321300,sławieński,45281,15186,15172,633,14539,100,95,594,207,449,2380,1514,2155,32,838,,167,,,6008,,,,,,,
40,321500,szczecinecki,61916,22298,22287,848,21439,143,163,952,1552,778,5085,2236,5123,53,830,,230,,,4294,,,,,,,
40,321600,świdwiński,39542,13234,13162,566,12596,96,104,655,258,598,1936,2078,1914,69,1441,,121,,,3326,,,,,,,
40,321700,wałecki,43324,15378,15364,718,14646,82,124,596,941,879,2273,2734,3622,25,526,,180,,,2664,,,,,,,
40,326101,m. Koszalin,88054,38681,38634,1034,37600,196,280,1782,1625,2285,7403,6174,9755,89,721,,604,,,6686,,,,,,,
41,320400,goleniowski,62588,21076,21060,848,20212,,170,1087,523,920,3218,2936,5598,71,2229,,400,,,3005,,55,,,,,
41,320500,gryficki,48765,16130,16120,699,15421,,151,806,304,656,3163,2454,3151,86,869,,195,,,3550,,36,,,,,
41,320600,gryfiński,65059,21088,21037,916,20121,,200,1645,353,728,5593,2517,3757,78,1255,,720,,,3128,,147,,,,,
41,320700,kamieński,39084,13154,13136,480,12656,,188,787,208,453,2468,2147,3488,51,797,,264,,,1773,,32,,,,,
41,321000,myśliborski,53503,16866,16849,599,16250,,199,1422,894,562,3190,2410,3398,53,791,,225,,,3060,,46,,,,,
41,321100,policki,47664,17619,17604,503,17101,,158,821,749,862,4128,1995,6231,93,307,,376,,,1345,,36,,,,,
41,321200,pyrzycki,32028,10706,10688,458,10230,,107,702,198,489,1760,1232,2216,33,989,,149,,,2314,,41,,,,,
41,321400,stargardzki,94132,33125,33056,1455,31601,,375,1885,985,1935,7668,4340,7096,95,1411,,518,,,5201,,92,,,,,
41,321800,łobeski,30493,9048,8988,388,8600,,79,556,250,452,1610,1395,1743,31,557,,100,,,1800,,27,,,,,
41,326201,m. Szczecin,324156,145882,145528,2834,142694,,1454,8263,4566,9192,35756,21743,46178,459,2123,,2911,,,9471,,578,,,,,
41,326301,m. Świnoujście,34040,13377,13368,296,13072,,167,857,284,706,3028,2531,4031,29,489,,244,,,669,,37,,,,,
41,329901,Statki,49,49,49,1,48,,1,3,0,1,7,7,13,1,2,,8,,,5,,0,,,,,
