© Der Bundeswahlleiter, Wiesbaden 2016;;;;;;;;;;;;;;;;;;;;;;;;;;;;;;;;;;;;;;;;;;;;;;;;;;;;;;;;;;;;;;
;;;;;;;;;;;;;;;;;;;;;;;;;;;;;;;;;;;;;;;;;;;;;;;;;;;;;;;;;;;;;;
Ergebnisse der Bundestagswahl 2005 nach kreisfreien Städten und Landkreisen;;;;;;;;;;;;;;;;;;;;;;;;;;;;;;;;;;;;;;;;;;;;;;;;;;;;;;;;;;;;;;
;;;;;;;;;;;;;;;;;;;;;;;;;;;;;;;;;;;;;;;;;;;;;;;;;;;;;;;;;;;;;;
Land;Statistische Kennziffer;Kreisfreie Stadt bzw. Stadtkreis, Landkreis bzw. Kreis;Wahlberechtigte;Wähler;Ungültige;Gültige;SPD;CDU;CSU;GRÜNE;FDP;Die Linke.;Offensive D;REP;NPD;Die Tierschutzpartei;GRAUE;PBC;DIE FRAUEN;FAMILIE;BüSo;BP;ZENTRUM;Deutschland;AGFG;APPD;MLPD;DIE PARTEI;CM;DSU;HP;HUMANWIRTSCHAFTSPARTEI;STATT Partei;UNABHÄNGIGE;Übrige;Ungültige;Gültige;SPD;CDU;CSU;GRÜNE;FDP;Die Linke.;Offensive D;REP;NPD;Die Tierschutzpartei;GRAUE;PBC;DIE FRAUEN;FAMILIE;BüSo;BP;ZENTRUM;Deutschland;AGFG;APPD;50plus;MLPD;Die Partei;PSG;Pro DM
;;;;;Erststimmen;Erststimmen;Erststimmen;Erststimmen;Erststimmen;Erststimmen;Erststimmen;Erststimmen;Erststimmen;Erststimmen;Erststimmen;Erststimmen;Erststimmen;Erststimmen;Erststimmen;Erststimmen;Erststimmen;Erststimmen;Erststimmen;Erststimmen;Erststimmen;Erststimmen;Erststimmen;Erststimmen;Erststimmen;Erststimmen;Erststimmen;Erststimmen;Erststimmen;Erststimmen;Erststimmen;Zweitstimmen;Zweitstimmen;Zweitstimmen;Zweitstimmen;Zweitstimmen;Zweitstimmen;Zweitstimmen;Zweitstimmen;Zweitstimmen;Zweitstimmen;Zweitstimmen;Zweitstimmen;Zweitstimmen;Zweitstimmen;Zweitstimmen;Zweitstimmen;Zweitstimmen;Zweitstimmen;Zweitstimmen;Zweitstimmen;Zweitstimmen;Zweitstimmen;Zweitstimmen;Zweitstimmen;Zweitstimmen;Zweitstimmen;Zweitstimmen
SH;01001;Flensburg, Stadt;66970;49002;758;48244;24261;16954;0;2729;1601;2312;0;0;387;0;0;0;0;0;0;0;0;0;0;0;0;0;0;0;0;0;0;0;0;767;48235;21000;13910;0;5028;4196;3066;0;0;427;0;0;0;0;574;0;0;0;0;0;0;0;34;0;0;0
SH;01002;Kiel, Landeshauptstadt;177028;136375;2105;134270;69487;43641;0;8553;4044;5747;0;0;1225;0;0;0;0;1573;0;0;0;0;0;0;0;0;0;0;0;0;0;0;0;1926;134449;56849;37439;0;17561;11347;8321;0;0;1289;0;0;0;0;1499;0;0;0;0;0;0;0;144;0;0;0
SH;01003;Lübeck, Hansestadt;164988;120580;2118;118462;59557;41439;0;5144;4055;5005;0;0;1225;0;0;0;0;2037;0;0;0;0;0;0;0;0;0;0;0;0;0;0;0;2204;118376;52058;36210;0;10907;9772;6702;0;0;1259;0;0;0;0;1329;0;0;0;0;0;0;0;139;0;0;0
SH;01004;Neumünster, Stadt;61191;44386;871;43515;21517;17030;0;1630;1602;0;0;0;783;0;0;0;0;953;0;0;0;0;0;0;0;0;0;0;0;0;0;0;0;716;43670;18532;14529;0;2856;4109;2234;0;0;674;0;0;0;0;691;0;0;0;0;0;0;0;45;0;0;0
SH;01051;Dithmarschen;108262;83634;1490;82144;32349;39047;0;2281;3970;3048;0;0;882;0;0;0;0;567;0;0;0;0;0;0;0;0;0;0;0;0;0;0;0;1397;82237;29352;34312;0;4207;8642;3704;0;0;929;0;0;0;0;1037;0;0;0;0;0;0;0;54;0;0;0
SH;01053;Herzogtum Lauenburg;145014;116714;2164;114550;50874;49802;0;5486;5692;353;0;0;2131;0;0;0;0;212;0;0;0;0;0;0;0;0;0;0;0;0;0;0;0;1629;115085;42246;42448;0;9842;12377;5253;0;0;1620;0;0;0;0;1243;0;0;0;0;0;0;0;56;0;0;0
SH;01054;Nordfriesland;130118;101735;1504;100231;40317;47949;0;4384;3799;3005;0;0;777;0;0;0;0;0;0;0;0;0;0;0;0;0;0;0;0;0;0;0;0;1348;100387;36577;41596;0;6750;9932;3661;0;0;765;0;0;0;0;1039;0;0;0;0;0;0;0;67;0;0;0
SH;01055;Ostholstein;163224;129028;1790;127238;56582;55672;0;3407;4970;3989;0;0;1086;0;0;0;0;1532;0;0;0;0;0;0;0;0;0;0;0;0;0;0;0;1719;127309;49326;48267;0;8435;13236;5296;0;0;1230;0;0;0;0;1459;0;0;0;0;0;0;0;60;0;0;0
SH;01056;Pinneberg;227185;185609;2646;182963;78236;80935;0;9118;6743;6142;0;0;1789;0;0;0;0;0;0;0;0;0;0;0;0;0;0;0;0;0;0;0;0;2287;183322;68570;67534;0;16610;18796;8043;0;0;1770;0;0;0;0;1906;0;0;0;0;0;0;0;93;0;0;0
SH;01057;Plön;103573;85488;1558;83930;38908;36665;0;3283;2892;0;0;0;933;0;0;0;0;1249;0;0;0;0;0;0;0;0;0;0;0;0;0;0;0;1270;84218;32384;31446;0;7040;8041;3476;0;0;777;0;0;0;0;991;0;0;0;0;0;0;0;63;0;0;0
SH;01058;Rendsburg-Eckernförde;214561;173506;2332;171174;74466;75878;0;6807;6072;5462;0;0;1542;0;0;0;0;186;0;0;0;0;0;0;0;0;0;0;0;0;0;0;761;2184;171322;63929;65249;0;14047;17350;7100;0;0;1545;0;0;0;0;1993;0;0;0;0;0;0;0;109;0;0;0
SH;01059;Schleswig-Flensburg;153997;122825;1916;120909;50541;57526;0;4339;3746;3838;0;0;919;0;0;0;0;0;0;0;0;0;0;0;0;0;0;0;0;0;0;0;0;1829;120996;45099;47625;0;8569;12201;5054;0;0;932;0;0;0;0;1451;0;0;0;0;0;0;0;65;0;0;0
SH;01060;Segeberg;200158;160362;1950;158412;65921;70538;0;6200;7082;5015;0;0;1388;0;0;0;0;2268;0;0;0;0;0;0;0;0;0;0;0;0;0;0;0;1872;158490;57080;59274;0;12790;18446;7015;0;0;1562;0;0;0;0;2254;0;0;0;0;0;0;0;69;0;0;0
SH;01061;Steinburg;105636;83437;1202;82235;35016;35814;0;2998;3141;2959;0;0;908;0;0;0;0;1399;0;0;0;0;0;0;0;0;0;0;0;0;0;0;0;1241;82196;30755;30911;0;5789;8500;3810;0;0;1006;0;0;0;0;1376;0;0;0;0;0;0;0;49;0;0;0
SH;01062;Stormarn;176872;146432;2095;144337;63270;64114;0;6986;5906;1759;0;0;1522;0;0;0;0;780;0;0;0;0;0;0;0;0;0;0;0;0;0;0;0;1615;144817;51604;53760;0;14281;16375;6020;0;0;1276;0;0;0;0;1417;0;0;0;0;0;0;0;84;0;0;0
HH;02000;Hamburg, Freie und Hansestadt;1230717;954153;11927;942226;447335;320444;0;85730;32904;44503;0;0;10135;0;0;460;0;0;0;0;0;0;0;0;0;0;0;0;0;0;0;0;715;10789;943364;365546;272418;0;140751;84593;59463;0;0;9463;6864;0;0;0;0;0;0;0;0;0;1319;0;441;2506;0;0
NI;03101;Braunschweig, Stadt;187823;147350;2168;145182;74710;51257;0;6613;4414;6376;0;0;1579;0;0;0;0;0;0;0;0;0;0;0;233;0;0;0;0;0;0;0;0;1953;145397;64679;42048;0;14421;12344;8096;0;0;1597;986;667;230;0;0;78;0;0;0;0;0;0;127;0;0;124
NI;03102;Salzgitter, Stadt;80096;61486;1123;60363;32778;20009;0;1507;1469;3033;0;0;1128;0;0;439;0;0;0;0;0;0;0;0;0;0;0;0;0;0;0;0;0;1130;60356;30672;17793;0;2614;3728;3417;0;0;1110;371;213;325;0;0;20;0;0;0;0;0;0;43;0;0;50
NI;03103;Wolfsburg, Stadt;91590;70962;1409;69553;34045;26251;0;2912;2248;2735;0;0;1012;0;0;350;0;0;0;0;0;0;0;0;0;0;0;0;0;0;0;0;0;1325;69637;32362;22334;0;4326;5301;3146;0;0;1033;407;392;229;0;0;20;0;0;0;0;0;0;45;0;0;42
NI;03151;Gifhorn;131898;106546;1555;104991;49946;41892;0;3745;3427;3390;0;0;1416;0;0;903;0;0;0;0;0;0;272;0;0;0;0;0;0;0;0;0;0;1429;105117;45310;36687;0;6534;9247;4138;0;0;1399;623;354;664;0;0;54;0;0;0;0;0;0;40;0;0;67
NI;03152;Göttingen;198146;158876;2067;156809;73293;55773;0;13058;5489;6616;0;0;1842;0;0;0;0;0;0;0;0;0;0;0;0;0;0;0;0;0;0;468;270;1882;156994;65292;47632;0;18122;14084;8077;0;0;1853;778;680;196;0;0;87;0;0;0;0;0;0;79;0;0;114
NI;03153;Goslar;119373;93652;1812;91840;45054;34928;0;2550;3519;4345;0;0;1348;0;0;96;0;0;0;0;0;0;0;0;0;0;0;0;0;0;0;0;0;1697;91955;41120;29758;0;4965;8541;5017;0;0;1359;557;324;163;0;0;47;0;0;0;0;0;0;20;0;0;84
NI;03154;Helmstedt;77634;61130;1180;59950;29811;22081;0;1969;1966;2327;0;0;1546;0;0;250;0;0;0;0;0;0;0;0;0;0;0;0;0;0;0;0;0;1051;60079;28017;19089;0;3140;4760;2772;0;0;1353;476;217;161;0;0;29;0;0;0;0;0;0;16;0;0;49
NI;03155;Northeim;116702;93185;1448;91737;48488;31994;0;2993;3480;3464;0;0;1318;0;0;0;0;0;0;0;0;0;0;0;0;0;0;0;0;0;0;0;0;1369;91816;43898;27590;0;5273;8479;4075;0;0;1317;553;292;161;0;0;42;0;0;0;0;0;0;30;0;0;106
NI;03156;Osterode am Harz;66805;52131;806;51325;26165;18378;0;1581;1881;2168;0;0;908;0;0;0;0;0;0;0;0;0;0;0;0;0;0;0;0;0;0;205;39;764;51367;24399;15947;0;2575;4328;2529;0;0;896;345;167;82;0;0;28;0;0;0;0;0;0;15;0;0;56
NI;03157;Peine;103478;84058;1143;82915;46001;27303;0;2433;2431;3139;0;0;1000;0;0;310;0;0;0;0;0;0;298;0;0;0;0;0;0;0;0;0;0;997;83061;42216;24052;0;4806;6086;3704;0;0;1048;519;256;239;0;0;45;0;0;0;0;0;0;28;0;0;62
NI;03158;Wolfenbüttel;98808;80987;1302;79685;40000;29918;0;3533;2148;2744;0;0;1090;0;0;252;0;0;0;0;0;0;0;0;0;0;0;0;0;0;0;0;0;1218;79769;35981;25937;0;5373;6510;3709;0;0;1118;547;303;149;0;0;38;0;0;0;0;0;0;28;0;0;76
NI;03241;Region Hannover;837554;671919;8880;663039;344414;228991;0;32376;24637;23765;0;0;8649;0;0;0;0;0;0;0;0;0;0;0;207;0;0;0;0;0;0;0;0;7559;664360;303897;192500;0;63767;58833;28353;0;0;8017;3644;2754;1432;0;0;346;0;0;0;0;0;0;338;0;0;479
NI;03251;Diepholz;167096;132460;1425;131035;60300;50261;0;7516;6755;4770;0;0;1433;0;0;0;0;0;0;0;0;0;0;0;0;0;0;0;0;0;0;0;0;1252;131208;54930;42954;0;9976;14332;5839;0;0;1450;761;493;261;0;0;67;0;0;0;0;0;0;45;0;0;100
NI;03252;Hameln-Pyrmont;123450;96783;1399;95384;46690;33306;0;4675;4764;4493;0;0;1456;0;0;0;0;0;0;0;0;0;0;0;0;0;0;0;0;0;0;0;0;1218;95565;44701;29121;0;6036;8474;4531;0;0;1422;633;296;179;0;0;49;0;0;0;0;0;0;34;0;0;89
NI;03254;Hildesheim;223707;182239;2978;179261;91383;66053;0;8630;4929;5481;0;0;2289;0;0;0;0;0;0;0;0;0;0;0;0;0;0;0;0;0;496;0;0;2594;179645;84440;58261;0;12684;12909;6781;0;0;2315;1041;553;383;0;0;74;0;0;0;0;0;0;48;0;0;156
NI;03255;Holzminden;62146;49538;988;48550;24960;17455;0;1635;2079;1753;0;0;668;0;0;0;0;0;0;0;0;0;0;0;0;0;0;0;0;0;0;0;0;906;48632;23103;13529;0;2980;5741;1967;0;0;678;313;107;156;0;0;14;0;0;0;0;0;0;8;0;0;36
NI;03256;Nienburg (Weser);97084;74957;957;74000;35729;29764;0;2586;2383;2284;0;0;1132;0;0;0;0;0;0;0;0;0;0;0;0;0;0;0;0;0;0;0;122;846;74111;32963;26351;0;4204;5888;2673;0;0;1191;369;198;153;0;0;31;0;0;0;0;0;0;30;0;0;60
NI;03257;Schaumburg;127464;102157;1306;100851;53001;35896;0;3417;3690;3001;0;0;1533;0;0;0;0;0;0;0;0;0;0;0;0;0;0;0;0;0;0;0;313;1194;100963;48006;31649;0;6347;8420;3683;0;0;1510;548;297;333;0;0;52;0;0;0;0;0;0;26;0;0;92
NI;03351;Celle;140550;110769;1249;109520;49051;47620;0;3051;4093;3354;0;0;1818;0;0;533;0;0;0;0;0;0;0;0;0;0;0;0;0;0;0;0;0;1192;109577;43109;41359;0;6484;10805;4330;0;0;1900;643;363;415;0;0;49;0;0;0;0;0;0;37;0;0;83
NI;03352;Cuxhaven;160777;126233;1763;124470;61152;48249;0;4351;4729;4078;0;0;1911;0;0;0;0;0;0;0;0;0;0;0;0;0;0;0;0;0;0;0;0;1588;124645;55018;42085;0;7857;10580;5667;0;0;1652;854;569;151;0;0;70;0;0;0;0;0;0;38;0;0;104
NI;03353;Harburg;185646;154160;1924;152236;64462;66788;0;7065;6599;4904;0;0;1879;0;0;539;0;0;0;0;0;0;0;0;0;0;0;0;0;0;0;0;0;1555;152605;56250;55816;0;13324;17501;5771;0;0;1687;996;605;397;0;0;69;0;0;0;0;0;0;42;0;0;147
NI;03354;Lüchow-Dannenberg;41409;32053;521;31532;13190;12070;0;2464;1169;2220;0;0;419;0;0;0;0;0;0;0;0;0;0;0;0;0;0;0;0;0;0;0;0;447;31606;11280;10545;0;3958;2573;2415;0;0;382;178;139;84;0;0;15;0;0;0;0;0;0;18;0;0;19
NI;03355;Lüneburg;133974;106902;1415;105487;48278;37293;0;9093;4434;4904;0;0;1485;0;0;0;0;0;0;0;0;0;0;0;0;0;0;0;0;0;0;0;0;1210;105692;42730;31720;0;12462;10076;5850;0;0;1444;620;428;171;0;0;45;0;0;0;0;0;0;38;0;0;108
NI;03356;Osterholz;87767;70649;912;69737;34936;23273;0;3994;2945;3575;0;0;1014;0;0;0;0;0;0;0;0;0;0;0;0;0;0;0;0;0;0;0;0;786;69863;30715;19771;0;6671;6622;4008;0;0;959;471;341;167;0;0;48;0;0;0;0;0;0;27;0;0;63
NI;03357;Rotenburg (Wümme);125961;99827;1151;98676;41324;43493;0;4392;4971;3008;0;0;1488;0;0;0;0;0;0;0;0;0;0;0;0;0;0;0;0;0;0;0;0;995;98832;37738;38046;0;6974;9711;3751;0;0;1360;570;265;245;0;0;62;0;0;0;0;0;0;25;0;0;85
NI;03358;Soltau-Fallingbostel;109427;86109;1244;84865;38815;35041;0;2812;3264;2960;0;0;1455;0;0;518;0;0;0;0;0;0;0;0;0;0;0;0;0;0;0;0;0;1072;85037;35724;30019;0;5329;7949;3292;0;0;1390;593;245;349;0;0;46;0;0;0;0;0;0;28;0;0;73
NI;03359;Stade;150790;119498;1813;117685;56676;49572;0;4585;4469;0;0;0;2383;0;0;0;0;0;0;0;0;0;0;0;0;0;0;0;0;0;0;0;0;1368;118130;49137;41435;0;8628;10985;4667;0;0;1767;703;496;128;0;0;44;0;0;0;0;0;0;40;0;0;100
NI;03360;Uelzen;77403;61454;757;60697;30398;23003;0;2224;2063;2123;0;0;671;0;0;215;0;0;0;0;0;0;0;0;0;0;0;0;0;0;0;0;0;726;60728;25944;20573;0;4537;5390;2756;0;0;714;357;216;145;0;0;28;0;0;0;0;0;0;15;0;0;53
NI;03361;Verden;102642;81875;901;80974;38067;28820;0;5780;4056;2706;0;0;1545;0;0;0;0;0;0;0;0;0;0;0;0;0;0;0;0;0;0;0;0;796;81079;35194;25307;0;7061;7221;3596;0;0;1428;504;267;369;0;0;34;0;0;0;0;0;0;25;0;0;73
NI;03401;Delmenhorst, Stadt;57570;43098;687;42411;21873;13800;0;1810;1722;2214;0;0;718;0;0;0;0;0;0;0;0;0;0;0;0;0;0;0;0;0;0;0;274;634;42464;19879;11558;0;2896;4008;2693;0;0;690;307;276;69;0;0;18;0;0;0;0;0;0;19;0;0;51
NI;03402;Emden, Stadt;38809;29082;450;28632;18265;6165;0;1665;963;1161;0;0;322;0;0;0;0;0;0;0;0;0;0;0;0;0;0;0;0;0;0;0;91;390;28692;17276;5633;0;2079;1741;1310;0;0;275;159;68;72;0;0;14;0;0;0;0;0;0;31;0;0;34
NI;03403;Oldenburg (Oldenburg), Stadt;120878;95482;1334;94148;43029;29073;0;12262;3273;5666;0;0;845;0;0;0;0;0;0;0;0;0;0;0;0;0;0;0;0;0;0;0;0;1029;94453;41791;23655;0;13241;7867;5996;0;0;770;521;307;117;0;0;39;0;0;0;0;0;0;63;0;0;86
NI;03404;Osnabrück, Stadt;118413;92459;1157;91302;41348;33996;0;6935;5196;3195;0;0;632;0;0;0;0;0;0;0;0;0;0;0;0;0;0;0;0;0;0;0;0;1018;91441;36789;29625;0;10736;8941;3809;0;0;592;380;283;165;0;0;22;0;0;0;0;0;0;47;0;0;52
NI;03405;Wilhelmshaven, Stadt;66113;49769;1154;48615;24290;15386;0;1740;2704;2511;0;0;1071;0;0;0;0;0;0;0;0;0;0;0;0;0;0;0;0;0;0;0;913;993;48776;22779;14341;0;2721;3975;2867;0;0;875;390;565;62;0;0;27;0;0;0;0;0;0;120;0;0;54
NI;03451;Ammerland;89190;70724;885;69839;30326;29291;0;4107;3068;2297;0;0;750;0;0;0;0;0;0;0;0;0;0;0;0;0;0;0;0;0;0;0;0;812;69912;30525;22855;0;4944;7441;2587;0;0;822;394;180;69;0;0;23;0;0;0;0;0;0;18;0;0;54
NI;03452;Aurich;148222;115417;2239;113178;64353;32302;0;7083;3478;4355;0;0;1338;0;0;0;0;0;0;0;0;0;0;0;0;0;0;0;0;0;0;0;269;1883;113534;62172;29735;0;6789;7059;5047;0;0;1331;656;337;198;0;0;48;0;0;0;0;0;0;49;0;0;113
NI;03453;Cloppenburg;112427;85604;1341;84263;22979;53719;0;1849;3341;1709;0;0;666;0;0;0;0;0;0;0;0;0;0;0;0;0;0;0;0;0;0;0;0;1115;84489;22176;47927;0;2556;8040;2061;0;0;674;346;164;435;0;0;30;0;0;0;0;0;0;24;0;0;56
NI;03454;Emsland;229663;183973;2166;181807;52355;109806;0;5051;8792;4145;0;0;1440;0;0;218;0;0;0;0;0;0;0;0;0;0;0;0;0;0;0;0;0;2170;181803;53974;96971;0;6997;15958;4962;0;0;1404;785;337;211;0;0;63;0;0;0;0;0;0;34;0;0;107
NI;03455;Friesland;79850;63111;1193;61918;32070;20483;0;2535;3101;2352;0;0;861;0;0;0;0;0;0;0;0;0;0;0;0;0;0;0;0;0;0;0;516;1055;62056;29408;18194;0;3988;5962;2724;0;0;806;456;308;66;0;0;49;0;0;0;0;0;0;32;0;0;63
NI;03456;Grafschaft Bentheim;95156;76494;840;75654;31677;36387;0;2431;2455;2158;0;0;546;0;0;0;0;0;0;0;0;0;0;0;0;0;0;0;0;0;0;0;0;795;75699;30168;31875;0;3810;6229;2388;0;0;540;331;146;121;0;0;22;0;0;0;0;0;0;11;0;0;58
NI;03457;Leer;125465;96975;1388;95587;46825;35248;0;4612;3166;3754;0;0;1221;0;0;761;0;0;0;0;0;0;0;0;0;0;0;0;0;0;0;0;0;1256;95719;48433;28810;0;4647;6489;4684;0;0;1208;538;212;577;0;0;32;0;0;0;0;0;0;18;0;0;71
NI;03458;Oldenburg;95568;77141;897;76244;34209;28878;0;4353;4926;2738;0;0;843;0;0;0;0;0;0;0;0;0;0;0;0;0;0;0;0;0;0;0;297;772;76369;31562;23460;0;6379;9670;3373;0;0;854;518;311;97;0;0;32;0;0;0;0;0;0;42;0;0;71
NI;03459;Osnabrück;267999;216153;2604;213549;87688;99007;0;9477;9477;5880;0;0;2020;0;0;0;0;0;0;0;0;0;0;0;0;0;0;0;0;0;0;0;0;2303;213850;81352;86906;0;14141;20445;6845;0;0;1946;916;467;587;0;0;78;0;0;0;0;0;0;35;0;0;132
NI;03460;Vechta;93918;74703;1035;73668;19009;48058;0;1874;2836;1309;0;0;582;0;0;0;0;0;0;0;0;0;0;0;0;0;0;0;0;0;0;0;0;863;73840;17908;42586;0;2671;8031;1541;0;0;545;267;140;72;0;0;20;0;0;0;0;0;0;11;0;0;48
NI;03461;Wesermarsch;71598;55081;1298;53783;30239;16649;0;2046;2093;1904;0;0;562;0;0;0;0;0;0;0;0;0;0;0;0;0;0;0;0;0;0;0;290;1506;53575;28211;14543;0;3130;4158;2332;0;0;598;274;208;40;0;0;24;0;0;0;0;0;0;13;0;0;44
NI;03462;Wittmund;45002;33691;591;33100;16094;12603;0;1205;1382;1141;0;0;481;0;0;0;0;0;0;0;0;0;0;0;0;0;0;0;0;0;0;0;194;541;33150;14946;11365;0;1700;2909;1371;0;0;465;206;104;32;0;0;16;0;0;0;0;0;0;11;0;0;25
HB;04011;Bremen, Stadt;400550;305260;4604;300656;151852;79498;0;32140;11077;21398;0;0;4240;0;0;0;0;0;0;0;0;0;0;0;0;0;0;0;0;0;0;0;451;4174;301086;126628;67947;0;45792;24729;25959;0;0;4121;0;3088;889;1168;0;0;0;0;0;0;0;0;246;0;0;519
HB;04012;Bremerhaven, Stadt;85925;62022;1228;60794;32965;16622;0;3007;2437;4260;0;0;1273;0;0;0;0;0;0;0;0;0;0;0;0;0;0;0;0;0;0;0;230;1187;60835;28738;14442;0;5808;4600;4611;0;0;1220;0;759;194;284;0;0;0;0;0;0;0;0;37;0;0;142
NW;05111;Düsseldorf, Stadt;409052;316771;3652;313119;134869;130958;0;16107;15087;13309;0;0;2344;0;0;0;0;0;0;0;0;0;0;0;188;0;0;0;257;0;0;0;0;3171;313600;112895;106348;0;30119;39183;16749;0;1198;1692;1383;2167;257;0;849;133;0;99;256;0;0;0;175;0;97;0
NW;05112;Duisburg, Stadt;351834;262167;4196;257971;150627;69887;0;8826;6576;16557;0;0;3817;0;0;0;0;1310;0;0;0;0;0;0;371;0;0;0;0;0;0;0;0;4580;257587;134741;59116;0;18828;15863;19448;0;1295;3020;1570;1207;168;0;1398;100;0;89;256;0;0;0;399;0;89;0
NW;05113;Essen, Stadt;442385;342518;4642;337876;179077;110650;0;14921;10490;17715;0;0;3684;0;0;0;0;494;0;0;0;0;0;0;385;460;0;0;0;0;0;0;0;4064;338454;157995;93564;0;28097;26514;21719;0;1603;2796;1902;1457;284;0;1375;122;0;149;380;0;0;0;374;0;123;0
NW;05114;Krefeld, Stadt;167753;125821;1888;123933;55813;50228;0;5609;5683;5169;0;0;1212;0;0;0;0;0;0;0;0;0;0;0;0;219;0;0;0;0;0;0;0;1848;123973;47529;41191;0;10406;14612;6582;0;391;1027;639;648;113;0;512;26;0;42;124;0;0;0;73;0;58;0
NW;05116;Mönchengladbach, Stadt;195069;141494;2170;139324;54170;66715;0;5308;5711;5870;0;0;1550;0;0;0;0;0;0;0;0;0;0;0;0;0;0;0;0;0;0;0;0;1995;139499;48167;54439;0;8715;16819;7337;0;328;1237;804;602;134;0;623;24;0;56;115;0;0;0;40;0;59;0
NW;05117;Mülheim an der Ruhr, Stadt;129911;104836;1183;103653;53105;35000;0;4637;3716;5179;0;0;713;0;0;0;0;983;0;0;0;0;0;0;320;0;0;0;0;0;0;0;0;1169;103667;48319;28940;0;8080;9164;6409;0;234;660;425;325;102;0;705;13;0;21;64;0;0;0;182;0;24;0
NW;05119;Oberhausen, Stadt;161219;123884;1803;122081;71305;31552;0;7214;3094;7146;0;0;1536;0;0;0;0;0;0;0;0;0;0;0;234;0;0;0;0;0;0;0;0;1774;122110;66230;27916;0;8138;7460;8442;0;465;1351;657;488;64;0;513;29;0;50;83;0;0;0;159;0;65;0
NW;05120;Remscheid, Stadt;83240;62725;867;61858;27986;24389;0;2104;3419;3156;0;0;696;0;0;0;0;0;0;0;0;0;0;0;108;0;0;0;0;0;0;0;0;811;61914;24297;20336;0;4099;7492;3757;0;274;551;344;245;80;0;264;13;0;23;68;0;0;0;47;0;24;0
NW;05122;Solingen, Stadt;114839;88481;1280;87201;36620;36676;0;3975;4753;3968;0;0;980;0;0;0;0;0;0;0;0;0;0;0;229;0;0;0;0;0;0;0;0;1100;87381;33255;28700;0;6205;11413;4984;0;426;729;483;369;171;0;374;27;0;21;92;0;0;0;105;0;27;0
NW;05124;Wuppertal, Stadt;254780;194293;2980;191313;90178;69512;0;9241;8342;10666;0;0;2393;0;0;0;0;0;0;0;0;0;0;0;38;943;0;0;0;0;0;0;0;2719;191574;76560;56353;0;17643;20861;13070;0;1309;1744;1080;1262;331;0;822;57;0;52;201;0;0;0;129;0;100;0
NW;05154;Kleve;223341;173899;2934;170965;63567;85994;0;6310;8460;5207;0;0;1427;0;0;0;0;0;0;0;0;0;0;0;0;0;0;0;0;0;0;0;0;2448;171451;56710;76189;0;9545;18331;6540;0;320;1272;871;485;117;0;725;47;0;51;119;0;0;0;39;0;90;0
NW;05158;Mettmann;375810;300413;3581;296832;122856;132915;0;12222;13999;12074;0;0;2766;0;0;0;0;0;0;0;0;0;0;0;0;0;0;0;0;0;0;0;0;2906;297507;110261;108964;0;20204;36010;13846;0;1019;2068;1358;1577;372;0;1154;106;0;86;260;0;0;0;113;0;109;0
NW;05162;Rhein-Kreis Neuss;329569;261911;2756;259155;96425;130014;0;9351;11415;8202;0;0;2228;0;0;0;0;0;0;0;1297;0;0;0;0;223;0;0;0;0;0;0;0;2549;259362;84823;107596;0;16205;33603;9790;0;765;1881;1250;1026;158;0;1106;65;0;694;203;0;0;0;99;0;98;0
NW;05166;Viersen;225763;177272;2478;174794;64985;84058;0;8065;9520;6568;0;0;1598;0;0;0;0;0;0;0;0;0;0;0;0;0;0;0;0;0;0;0;0;2268;175004;58961;69446;0;11651;22469;7627;0;417;1319;1033;663;182;0;847;41;0;95;132;0;0;0;48;0;73;0
NW;05170;Wesel;358798;287903;3721;284182;150082;99563;0;10651;9918;11489;0;0;2439;0;0;0;0;0;0;0;0;0;0;0;40;0;0;0;0;0;0;0;0;3594;284309;134834;85514;0;18935;23551;14297;0;895;2018;1393;906;199;0;1135;54;0;85;219;0;0;0;159;0;115;0
NW;05313;Aachen, Stadt;174998;137879;1996;135883;55086;53170;0;12462;7476;6655;0;0;1034;0;0;0;0;0;0;0;0;0;0;0;0;0;0;0;0;0;0;0;0;1656;136223;45300;44710;0;19566;15655;8165;0;218;880;541;481;71;0;369;53;0;41;93;0;0;0;32;0;48;0
NW;05314;Bonn, Stadt;212584;172806;2385;170421;71537;67381;0;10505;14841;5125;0;0;1032;0;0;0;0;0;0;0;0;0;0;0;0;0;0;0;0;0;0;0;0;2040;170766;54523;59241;0;22776;23429;7589;0;221;823;647;579;190;0;447;37;0;73;119;0;0;0;33;0;39;0
NW;05315;Köln, Stadt;686538;522823;2777;520046;249067;170496;0;44942;27106;23281;0;0;4184;0;0;0;0;0;0;0;0;0;0;0;112;0;0;0;454;0;0;0;404;1780;521043;198773;141658;0;77448;60136;30105;0;1462;3310;2051;3058;381;0;1342;152;0;163;478;0;0;0;241;0;285;0
NW;05316;Leverkusen, Stadt;117748;92025;1350;90675;42763;35908;0;3909;3452;3374;0;0;911;0;0;0;0;0;0;0;0;0;0;0;168;0;0;0;190;0;0;0;0;1207;90818;37539;29489;0;7203;9611;4238;0;296;773;448;432;77;0;438;29;0;17;101;0;0;0;84;0;43;0
NW;05354;Aachen;227154;176643;3509;173134;79617;68563;0;6205;7308;9139;0;0;2302;0;0;0;0;0;0;0;0;0;0;0;0;0;0;0;0;0;0;0;0;2894;173749;71160;59633;0;10309;16243;11003;0;926;1676;941;584;90;0;818;38;0;42;173;0;0;0;37;0;76;0
NW;05358;Düren;198643;154115;2707;151408;64858;68166;0;4476;5628;6504;0;0;1776;0;0;0;0;0;0;0;0;0;0;0;0;0;0;0;0;0;0;0;0;2385;151730;57163;58467;0;8672;14298;8317;0;384;1516;891;671;207;0;784;36;0;58;172;0;0;0;24;0;70;0
NW;05362;Rhein-Erft-Kreis;336823;268333;4318;264015;124908;105393;0;8347;12768;9794;0;0;2693;0;0;0;0;0;0;0;0;0;0;0;0;0;0;0;0;0;0;0;112;3565;264768;107403;88532;0;18787;30420;12336;0;664;2210;1546;1113;117;0;1084;73;0;73;252;0;0;0;49;0;109;0
NW;05366;Euskirchen;147194;113673;2207;111466;38657;55502;0;4224;6819;4596;0;0;1130;0;0;0;0;0;0;0;0;0;0;0;0;0;0;0;0;0;0;0;538;1935;111738;35454;45102;0;7024;15533;5268;0;413;905;638;437;117;0;553;39;0;53;109;0;0;0;19;0;74;0
NW;05370;Heinsberg;185273;143248;3424;139824;52148;71887;0;0;7345;6512;0;0;1932;0;0;0;0;0;0;0;0;0;0;0;0;0;0;0;0;0;0;0;0;2738;140510;45723;60704;0;7250;15059;7193;0;716;1438;781;485;131;0;718;56;0;45;124;0;0;0;29;0;58;0
NW;05374;Oberbergischer Kreis;212632;165042;2590;162452;62195;79789;0;6129;6743;5736;0;0;1509;0;0;0;0;0;0;0;0;0;0;0;0;0;0;0;0;0;0;0;351;2544;162498;55537;64751;0;10891;18849;7232;0;484;1401;898;554;698;0;854;27;0;53;149;0;0;0;38;0;82;0
NW;05378;Rheinisch-Bergischer Kreis;213615;177035;1861;175174;65495;86290;0;8735;7881;5358;0;0;1415;0;0;0;0;0;0;0;0;0;0;0;0;0;0;0;0;0;0;0;0;1800;175235;58867;64757;0;15421;24683;7180;0;358;1109;879;704;272;0;678;66;0;42;125;0;0;0;48;0;46;0
NW;05382;Rhein-Sieg-Kreis;435569;350800;3667;347133;133351;168630;0;15019;15843;10107;0;0;2710;0;0;0;0;0;0;0;0;1473;0;0;0;0;0;0;0;0;0;0;0;3083;347717;113494;136738;0;28448;46680;13537;0;532;2673;1545;1105;684;0;1137;71;0;132;779;0;0;0;63;0;99;0
NW;05512;Bottrop, Stadt;91292;72709;938;71771;42986;20545;0;1765;1760;3285;0;0;607;679;0;0;0;0;0;0;0;0;0;0;121;0;0;0;0;0;0;0;23;956;71753;38434;19102;0;3814;4065;4353;0;336;509;440;183;30;0;267;12;0;17;44;0;0;0;99;0;48;0
NW;05513;Gelsenkirchen, Stadt;193519;142477;2298;140179;83649;37012;0;3733;3467;9496;0;0;2206;0;0;0;0;0;0;0;0;0;0;0;616;0;0;0;0;0;0;0;0;1967;140510;75529;32603;0;8017;7688;11087;0;1031;1640;748;644;189;0;549;39;0;51;106;0;0;0;515;0;74;0
NW;05515;Münster, Stadt;204797;169999;1808;168191;70175;69638;0;14169;8666;4381;0;0;690;0;0;0;0;0;0;0;0;0;0;0;0;0;0;0;0;0;0;0;472;1490;168509;59463;59935;0;22570;17357;6738;0;198;585;438;457;79;0;409;26;0;85;92;0;0;0;41;0;36;0
NW;05554;Borken;267182;215587;2228;213359;70544;118831;0;7987;8472;6161;0;0;1156;0;0;208;0;0;0;0;0;0;0;0;0;0;0;0;0;0;0;0;0;2255;213332;65145;105210;0;10797;21118;7008;0;393;1103;737;420;226;0;831;28;0;86;131;0;0;0;39;0;60;0
NW;05558;Coesfeld;166319;137732;1507;136225;49359;70248;0;5524;6273;3995;0;0;826;0;0;0;0;0;0;0;0;0;0;0;0;0;0;0;0;0;0;0;0;1340;136392;43036;61129;0;9596;14989;4895;0;281;716;535;338;67;0;582;13;0;56;96;0;0;0;19;0;44;0
NW;05562;Recklinghausen;490913;383796;4695;379101;207587;121779;0;12182;11921;19745;0;0;4310;1122;0;0;0;0;0;0;0;0;0;0;368;0;0;0;0;0;0;0;87;4101;379695;191109;109073;0;21290;24491;22980;0;1355;3330;2036;1152;384;0;1413;79;0;109;348;0;0;0;379;0;167;0
NW;05566;Steinfurt;329797;266690;3097;263593;115003;120244;0;8571;10041;7629;0;0;1925;0;0;180;0;0;0;0;0;0;0;0;0;0;0;0;0;0;0;0;0;3060;263630;102773;103365;0;16759;25710;9619;0;494;1663;912;695;220;0;967;38;0;131;181;0;0;0;38;0;65;0
NW;05570;Warendorf;209515;169657;2227;167430;63717;84140;0;6619;6324;5301;0;0;1329;0;0;0;0;0;0;0;0;0;0;0;0;0;0;0;0;0;0;0;0;2479;167178;58675;70698;0;10103;17695;6489;0;384;1102;564;374;126;0;700;24;0;66;112;0;0;0;28;0;38;0
NW;05711;Bielefeld, Stadt;239126;191034;2778;188256;89145;70931;0;12240;5069;8046;0;0;1495;0;0;835;0;0;0;0;0;0;0;0;0;0;0;0;0;0;0;0;495;2755;188279;73879;59741;0;22474;15972;11328;0;366;1298;797;573;733;0;652;39;0;42;223;0;0;0;81;0;81;0
NW;05754;Gütersloh;256946;204842;3044;201798;78202;98692;0;8429;8898;7173;0;0;211;0;0;25;0;158;0;0;0;0;0;0;0;0;0;0;0;0;0;0;10;2628;202214;69454;84749;0;13713;20650;8242;0;686;1424;784;511;554;0;1025;33;0;59;224;0;0;0;38;0;68;0
NW;05758;Herford;195703;153720;1990;151730;72910;61687;0;4360;5382;5719;0;0;1672;0;0;0;0;0;0;0;0;0;0;0;0;0;0;0;0;0;0;0;0;1916;151804;62392;53223;0;10127;14170;7536;0;533;1290;689;366;491;0;645;34;0;30;170;0;0;0;46;0;62;0
NW;05762;Höxter;117537;94651;1760;92891;28153;53020;0;2987;3389;2689;0;0;952;0;0;164;0;1537;0;0;0;0;0;0;0;0;0;0;0;0;0;0;0;1668;92983;26263;45705;0;4258;10474;3399;0;241;828;308;158;149;0;1001;11;0;49;95;0;0;0;18;0;26;0
NW;05766;Lippe;276298;220129;3593;216536;102434;84501;0;8069;9424;7514;0;0;1991;0;0;2033;0;570;0;0;0;0;0;0;0;0;0;0;0;0;0;0;0;3474;216655;91366;72014;0;14954;21330;9758;0;643;1711;876;438;2176;0;940;49;0;41;226;0;0;0;42;0;91;0
NW;05770;Minden-Lübbecke;247990;193379;3066;190313;89639;78274;0;5030;6939;6949;0;0;1985;0;0;0;0;1497;0;0;0;0;0;0;0;0;0;0;0;0;0;0;0;3264;190115;77407;66582;0;11930;18426;9395;0;871;1507;743;421;1380;0;1090;38;0;29;192;0;0;0;31;0;73;0
NW;05774;Paderborn;218325;171420;2570;168850;52494;93016;0;6773;7548;5371;0;0;1552;0;0;0;0;2096;0;0;0;0;0;0;0;0;0;0;0;0;0;0;0;2793;168627;46073;84784;0;9567;16980;6166;0;441;1335;565;330;622;0;1409;26;0;61;152;0;0;0;48;0;68;0
NW;05911;Bochum, Stadt;289357;228379;3237;225142;127300;64774;0;11234;5558;13082;0;367;2411;0;0;0;0;0;0;0;0;0;0;0;416;0;0;0;0;0;0;0;0;3088;225291;113017;54959;0;20034;14496;16072;0;694;2027;1320;890;194;0;892;85;0;40;211;0;0;0;291;0;69;0
NW;05913;Dortmund, Stadt;426790;321480;12438;309042;176362;90261;0;14108;8635;15887;0;0;3142;0;0;0;0;0;0;0;0;0;0;0;335;0;0;0;0;0;0;0;312;11984;309496;153169;77035;0;28639;23038;19883;0;989;2526;1146;1073;185;0;800;124;0;95;218;0;0;0;382;0;194;0
NW;05914;Hagen, Stadt;143053;107979;1653;106326;56634;36089;0;2702;3531;4435;0;0;1453;1340;0;0;0;0;0;0;0;0;0;0;142;0;0;0;0;0;0;0;0;1497;106482;49969;31901;0;6332;7979;6359;0;689;1133;960;336;106;0;399;21;0;30;97;0;0;0;127;0;44;0
NW;05915;Hamm, Stadt;129980;98833;1791;97042;53244;31525;0;2214;5043;3777;0;0;1008;0;0;0;0;0;0;0;0;0;0;0;0;231;0;0;0;0;0;0;0;1515;97318;46228;30235;0;5434;7810;5003;0;407;865;457;224;73;0;412;20;0;26;64;0;0;0;22;0;38;0
NW;05916;Herne, Stadt;121036;91614;1426;90188;53649;23442;0;2610;2000;6153;0;1191;975;0;0;0;0;0;0;0;0;0;0;0;168;0;0;0;0;0;0;0;0;1522;90092;49043;20532;0;5144;4660;7080;0;1074;920;520;306;119;0;353;15;0;33;83;0;0;0;158;0;52;0
NW;05954;Ennepe-Ruhr-Kreis;264544;210941;2781;208160;107884;67446;0;9221;9915;8908;0;0;2014;2506;0;0;0;0;0;0;0;0;0;0;266;0;0;0;0;0;0;0;0;2536;208405;96329;57036;0;17001;19828;11983;0;559;1640;1671;668;358;0;803;34;0;41;152;0;0;0;215;0;87;0
NW;05958;Hochsauerlandkreis;210773;167361;2851;164510;56141;94975;0;3341;4006;4802;0;0;1245;0;0;0;0;0;0;0;0;0;0;0;0;0;0;0;0;0;0;0;0;4302;163059;54867;76009;0;6657;15734;5864;0;605;1054;649;355;144;0;750;42;0;86;144;0;0;0;37;0;62;0
NW;05962;Märkischer Kreis;324306;246901;3836;243065;111897;100964;0;6055;9841;10765;0;0;3543;0;0;0;0;0;0;0;0;0;0;0;0;0;0;0;0;0;0;0;0;3403;243498;96115;87235;0;13297;25185;13006;0;1259;2792;1362;754;684;0;1135;64;0;94;340;0;0;0;72;0;104;0
NW;05966;Olpe;104036;82622;1031;81591;26043;48345;0;1997;2519;2050;0;0;637;0;0;0;0;0;0;0;0;0;0;0;0;0;0;0;0;0;0;0;0;878;81744;24327;42005;0;3120;7794;2564;0;432;501;310;156;57;0;294;10;0;40;76;0;0;0;27;0;31;0
NW;05970;Siegen-Wittgenstein;219343;171326;2127;169199;73703;70260;0;6097;8240;6415;0;1462;1328;1694;0;0;0;0;0;0;0;0;0;0;0;0;0;0;0;0;0;0;0;2066;169260;66083;61957;0;9757;15996;8830;0;1367;1270;1013;448;1424;0;694;65;0;59;206;0;0;0;37;0;54;0
NW;05974;Soest;230957;180932;2830;178102;73123;82445;0;5946;8518;6536;0;0;1534;0;0;0;0;0;0;0;0;0;0;0;0;0;0;0;0;0;0;0;0;2458;178474;66889;69766;0;10428;18826;7940;0;633;1282;766;530;212;0;801;50;0;86;161;0;0;0;29;0;75;0
NW;05978;Unna;315479;250230;3713;246517;135368;79200;0;9915;7952;10989;0;0;2958;0;0;0;0;0;0;0;0;0;0;0;0;135;0;0;0;0;0;0;0;3181;247049;122565;69374;0;16074;18522;13630;0;816;2382;1205;705;208;0;984;54;0;63;253;0;0;0;118;0;96;0
HE;06411;Darmstadt, Stadt;96914;75721;1513;74208;33788;26171;0;7563;2453;3081;0;0;651;0;0;334;0;0;0;0;0;0;0;0;167;0;0;0;0;0;0;0;0;1296;74425;26653;21239;0;12936;7453;4379;0;263;516;469;309;0;0;0;49;0;0;0;0;0;0;97;0;62;0
HE;06412;Frankfurt am Main, Stadt;386909;293318;6251;287067;104913;107049;0;41575;14194;14971;0;0;4365;0;0;0;0;0;0;0;0;0;0;0;0;0;0;0;0;0;0;0;0;5109;288209;87678;84510;0;47856;38637;19386;0;1957;3031;2615;1917;0;0;0;232;0;0;0;0;0;0;190;0;200;0
HE;06413;Offenbach am Main, Stadt;67244;47849;1244;46605;19775;18211;0;2905;2151;2553;0;0;1010;0;0;0;0;0;0;0;0;0;0;0;0;0;0;0;0;0;0;0;0;1105;46744;16041;15548;0;5288;4865;3015;0;529;691;432;233;0;0;0;37;0;0;0;0;0;0;24;0;41;0
HE;06414;Wiesbaden, Landeshauptstadt;186409;140838;2616;138222;60916;56861;0;6395;6005;5473;0;0;1919;0;0;0;0;0;653;0;0;0;0;0;0;0;0;0;0;0;0;0;0;2417;138421;45173;44485;0;18431;18441;7127;0;1439;1283;933;716;0;0;0;270;0;0;0;0;0;0;36;0;87;0
HE;06431;Bergstraße;199215;158094;2948;155146;64837;68835;0;5946;5953;5177;0;0;2541;0;0;0;0;1857;0;0;0;0;0;0;0;0;0;0;0;0;0;0;0;2869;155225;54838;56712;0;13411;17323;6617;0;1773;1961;1457;720;0;0;0;126;0;0;0;0;0;0;65;0;222;0
HE;06432;Darmstadt-Dieburg;209868;169833;4290;165543;73252;65131;0;9939;7491;6229;0;0;2340;0;0;632;0;0;0;0;0;0;0;0;192;0;337;0;0;0;0;0;0;3887;165946;60851;53620;0;18843;18951;8007;0;1259;1765;1505;708;0;0;0;123;0;0;0;0;0;0;134;0;180;0
HE;06433;Groß-Gerau;169776;135836;3240;132596;62419;48321;0;8100;4957;5736;0;0;2475;0;0;588;0;0;0;0;0;0;0;0;0;0;0;0;0;0;0;0;0;3007;132829;52132;40054;0;14261;14182;6824;0;1440;1760;1155;650;0;0;0;109;0;0;0;0;0;0;91;0;171;0
HE;06434;Hochtaunuskreis;163980;136799;2369;134430;42462;65122;0;8264;12422;4649;0;0;1511;0;0;0;0;0;0;0;0;0;0;0;0;0;0;0;0;0;0;0;0;2063;134736;35079;51972;0;14352;24154;5469;0;955;957;941;620;0;0;0;105;0;0;0;0;0;0;39;0;93;0
HE;06435;Main-Kinzig-Kreis;296771;233088;5823;227265;96152;94040;0;8308;9422;10211;0;0;4232;0;0;0;0;0;0;0;0;0;0;0;0;0;0;0;0;0;0;0;4900;5851;227237;78654;80318;0;19673;25930;12408;0;3123;3132;2349;1093;0;0;0;251;0;0;0;0;0;0;78;0;228;0
HE;06436;Main-Taunus-Kreis;162297;134815;2516;132299;43099;66472;0;10106;6839;4132;0;0;1651;0;0;0;0;0;0;0;0;0;0;0;0;0;0;0;0;0;0;0;0;2206;132609;36990;53053;0;13345;20687;4918;0;838;1050;915;592;0;0;0;95;0;0;0;0;0;0;30;0;96;0
HE;06437;Odenwaldkreis;73849;57557;1594;55963;26014;20848;0;2539;2605;2758;0;0;946;0;0;0;0;0;0;0;0;0;0;0;0;0;253;0;0;0;0;0;0;1584;55973;21735;17871;0;4725;6089;3210;0;821;641;509;228;0;0;0;49;0;0;0;0;0;0;21;0;74;0
HE;06438;Offenbach;236585;190488;4431;186057;70594;86486;0;9818;9295;6802;0;0;2641;0;0;0;0;0;0;0;0;0;0;0;0;0;421;0;0;0;0;0;0;3890;186598;57187;71505;0;19160;24488;8229;0;1206;1998;1492;974;0;0;0;149;0;0;0;0;0;0;65;0;145;0
HE;06439;Rheingau-Taunus-Kreis;137739;111980;2458;109522;41751;48986;0;6439;6666;3417;0;0;1314;0;0;0;0;0;0;0;0;0;0;0;0;0;0;0;0;0;0;0;949;2049;109931;36045;40489;0;11023;14725;4482;0;685;1011;852;393;0;0;0;107;0;0;0;0;0;0;29;0;90;0
HE;06440;Wetteraukreis;219529;173148;4013;169135;73563;70713;0;6671;7027;6579;0;0;3756;0;0;0;0;0;0;0;0;0;0;0;0;0;0;0;0;0;0;0;826;4051;169097;58680;58108;0;15759;21323;8311;0;964;3390;1412;716;0;0;0;150;0;0;0;0;0;0;76;0;208;0
HE;06531;Gießen;190194;147459;3381;144078;63214;53277;0;8272;10270;6714;0;0;2255;0;0;76;0;0;0;0;0;0;0;0;0;0;0;0;0;0;0;0;0;3262;144197;52333;45140;0;15724;17865;8406;0;1044;1754;1133;503;0;0;0;102;0;0;0;0;0;0;57;0;136;0
HE;06532;Lahn-Dill-Kreis;194449;145978;3277;142701;59224;58724;0;6078;6436;6815;0;0;3481;0;0;1943;0;0;0;0;0;0;0;0;0;0;0;0;0;0;0;0;0;3368;142610;52766;49844;0;10301;15162;8271;0;1296;2921;1184;499;0;0;0;119;0;0;0;0;0;0;46;0;201;0
HE;06533;Limburg-Weilburg;132241;102142;2664;99478;37634;47537;0;3512;5038;3724;0;0;1599;0;0;0;0;0;0;0;0;0;0;0;0;0;0;0;0;0;0;0;434;2364;99778;33308;41282;0;6591;10747;4535;0;631;1287;763;421;0;0;0;81;0;0;0;0;0;0;24;0;108;0
HE;06534;Marburg-Biedenkopf;183984;143978;2778;141200;67136;51653;0;5685;5423;6826;0;1858;1517;0;0;0;0;0;0;0;0;0;0;0;0;0;0;0;0;0;0;0;1102;2620;141358;54957;45080;0;14231;13246;8758;0;1807;1560;924;485;0;0;0;139;0;0;0;0;0;0;43;0;128;0
HE;06535;Vogelsbergkreis;91736;71523;1905;69618;29802;25219;0;2353;3836;2821;0;0;1155;0;0;0;0;0;0;0;0;0;0;0;0;0;0;0;0;0;0;0;4432;2186;69337;26397;23044;0;4713;8543;3829;0;812;1095;533;213;0;0;0;59;0;0;0;0;0;0;21;0;78;0
HE;06611;Kassel, Stadt;139073;105093;2711;102382;50432;30927;0;9042;4030;6456;0;0;1146;0;0;0;0;0;0;0;0;0;0;0;349;0;0;0;0;0;0;0;0;2448;102645;42595;27006;0;14349;8248;7697;0;416;897;581;526;0;0;0;56;0;0;0;0;0;0;196;0;78;0
HE;06631;Fulda;166621;132863;3147;129716;33302;54496;0;3680;3552;3110;0;0;1150;0;0;0;0;0;0;0;0;0;0;0;0;0;0;0;0;0;0;0;30426;5239;127624;35407;60475;0;7554;12969;5821;0;1380;1881;1076;678;0;0;0;144;0;0;0;0;0;0;70;0;169;0
HE;06632;Hersfeld-Rotenburg;100591;79363;1985;77378;39724;27403;0;2013;3038;3103;0;0;1459;0;0;0;0;0;0;0;0;0;0;0;0;0;0;0;0;0;0;638;0;1930;77433;35255;23872;0;4685;6574;4169;0;481;1374;529;266;0;0;0;93;0;0;0;0;0;0;28;0;107;0
HE;06633;Kassel;192784;158246;4706;153540;82114;48020;0;8128;5788;7552;0;0;1807;0;0;0;0;0;0;0;0;0;0;0;131;0;0;0;0;0;0;0;0;4320;153926;73573;41724;0;12475;13053;8681;0;776;1519;1041;743;0;0;0;99;0;0;0;0;0;0;120;0;122;0
HE;06634;Schwalm-Eder-Kreis;149878;121059;4181;116878;59893;38234;0;5352;5572;5822;0;0;2005;0;0;0;0;0;0;0;0;0;0;0;0;0;0;0;0;0;0;0;0;3950;117109;54064;32208;0;8515;11319;6861;0;866;1760;856;407;0;0;0;78;0;0;0;0;0;0;60;0;115;0
HE;06635;Waldeck-Frankenberg;130039;100147;2526;97621;44251;37570;0;4107;5669;4394;0;0;1630;0;0;0;0;0;0;0;0;0;0;0;0;0;0;0;0;0;0;0;0;2389;97758;38750;32752;0;6968;10973;5050;0;758;1286;659;354;0;0;0;65;0;0;0;0;0;0;46;0;97;0
HE;06636;Werra-Meißner-Kreis;88313;70111;1973;68138;35545;22479;0;2270;2661;3411;0;0;943;0;0;0;0;0;0;0;0;0;0;0;0;0;0;0;0;0;0;829;0;1950;68161;30621;19585;0;5119;6176;4453;0;407;860;471;249;0;0;0;71;0;0;0;0;0;0;39;0;110;0
RP;07111;Koblenz, Stadt;81754;61589;627;60962;23775;27138;0;3738;2944;2740;0;0;627;0;0;0;0;0;0;0;0;0;0;0;0;0;0;0;0;0;0;0;0;399;61190;20963;22961;0;5471;7269;3150;0;218;577;0;0;134;0;405;0;0;0;0;0;0;0;42;0;0;0
RP;07131;Ahrweiler;99987;80473;1660;78813;25060;41324;0;3697;5143;2876;0;0;713;0;0;0;0;0;0;0;0;0;0;0;0;0;0;0;0;0;0;0;0;1237;79236;22186;36145;0;5217;10392;3545;0;281;627;0;0;143;0;651;0;0;0;0;0;0;0;49;0;0;0
RP;07132;Altenkirchen (Westerwald);103519;80073;1333;78740;34961;34029;0;1701;3064;3154;0;0;909;0;0;922;0;0;0;0;0;0;0;0;0;0;0;0;0;0;0;0;0;1373;78700;27960;31007;0;4431;8321;4211;0;386;824;0;0;832;0;673;0;0;0;0;0;0;0;55;0;0;0
RP;07133;Bad Kreuznach;121658;95213;2117;93096;38882;40367;0;4182;4248;3677;0;0;1462;0;0;0;0;0;0;0;0;0;0;0;0;0;0;0;0;0;0;0;278;1868;93345;35862;31965;0;6687;10903;4819;0;476;1362;0;0;305;0;923;0;0;0;0;0;0;0;43;0;0;0
RP;07134;Birkenfeld;70206;52520;1405;51115;21285;21640;0;1421;2283;3057;0;0;870;0;0;0;0;0;0;0;0;0;0;0;0;0;0;0;0;0;0;0;559;1271;51249;19869;16664;0;2739;6204;3844;0;401;788;0;0;146;0;557;0;0;0;0;0;0;0;37;0;0;0
RP;07135;Cochem-Zell;52623;42289;1346;40943;10981;23853;0;1284;2754;1613;0;0;458;0;0;0;0;0;0;0;0;0;0;0;0;0;0;0;0;0;0;0;0;1026;41263;10960;20357;0;1674;5450;1728;0;177;394;0;0;120;0;385;0;0;0;0;0;0;0;18;0;0;0
RP;07137;Mayen-Koblenz;165788;129488;3009;126479;49716;60037;0;4265;6134;4911;0;0;1416;0;0;0;0;0;0;0;0;0;0;0;0;0;0;0;0;0;0;0;0;2358;127130;44351;51355;0;7232;15101;5744;0;497;1182;0;0;436;0;1180;0;0;0;0;0;0;0;52;0;0;0
RP;07138;Neuwied;139174;110237;2032;108205;47792;47279;0;2623;4428;4122;0;0;1133;0;0;828;0;0;0;0;0;0;0;0;0;0;0;0;0;0;0;0;0;2057;108180;38868;41196;0;7061;12545;5303;0;400;1018;0;0;700;0;1016;0;0;0;0;0;0;0;73;0;0;0
RP;07140;Rhein-Hunsrück-Kreis;82168;65227;1855;63372;22695;29577;0;2582;5111;2674;0;0;733;0;0;0;0;0;0;0;0;0;0;0;0;0;0;0;0;0;0;0;0;1554;63673;20888;25009;0;4184;8708;3025;0;302;622;0;0;354;0;557;0;0;0;0;0;0;0;24;0;0;0
RP;07141;Rhein-Lahn-Kreis;99899;78267;1888;76379;32777;31044;0;4320;3524;3340;0;0;1081;0;0;293;0;0;0;0;0;0;0;0;0;0;0;0;0;0;0;0;0;1725;76542;29601;25846;0;5717;8954;3930;0;488;897;0;0;295;0;772;0;0;0;0;0;0;0;42;0;0;0
RP;07143;Westerwaldkreis;154862;122398;2611;119787;43720;58634;0;4093;5337;5130;0;0;1785;0;0;1088;0;0;0;0;0;0;0;0;0;0;0;0;0;0;0;0;0;2333;120065;38771;48836;0;7460;14950;5947;0;582;1565;0;0;763;0;1127;0;0;0;0;0;0;0;64;0;0;0
RP;07211;Trier, Stadt;76049;55088;1031;54057;22855;21274;0;4229;2395;2374;0;0;572;0;0;0;0;0;0;0;0;0;0;0;0;0;0;0;0;0;0;0;358;921;54167;19816;17612;0;6610;5793;3065;0;182;550;0;0;96;0;414;0;0;0;0;0;0;0;29;0;0;0
RP;07231;Bernkastel-Wittlich;90175;70719;2065;68654;24315;31877;0;3189;4987;3355;0;0;931;0;0;0;0;0;0;0;0;0;0;0;0;0;0;0;0;0;0;0;0;1587;69132;21216;28423;0;4165;9400;3825;0;342;764;0;0;146;0;817;0;0;0;0;0;0;0;34;0;0;0
RP;07232;Bitburg-Prüm;74843;58464;1522;56942;21163;27518;0;2233;3361;1976;0;0;691;0;0;0;0;0;0;0;0;0;0;0;0;0;0;0;0;0;0;0;0;1437;57027;17679;24636;0;3328;7339;2477;0;239;607;0;0;82;0;599;0;0;0;0;0;0;0;41;0;0;0
RP;07233;Daun;50230;39811;983;38828;13550;20332;0;1268;1814;1390;0;0;474;0;0;0;0;0;0;0;0;0;0;0;0;0;0;0;0;0;0;0;0;891;38920;11055;18025;0;2045;4992;1734;0;177;398;0;0;86;0;383;0;0;0;0;0;0;0;25;0;0;0
RP;07235;Trier-Saarburg;109388;88793;2694;86099;34088;39148;0;3634;3815;3767;0;0;989;0;0;0;0;0;0;0;0;0;0;0;0;0;0;0;0;0;0;0;658;2237;86556;31075;33163;0;5857;8959;5068;0;423;928;0;0;147;0;883;0;0;0;0;0;0;0;53;0;0;0
RP;07311;Frankenthal (Pfalz), Stadt;34278;26218;691;25527;10126;11475;0;851;1008;1113;0;555;335;0;0;0;0;0;0;0;0;0;0;0;64;0;0;0;0;0;0;0;0;636;25582;8990;9689;0;1710;2552;1371;0;550;350;0;0;91;0;238;0;0;0;0;0;0;0;41;0;0;0
RP;07312;Kaiserslautern, Stadt;72218;51759;1328;50431;20769;18984;0;2548;2647;4103;0;0;1380;0;0;0;0;0;0;0;0;0;0;0;0;0;0;0;0;0;0;0;0;1092;50667;17792;15801;0;4518;5626;4398;0;569;1083;0;0;128;0;693;0;0;0;0;0;0;0;59;0;0;0
RP;07313;Landau in der Pfalz, Stadt;31970;24424;532;23892;9381;9385;0;1556;1731;1076;0;288;261;0;0;214;0;0;0;0;0;0;0;0;0;0;0;0;0;0;0;0;0;500;23924;7856;7839;0;2711;3127;1334;0;323;278;0;0;152;0;285;0;0;0;0;0;0;0;19;0;0;0
RP;07314;Ludwigshafen am Rhein, Stadt;103937;77655;1827;75828;34841;27424;0;2462;2832;3994;0;2711;1324;0;0;0;0;0;0;0;0;0;0;0;240;0;0;0;0;0;0;0;0;1761;75894;29672;23593;0;5295;6988;5147;0;2690;1295;0;0;169;0;875;0;0;0;0;0;0;0;170;0;0;0
RP;07315;Mainz, Stadt;136480;109274;1956;107318;44877;40717;0;7104;8770;4111;0;0;1222;0;0;0;0;0;0;0;0;0;0;0;0;0;0;0;0;0;0;0;517;1515;107759;35345;35172;0;15184;13381;5171;0;1739;682;0;0;187;0;824;0;0;0;0;0;0;0;74;0;0;0
RP;07316;Neustadt an der Weinstraße, Stadt;41724;33247;784;32463;11547;15595;0;1634;1387;1211;0;467;284;0;0;338;0;0;0;0;0;0;0;0;0;0;0;0;0;0;0;0;0;708;32539;9757;13072;0;2986;3842;1537;0;482;285;0;0;222;0;338;0;0;0;0;0;0;0;18;0;0;0
RP;07317;Pirmasens, Stadt;34681;24817;927;23890;8795;9559;0;701;1297;2559;0;0;979;0;0;0;0;0;0;0;0;0;0;0;0;0;0;0;0;0;0;0;0;762;24055;7870;8216;0;1118;2367;2332;0;1153;521;0;0;85;0;375;0;0;0;0;0;0;0;18;0;0;0
RP;07318;Speyer, Stadt;36586;27870;643;27227;10442;11178;0;1903;1181;1252;0;820;218;0;0;233;0;0;0;0;0;0;0;0;0;0;0;0;0;0;0;0;0;552;27318;9131;9417;0;2768;2888;1561;0;850;225;0;0;133;0;331;0;0;0;0;0;0;0;14;0;0;0
RP;07319;Worms, Stadt;59226;43448;1272;42176;19954;15388;0;1306;2114;2265;0;0;1149;0;0;0;0;0;0;0;0;0;0;0;0;0;0;0;0;0;0;0;0;1137;42311;16253;14189;0;2892;4311;2515;0;408;1086;0;0;123;0;486;0;0;0;0;0;0;0;48;0;0;0
RP;07320;Zweibrücken, Stadt;27926;20405;675;19730;8331;6623;0;786;1472;1981;0;0;537;0;0;0;0;0;0;0;0;0;0;0;0;0;0;0;0;0;0;0;0;570;19835;7337;5903;0;1236;2061;2282;0;127;441;0;0;59;0;374;0;0;0;0;0;0;0;15;0;0;0
RP;07331;Alzey-Worms;95768;77399;1816;75583;34875;27951;0;2657;4972;3358;0;0;1770;0;0;0;0;0;0;0;0;0;0;0;0;0;0;0;0;0;0;0;0;1576;75823;29264;25118;0;5062;8779;3977;0;811;1533;0;0;441;0;805;0;0;0;0;0;0;0;33;0;0;0
RP;07332;Bad Dürkheim;105047;85996;1967;84029;34017;36500;0;3333;3930;3221;0;1417;962;0;0;649;0;0;0;0;0;0;0;0;0;0;0;0;0;0;0;0;0;1771;84225;29763;30290;0;6144;10131;4099;0;1453;979;0;0;375;0;958;0;0;0;0;0;0;0;33;0;0;0
RP;07333;Donnersbergkreis;60059;46649;1245;45404;20598;15983;0;1816;2595;2890;0;0;1522;0;0;0;0;0;0;0;0;0;0;0;0;0;0;0;0;0;0;0;0;1079;45570;17848;13727;0;3127;5083;3096;0;458;1393;0;0;153;0;650;0;0;0;0;0;0;0;35;0;0;0
RP;07334;Germersheim;91643;73030;1646;71384;27051;31094;0;3060;3942;2730;0;2060;957;0;0;490;0;0;0;0;0;0;0;0;0;0;0;0;0;0;0;0;0;1650;71380;23606;26910;0;4918;8147;3390;0;2052;959;0;0;298;0;1031;0;0;0;0;0;0;0;69;0;0;0
RP;07335;Kaiserslautern;83534;66646;1975;64671;25698;27148;0;2159;3199;4689;0;0;1778;0;0;0;0;0;0;0;0;0;0;0;0;0;0;0;0;0;0;0;0;1717;64929;22958;23111;0;3826;6573;5002;0;882;1249;0;0;307;0;971;0;0;0;0;0;0;0;50;0;0;0
RP;07336;Kusel;61585;47980;1437;46543;22077;14269;0;2023;1901;5038;0;0;1235;0;0;0;0;0;0;0;0;0;0;0;0;0;0;0;0;0;0;0;0;1290;46690;20154;11902;0;2573;4134;5364;0;750;906;0;0;138;0;734;0;0;0;0;0;0;0;35;0;0;0
RP;07337;Südliche Weinstraße;86282;70288;1695;68593;25278;30372;0;3178;4603;2607;0;1070;872;0;0;613;0;0;0;0;0;0;0;0;0;0;0;0;0;0;0;0;0;1681;68607;21932;26162;0;5405;8559;3208;0;1078;891;0;0;385;0;922;0;0;0;0;0;0;0;65;0;0;0
RP;07338;Rhein-Pfalz-Kreis;114438;96390;2199;94191;36915;41383;0;4021;4942;3426;0;2165;1021;0;0;185;0;0;0;0;0;0;0;0;133;0;0;0;0;0;0;0;0;1923;94467;32293;35231;0;6893;11159;4356;0;2075;1006;0;0;280;0;1082;0;0;0;0;0;0;0;92;0;0;0
RP;07339;Mainz-Bingen;151935;126172;2658;123514;50510;49732;0;6099;10566;4473;0;0;1716;0;0;0;0;0;0;0;0;0;0;0;0;0;0;0;0;0;0;0;418;2277;123895;42964;43498;0;11459;16482;5477;0;1077;1346;0;0;290;0;1232;0;0;0;0;0;0;0;70;0;0;0
RP;07340;Südwestpfalz;82531;67665;2668;64997;22613;29003;0;2113;4377;4776;0;0;2115;0;0;0;0;0;0;0;0;0;0;0;0;0;0;0;0;0;0;0;0;2171;65494;20169;25592;0;3197;7475;5122;0;1242;1401;0;0;225;0;1030;0;0;0;0;0;0;0;41;0;0;0
BW;08111;Stuttgart;358910;283877;3521;280356;112917;110540;0;23959;15438;10703;0;0;2603;0;2326;583;0;0;567;0;0;0;0;0;376;0;0;0;0;0;0;0;344;3387;280490;89725;91748;0;42046;35947;12218;0;2384;1797;0;1982;792;0;1067;311;0;0;0;0;0;0;473;0;0;0
BW;08115;Böblingen;251187;205061;2816;202245;66409;100700;0;14482;10152;4987;0;0;3005;0;0;2058;0;0;0;0;0;0;0;0;452;0;0;0;0;0;0;0;0;2676;202385;59252;78869;0;21065;28492;6127;0;2222;2065;0;930;1729;0;1193;134;0;0;0;0;0;0;307;0;0;0
BW;08116;Esslingen;354800;290541;4169;286372;104151;135604;0;22818;11668;7804;0;0;4327;0;0;0;0;0;0;0;0;0;0;0;0;0;0;0;0;0;0;0;0;3553;286988;87168;110248;0;32531;36106;8674;0;5132;2217;0;1248;1400;0;1783;155;0;0;0;0;0;0;326;0;0;0
BW;08117;Göppingen;180833;142455;2923;139532;50859;67443;0;6956;5985;5278;0;0;3011;0;0;0;0;0;0;0;0;0;0;0;0;0;0;0;0;0;0;0;0;2574;139881;44017;53166;0;13356;17179;5609;0;1736;2238;0;548;728;0;1036;85;0;0;0;0;0;0;183;0;0;0
BW;08118;Ludwigsburg;349457;284780;4549;280231;97159;128119;0;22719;16289;8276;0;0;4209;0;3460;0;0;0;0;0;0;0;0;0;0;0;0;0;0;0;0;0;0;4025;280755;90502;103174;0;29728;35654;9716;0;3362;2891;0;2209;1495;0;1601;172;0;0;0;0;0;0;251;0;0;0
BW;08119;Rems-Murr-Kreis;290119;233363;3695;229668;87755;107861;0;11984;11980;6072;0;0;3591;0;0;0;0;0;0;0;0;0;0;0;425;0;0;0;0;0;0;0;0;3221;230142;68296;89086;0;24804;30074;7531;0;2871;2457;0;1269;1787;0;1521;189;0;0;0;0;0;0;257;0;0;0
BW;08121;Heilbronn;77641;57694;1322;56372;19666;27216;0;3449;2463;2171;0;0;1201;0;0;0;0;0;0;0;0;0;0;0;206;0;0;0;0;0;0;0;0;1136;56558;19209;20862;0;4617;6793;2428;0;887;810;0;287;183;0;342;34;0;0;0;0;0;0;106;0;0;0
BW;08125;Heilbronn;232447;185134;3595;181539;59739;92096;0;9712;9246;5496;0;0;4352;0;554;0;0;0;0;0;0;0;0;0;344;0;0;0;0;0;0;0;0;3187;181947;56902;73325;0;13712;22243;6348;0;2501;3137;0;930;1102;0;1417;120;0;0;0;0;0;0;210;0;0;0
BW;08126;Hohenlohekreis;80598;62375;1309;61066;17670;29701;0;3940;5314;2118;0;0;1459;0;0;864;0;0;0;0;0;0;0;0;0;0;0;0;0;0;0;0;0;1285;61090;17387;26121;0;4593;7268;2228;0;891;1113;0;233;661;0;504;55;0;0;0;0;0;0;36;0;0;0
BW;08127;Schwäbisch Hall;139566;103140;2148;100992;34166;45670;0;7637;6199;3460;0;0;2160;0;0;1700;0;0;0;0;0;0;0;0;0;0;0;0;0;0;0;0;0;2205;100935;31247;38451;0;10366;11538;3705;0;1380;1553;0;375;1347;0;782;71;0;0;0;0;0;0;120;0;0;0
BW;08128;Main-Tauber-Kreis;104947;82835;1898;80937;23055;44366;0;4596;3234;2153;0;0;1660;0;0;0;0;1873;0;0;0;0;0;0;0;0;0;0;0;0;0;0;0;1653;81182;21221;38602;0;5937;8717;2655;0;967;1185;0;286;336;0;1194;43;0;0;0;0;0;0;39;0;0;0
BW;08135;Heidenheim;97065;75220;1960;73260;28088;33769;0;3873;3748;3782;0;0;0;0;0;0;0;0;0;0;0;0;0;0;0;0;0;0;0;0;0;0;0;1670;73550;25406;27587;0;6194;7442;3257;0;1373;754;0;307;420;0;671;50;0;0;0;0;0;0;89;0;0;0
BW;08136;Ostalbkreis;230628;179703;4075;175628;57171;90463;0;9948;8891;8026;0;0;1129;0;0;0;0;0;0;0;0;0;0;0;0;0;0;0;0;0;0;0;0;3509;176194;53206;77482;0;13865;17758;6287;0;2619;1719;0;696;1095;0;1208;119;0;0;0;0;0;0;140;0;0;0
BW;08211;Baden-Baden;40168;30832;576;30256;10004;14668;0;2330;1909;1022;0;0;323;0;0;0;0;0;0;0;0;0;0;0;0;0;0;0;0;0;0;0;0;473;30359;8784;12348;0;3288;3946;1136;0;207;246;0;139;93;0;141;22;0;0;0;0;0;0;9;0;0;0
BW;08212;Karlsruhe;197356;150150;2609;147541;58201;61000;0;13478;6288;6333;0;0;2241;0;0;0;0;0;0;0;0;0;0;0;0;0;0;0;0;0;0;0;0;2336;147814;47399;48557;0;21778;17804;7333;0;833;1638;0;881;469;0;863;121;0;0;0;0;0;0;138;0;0;0
BW;08215;Karlsruhe;315426;253130;5312;247818;84181;123416;0;13440;12175;7065;0;0;4178;0;0;1532;0;1831;0;0;0;0;0;0;0;0;0;0;0;0;0;0;0;4652;248478;74065;104568;0;21043;29308;8788;0;2556;2918;0;1075;1457;0;2360;171;0;0;0;0;0;0;169;0;0;0
BW;08216;Rastatt;167108;127567;3072;124495;43600;61658;0;6762;6196;4291;0;0;1988;0;0;0;0;0;0;0;0;0;0;0;0;0;0;0;0;0;0;0;0;2794;124773;40085;52112;0;9811;13135;4795;0;1332;1465;0;494;437;0;942;85;0;0;0;0;0;0;80;0;0;0
BW;08221;Heidelberg;93116;74105;913;73192;28930;25389;0;10334;5680;2184;0;0;675;0;0;0;0;0;0;0;0;0;0;0;0;0;0;0;0;0;0;0;0;884;73221;22249;22193;0;14605;9192;3481;0;249;515;0;249;142;0;279;27;0;0;0;0;0;0;40;0;0;0
BW;08222;Mannheim;198518;146286;3187;143099;65730;53513;0;8293;6579;8984;0;0;0;0;0;0;0;0;0;0;0;0;0;0;0;0;0;0;0;0;0;0;0;2693;143593;53295;44641;0;15587;14283;9507;0;1590;1875;0;1027;391;0;1073;147;0;0;0;0;0;0;177;0;0;0
BW;08225;Neckar-Odenwald-Kreis;111104;85545;2214;83331;26133;44159;0;3574;3351;2895;0;0;1631;0;0;0;0;1588;0;0;0;0;0;0;0;0;0;0;0;0;0;0;0;1941;83604;24097;38430;0;5220;8808;3193;0;901;1203;0;283;322;0;1051;53;0;0;0;0;0;0;43;0;0;0
BW;08226;Rhein-Neckar-Kreis;389469;317844;6047;311797;117783;139913;0;19908;16834;10337;0;0;5930;0;0;0;0;1092;0;0;0;0;0;0;0;0;0;0;0;0;0;0;0;5329;312515;100444;117933;0;30845;38238;13063;0;2399;4280;0;1435;1011;0;2504;189;0;0;0;0;0;0;174;0;0;0
BW;08231;Pforzheim;78736;56438;1265;55173;18197;26837;0;2723;3688;2584;0;0;1144;0;0;0;0;0;0;0;0;0;0;0;0;0;0;0;0;0;0;0;0;1309;55129;16520;22352;0;4320;6885;2609;0;617;766;0;301;251;0;396;43;0;0;0;0;0;0;69;0;0;0
BW;08235;Calw;110772;86996;1417;85579;25614;41501;0;5043;6827;2874;0;0;1787;0;0;1933;0;0;0;0;0;0;0;0;0;0;0;0;0;0;0;0;0;1371;85625;22831;36459;0;7214;11018;2907;0;1187;1276;0;388;1533;0;679;59;0;0;0;0;0;0;74;0;0;0
BW;08236;Enzkreis;140219;113004;2174;110830;38938;51024;0;6269;8608;3855;0;0;2136;0;0;0;0;0;0;0;0;0;0;0;0;0;0;0;0;0;0;0;0;1767;111237;35186;42801;0;9703;14140;4067;0;1305;1317;0;541;1165;0;875;62;0;0;0;0;0;0;75;0;0;0
BW;08237;Freudenstadt;87822;66957;1216;65741;20224;33012;0;2980;4622;1939;0;0;1330;0;0;1634;0;0;0;0;0;0;0;0;0;0;0;0;0;0;0;0;0;1207;65750;17432;28908;0;4949;8460;2035;0;1005;953;0;273;1113;0;525;48;0;0;0;0;0;0;49;0;0;0
BW;08311;Freiburg im Breisgau;143045;113504;1619;111885;53414;34292;0;13384;3744;5484;0;0;905;0;0;0;0;0;0;0;0;0;0;0;0;662;0;0;0;0;0;0;0;1374;112130;35009;29580;0;29344;9380;6190;0;479;678;0;572;264;0;444;61;0;0;0;0;0;0;129;0;0;0
BW;08315;Breisgau-Hochschwarzwald;183770;148858;3079;145779;56378;64355;0;11816;7808;2722;0;0;1761;0;0;727;0;0;0;0;0;0;0;0;0;212;0;0;0;0;0;0;0;2285;146573;44821;55640;0;20521;15893;5085;0;936;1117;0;670;683;0;1035;91;0;0;0;0;0;0;81;0;0;0
BW;08316;Emmendingen;117316;92813;2000;90813;35353;38253;0;8597;4252;2991;0;0;1367;0;0;0;0;0;0;0;0;0;0;0;0;0;0;0;0;0;0;0;0;1860;90953;30792;32141;0;11912;9275;3542;0;646;976;0;435;398;0;729;65;0;0;0;0;0;0;42;0;0;0
BW;08317;Ortenaukreis;309218;232649;5625;227024;72251;113783;0;16607;11350;8262;0;0;3712;0;0;1059;0;0;0;0;0;0;0;0;0;0;0;0;0;0;0;0;0;5372;227277;67396;93963;0;22020;25177;9439;0;2127;2709;0;958;1141;0;2084;157;0;0;0;0;0;0;106;0;0;0
BW;08325;Rottweil;103743;79512;2040;77472;21249;40385;0;4542;5775;0;0;0;1940;0;0;0;0;3581;0;0;0;0;0;0;0;0;0;0;0;0;0;0;0;1631;77881;20815;34660;0;5544;9488;2425;0;887;1263;0;419;638;0;1612;90;0;0;0;0;0;0;40;0;0;0
BW;08326;Schwarzwald-Baar-Kreis;151659;116816;2908;113908;34842;58279;0;8575;7149;0;0;0;3491;0;0;1572;0;0;0;0;0;0;0;0;0;0;0;0;0;0;0;0;0;2554;114262;31506;47810;0;9999;14852;4142;0;963;2046;0;673;1089;0;935;94;0;0;0;0;0;0;153;0;0;0
BW;08327;Tuttlingen;95397;73745;1764;71981;18156;37677;0;4522;7993;0;0;0;1741;0;0;0;0;1892;0;0;0;0;0;0;0;0;0;0;0;0;0;0;0;1494;72251;18781;32666;0;4995;9869;2268;0;768;1034;0;344;475;0;928;71;0;0;0;0;0;0;52;0;0;0
BW;08335;Konstanz;193465;150629;3053;147576;46713;64745;0;13065;15504;5420;0;0;2129;0;0;0;0;0;0;0;0;0;0;0;0;0;0;0;0;0;0;0;0;2472;148157;44123;55279;0;17958;20274;5665;0;840;1561;0;720;541;0;944;129;0;0;0;0;0;0;123;0;0;0
BW;08336;Lörrach;157729;119570;2426;117144;52982;44996;0;7004;5305;3874;0;0;1784;0;0;1199;0;0;0;0;0;0;0;0;0;0;0;0;0;0;0;0;0;2024;117546;42795;39240;0;14532;11515;4685;0;1279;1144;0;530;894;0;756;74;0;0;0;0;0;0;102;0;0;0
BW;08337;Waldshut;118100;89067;2296;86771;32816;40430;0;5635;5352;0;0;0;1512;0;0;1026;0;0;0;0;0;0;0;0;0;0;0;0;0;0;0;0;0;1596;87471;26355;37175;0;8298;9280;2746;0;1155;742;0;363;604;0;638;62;0;0;0;0;0;0;53;0;0;0
BW;08415;Reutlingen;195834;156407;3343;153064;49715;75189;0;11926;8227;5023;0;0;2500;0;0;0;0;0;0;0;0;0;0;0;484;0;0;0;0;0;0;0;0;2644;153763;45514;59038;0;16374;21090;5428;0;1862;1653;0;652;802;0;1020;85;0;0;0;0;0;0;245;0;0;0
BW;08416;Tübingen;146226;119887;2014;117873;46426;48356;0;12933;4151;3806;0;0;1494;0;0;0;0;0;0;0;0;0;0;0;0;0;0;0;0;0;0;0;707;1771;118116;34422;39707;0;21558;13038;5105;0;1479;905;0;373;639;0;694;86;0;0;0;0;0;0;110;0;0;0
BW;08417;Zollernalbkreis;140486;107147;2677;104470;30493;55537;0;5695;5314;3251;0;0;2395;0;0;0;0;1617;0;0;0;0;0;0;0;0;0;0;0;0;0;0;168;2352;104795;28704;46046;0;7326;13170;3640;0;1475;1673;0;505;798;0;1166;85;0;0;0;0;0;0;207;0;0;0
BW;08421;Ulm;79237;62206;1261;60945;23665;25388;0;5423;3050;2139;0;0;779;0;0;0;0;0;0;0;0;0;0;0;0;0;0;0;0;0;0;0;501;1098;61108;19754;21312;0;8393;7139;2475;0;414;583;0;304;192;0;382;55;0;0;0;0;0;0;105;0;0;0
BW;08425;Alb-Donau-Kreis;135671;109724;2421;107303;31687;56619;0;7212;5541;2687;0;0;1991;0;0;0;0;0;0;0;0;0;0;0;0;0;0;0;0;0;0;0;1566;2189;107535;28520;49581;0;9410;11920;3020;0;1246;1534;0;454;654;0;1002;98;0;0;0;0;0;0;96;0;0;0
BW;08426;Biberach;138144;109310;2273;107037;20693;56429;0;15059;8158;2323;0;0;2370;0;0;0;0;0;0;0;0;0;0;0;0;0;0;0;0;0;0;0;2005;2123;107187;23524;55080;0;8235;11791;2750;0;2023;1389;0;481;427;0;1281;141;0;0;0;0;0;0;65;0;0;0
BW;08435;Bodenseekreis;148427;118775;1759;117016;34379;57272;0;13175;6363;3299;0;0;1602;0;0;926;0;0;0;0;0;0;0;0;0;0;0;0;0;0;0;0;0;1584;117191;32948;48256;0;13442;14537;3847;0;823;1142;0;563;599;0;887;60;0;0;0;0;0;0;87;0;0;0
BW;08436;Ravensburg;197512;154388;2846;151542;38295;78155;0;17963;8907;4215;0;0;2044;0;0;811;0;282;0;0;0;0;0;0;0;0;0;0;0;0;0;0;870;2732;151656;36744;69264;0;16811;17689;4702;0;1745;1292;0;667;833;0;1691;134;0;0;0;0;0;0;84;0;0;0
BW;08437;Sigmaringen;96202;73878;1797;72081;17348;41177;0;4234;4305;2103;0;0;1260;0;0;0;0;1654;0;0;0;0;0;0;0;0;0;0;0;0;0;0;0;1478;72400;16386;36624;0;5242;8030;2254;0;1323;815;0;361;290;0;953;57;0;0;0;0;0;0;65;0;0;0
BY;09161;Ingolstadt, Stadt;86164;60174;911;59263;14407;0;36222;3180;1733;2094;0;0;822;0;0;0;0;805;0;0;0;0;0;0;0;0;0;0;0;0;0;0;0;867;59307;17635;0;27412;4182;5147;2274;0;703;663;0;181;146;133;549;23;236;0;0;0;0;0;23;0;0;0
BY;09162;München, Landeshauptstadt;840166;645933;7255;638678;249040;0;273260;48047;37154;17659;0;0;5812;0;0;0;0;4445;2171;716;0;0;0;0;0;0;0;0;374;0;0;0;0;5303;640630;185777;0;239953;93326;78620;24770;0;2664;4640;0;2763;714;1151;2872;754;2336;0;0;0;0;0;290;0;0;0
BY;09163;Rosenheim, Stadt;41101;29680;536;29144;7881;0;15618;2162;1212;806;0;944;211;0;0;0;0;0;82;0;0;0;0;0;0;0;0;0;0;0;0;228;0;359;29321;7439;0;14167;2468;2661;976;0;740;213;0;151;40;58;161;55;176;0;0;0;0;0;16;0;0;0
BY;09171;Altötting;82929;62608;989;61619;13466;0;39163;2840;2964;1478;0;0;1161;0;0;0;0;0;547;0;0;0;0;0;0;0;0;0;0;0;0;0;0;833;61775;13146;0;35387;3463;5156;1633;0;802;870;0;191;70;129;328;155;407;0;0;0;0;0;38;0;0;0
BY;09172;Berchtesgadener Land;73636;56499;961;55538;11895;0;36221;2909;1877;1442;0;0;780;0;0;414;0;0;0;0;0;0;0;0;0;0;0;0;0;0;0;0;0;684;55815;10695;0;32715;3657;4585;1569;0;832;533;0;175;228;115;351;43;303;0;0;0;0;0;14;0;0;0
BY;09173;Bad Tölz-Wolfratshausen;88777;70937;1016;69921;14833;0;43818;4500;4370;1523;0;0;877;0;0;0;0;0;0;0;0;0;0;0;0;0;0;0;0;0;0;0;0;732;70205;12570;0;39252;6157;7963;1697;0;422;587;0;234;99;133;424;47;595;0;0;0;0;0;25;0;0;0
BY;09174;Dachau;95529;77435;1254;76181;18372;0;45049;5055;4711;1960;0;0;1034;0;0;0;0;0;0;0;0;0;0;0;0;0;0;0;0;0;0;0;0;866;76569;16481;0;41106;6442;7801;2085;0;487;704;0;246;89;164;481;39;416;0;0;0;0;0;28;0;0;0
BY;09175;Ebersberg;89850;75106;1138;73968;20603;0;41004;5603;4238;1703;0;0;817;0;0;0;0;0;0;0;0;0;0;0;0;0;0;0;0;0;0;0;0;687;74419;16655;0;37445;7659;8602;1875;0;359;488;0;233;77;153;426;34;395;0;0;0;0;0;18;0;0;0
BY;09176;Eichstätt;91266;74088;920;73168;15889;0;49255;2858;1586;1726;0;0;1068;0;0;0;0;786;0;0;0;0;0;0;0;0;0;0;0;0;0;0;0;945;73143;19383;0;39630;3947;4967;1984;0;685;967;0;143;138;130;675;43;424;0;0;0;0;0;27;0;0;0
BY;09177;Erding;89531;71178;1213;69965;15128;0;42987;5164;3470;1995;0;0;1221;0;0;0;0;0;0;0;0;0;0;0;0;0;0;0;0;0;0;0;0;635;70543;14326;0;38804;5185;6654;2072;0;1308;578;0;214;66;211;588;48;463;0;0;0;0;0;26;0;0;0
BY;09178;Freising;111510;89675;1289;88386;19702;0;49416;7774;5477;2634;0;0;1062;0;0;0;0;0;0;2321;0;0;0;0;0;0;0;0;0;0;0;0;0;875;88800;18897;0;45500;8454;9645;2730;0;618;872;0;268;121;219;568;44;827;0;0;0;0;0;37;0;0;0
BY;09179;Fürstenfeldbruck;147411;121703;1531;120172;33957;0;63848;10643;7488;2804;0;0;1432;0;0;0;0;0;0;0;0;0;0;0;0;0;0;0;0;0;0;0;0;1010;120693;29446;0;56983;13517;13670;3345;0;718;887;0;432;155;243;641;65;553;0;0;0;0;0;38;0;0;0
BY;09180;Garmisch-Partenkirchen;65163;51397;674;50723;8195;0;34282;3043;2246;984;0;0;595;0;0;0;0;0;0;751;0;0;0;0;0;0;0;0;0;0;0;0;627;495;50902;8015;0;30623;3336;5898;1151;0;259;398;0;147;85;95;337;20;515;0;0;0;0;0;23;0;0;0
BY;09181;Landsberg am Lech;82124;66448;786;65662;14793;0;37470;5959;3323;1462;0;0;719;0;0;0;0;0;0;1498;0;0;0;0;0;0;0;0;0;0;0;0;438;564;65884;13692;0;33730;6712;7376;1732;0;377;552;0;180;157;150;367;44;792;0;0;0;0;0;23;0;0;0
BY;09182;Miesbach;70354;56469;748;55721;11799;0;35725;3122;3300;1085;0;0;690;0;0;0;0;0;0;0;0;0;0;0;0;0;0;0;0;0;0;0;0;563;55906;10716;0;30628;4238;7151;1325;0;360;461;0;171;69;101;223;22;422;0;0;0;0;0;19;0;0;0
BY;09183;Mühldorf a.Inn;83283;62260;958;61302;11645;0;40376;3611;2550;1528;0;0;1119;0;0;0;0;0;473;0;0;0;0;0;0;0;0;0;0;0;0;0;0;753;61507;11624;0;36484;3431;5257;1695;0;726;796;0;190;81;137;392;116;564;0;0;0;0;0;14;0;0;0
BY;09184;München;221199;184533;1985;182548;55567;0;96077;14171;11265;3670;0;0;1798;0;0;0;0;0;0;0;0;0;0;0;0;0;0;0;0;0;0;0;0;1324;183209;44113;0;83082;19392;26706;4731;0;839;1213;0;733;190;353;904;102;800;0;0;0;0;0;51;0;0;0
BY;09185;Neuburg-Schrobenhausen;68469;53061;699;52362;10334;0;36294;1703;1390;1255;0;0;845;0;0;0;0;541;0;0;0;0;0;0;0;0;0;0;0;0;0;0;0;608;52453;11595;0;30314;2502;4069;1576;0;595;704;0;127;70;130;410;16;335;0;0;0;0;0;10;0;0;0
BY;09186;Pfaffenhofen a.d.Ilm;86031;67370;990;66380;16581;0;38061;4290;3188;1839;0;0;1077;0;0;0;0;0;0;1344;0;0;0;0;0;0;0;0;0;0;0;0;0;646;66724;15796;0;35409;4254;6191;2153;0;637;815;0;191;104;156;451;39;504;0;0;0;0;0;24;0;0;0
BY;09187;Rosenheim;180919;143397;2007;141390;29470;0;87150;9997;5833;2792;0;3207;1056;0;0;0;0;0;372;0;0;0;0;0;0;0;0;0;0;0;0;1513;0;1318;142079;28043;0;79644;10969;13383;3338;0;2339;978;0;549;240;300;973;245;1029;0;0;0;0;0;49;0;0;0
BY;09188;Starnberg;94199;79448;701;78747;18474;0;42215;7601;8428;1330;0;0;699;0;0;0;0;0;0;0;0;0;0;0;0;0;0;0;0;0;0;0;0;507;78941;16036;0;37051;9849;12469;1639;0;328;426;0;246;76;122;279;37;366;0;0;0;0;0;17;0;0;0
BY;09189;Traunstein;129311;101145;1592;99553;21687;0;62820;6481;3690;2660;0;0;1593;0;0;622;0;0;0;0;0;0;0;0;0;0;0;0;0;0;0;0;0;1053;100092;20128;0;56971;7415;8259;2770;0;944;1219;0;283;314;210;601;82;859;0;0;0;0;0;37;0;0;0
BY;09190;Weilheim-Schongau;97075;77762;1114;76648;18241;0;43004;6066;3597;2622;0;0;964;0;0;0;0;0;0;1505;0;0;0;0;0;0;0;0;0;0;0;0;649;821;76941;17408;0;39683;6377;7428;2621;0;596;680;0;224;129;155;571;47;989;0;0;0;0;0;33;0;0;0
BY;09261;Landshut, Stadt;45842;33859;777;33082;7875;0;16697;3820;3087;1023;0;0;580;0;0;0;0;0;0;0;0;0;0;0;0;0;0;0;0;0;0;0;0;415;33444;7963;0;17098;2829;3129;1155;0;199;370;0;136;46;77;205;30;194;0;0;0;0;0;13;0;0;0
BY;09262;Passau, Stadt;38367;27272;374;26898;5993;0;13465;2125;3978;934;0;0;403;0;0;0;0;0;0;0;0;0;0;0;0;0;0;0;0;0;0;0;0;222;27050;6854;0;13121;2135;2963;1018;0;229;264;0;81;40;52;143;15;126;0;0;0;0;0;9;0;0;0
BY;09263;Straubing, Stadt;34179;23464;322;23142;4986;0;15043;922;824;796;0;0;571;0;0;0;0;0;0;0;0;0;0;0;0;0;0;0;0;0;0;0;0;235;23229;5425;0;13120;958;1782;865;0;229;416;0;65;24;61;152;9;111;0;0;0;0;0;12;0;0;0
BY;09271;Deggendorf;89987;64458;1024;63434;15988;0;39093;1719;2596;1968;0;0;2070;0;0;0;0;0;0;0;0;0;0;0;0;0;0;0;0;0;0;0;0;718;63740;13185;0;36931;2499;4934;2160;0;1337;1385;0;156;113;177;423;26;401;0;0;0;0;0;13;0;0;0
BY;09272;Freyung-Grafenau;64167;44738;705;44033;9598;0;26462;1485;3610;1635;0;0;1243;0;0;0;0;0;0;0;0;0;0;0;0;0;0;0;0;0;0;0;0;506;44232;8926;0;25324;1542;3596;1885;0;772;985;0;97;91;132;295;17;549;0;0;0;0;0;21;0;0;0
BY;09273;Kelheim;84521;64179;1105;63074;15690;0;37612;2979;3331;1883;0;0;1579;0;0;0;0;0;0;0;0;0;0;0;0;0;0;0;0;0;0;0;0;766;63413;15260;0;33904;3561;5738;1968;0;532;1163;0;139;68;161;446;33;414;0;0;0;0;0;26;0;0;0
BY;09274;Landshut;111739;88049;1530;86519;16981;0;53389;5424;6477;2289;0;0;1959;0;0;0;0;0;0;0;0;0;0;0;0;0;0;0;0;0;0;0;0;904;87145;16562;0;51021;4649;8145;2460;0;802;1373;0;242;119;208;725;61;755;0;0;0;0;0;23;0;0;0
BY;09275;Passau;146361;105148;1746;103402;21772;0;62771;4304;8949;3208;0;0;2398;0;0;0;0;0;0;0;0;0;0;0;0;0;0;0;0;0;0;0;0;1200;103948;23143;0;58758;4381;9132;3553;0;1027;1751;0;300;142;233;638;67;795;0;0;0;0;0;28;0;0;0
BY;09276;Regen;63904;45295;786;44509;10911;0;28461;1175;1350;1419;0;0;1193;0;0;0;0;0;0;0;0;0;0;0;0;0;0;0;0;0;0;0;0;634;44661;10076;0;25376;1490;3278;1729;0;678;949;0;125;56;136;307;15;426;0;0;0;0;0;20;0;0;0
BY;09277;Rottal-Inn;91631;67609;2046;65563;14021;0;43241;2892;2807;0;0;0;1699;0;0;0;0;0;903;0;0;0;0;0;0;0;0;0;0;0;0;0;0;1217;66392;12495;0;40722;3002;5073;1645;0;560;1372;0;166;67;162;434;194;475;0;0;0;0;0;25;0;0;0
BY;09278;Straubing-Bogen;74533;58505;867;57638;9056;0;41688;1716;2036;1516;0;0;1626;0;0;0;0;0;0;0;0;0;0;0;0;0;0;0;0;0;0;0;0;709;57796;10430;0;36297;1736;4212;1698;0;753;1262;0;140;49;172;560;28;443;0;0;0;0;0;16;0;0;0
BY;09279;Dingolfing-Landau;69922;51996;1264;50732;11795;0;32302;1751;2583;0;0;0;1650;0;0;0;0;0;651;0;0;0;0;0;0;0;0;0;0;0;0;0;0;666;51330;10887;0;30473;1847;3621;1321;0;976;1033;0;108;53;167;373;101;341;0;0;0;0;0;29;0;0;0
BY;09361;Amberg, Stadt;33863;24241;492;23749;7532;0;11852;1277;1218;961;0;0;640;0;0;0;0;0;0;269;0;0;0;0;0;0;0;0;0;0;0;0;0;387;23854;7263;0;10842;1519;1949;1040;0;135;553;0;98;83;75;111;19;159;0;0;0;0;0;8;0;0;0
BY;09362;Regensburg, Stadt;96827;70568;961;69607;21742;0;32596;6316;3666;2309;0;0;886;0;0;0;0;1074;147;871;0;0;0;0;0;0;0;0;0;0;0;0;0;769;69799;19197;0;30210;8395;6657;2818;0;217;808;0;178;72;136;531;63;494;0;0;0;0;0;23;0;0;0
BY;09363;Weiden i.d.OPf., Stadt;33516;24109;321;23788;7715;0;10846;776;610;847;0;0;367;0;0;0;0;0;0;177;0;0;0;0;0;0;0;0;0;0;0;0;2450;344;23765;7826;0;10862;1301;1673;1058;0;112;420;0;80;34;52;169;14;156;0;0;0;0;0;8;0;0;0
BY;09371;Amberg-Sulzbach;82860;64889;1252;63637;20049;0;32983;2583;3323;2335;0;0;1497;0;0;0;0;0;0;867;0;0;0;0;0;0;0;0;0;0;0;0;0;1073;63816;19302;0;30943;3198;4474;2406;0;521;1297;0;167;208;204;491;47;534;0;0;0;0;0;24;0;0;0
BY;09372;Cham;101722;74581;1294;73287;14292;0;48926;2003;2183;2330;0;0;2343;0;0;0;0;0;0;0;0;0;0;0;0;0;0;0;0;0;0;0;1210;1144;73437;15200;0;43130;2660;5453;2530;0;799;1806;0;161;131;184;650;31;677;0;0;0;0;0;25;0;0;0
BY;09373;Neumarkt i.d.OPf.;96433;77308;1237;76071;13642;0;51339;4234;2605;1814;0;0;1480;0;0;0;0;0;0;957;0;0;0;0;0;0;0;0;0;0;0;0;0;981;76327;16173;0;44370;3997;5762;2300;0;456;1421;0;170;152;185;707;47;561;0;0;0;0;0;26;0;0;0
BY;09374;Neustadt a.d.Waldnaab;77294;61621;1077;60544;16441;0;28873;1381;1346;1484;0;0;1092;0;0;0;0;0;0;532;0;0;0;0;0;0;0;0;0;0;0;0;9395;1240;60381;18574;0;30326;2196;3759;2056;0;502;1396;0;130;77;204;502;38;595;0;0;0;0;0;26;0;0;0
BY;09375;Regensburg;139592;110024;1507;108517;28824;0;61760;4836;4726;3000;0;0;1933;0;0;0;0;1636;327;1475;0;0;0;0;0;0;0;0;0;0;0;0;0;1310;108714;27313;0;56146;6815;9342;3645;0;912;1680;0;228;112;236;1133;125;989;0;0;0;0;0;38;0;0;0
BY;09376;Schwandorf;113755;85935;1491;84444;30089;0;42788;2857;2590;2970;0;0;2257;0;0;0;0;0;0;0;0;0;0;0;0;0;0;0;0;0;0;0;893;1367;84568;26339;0;41238;3385;5571;3407;0;824;1946;0;203;116;232;670;57;541;0;0;0;0;0;39;0;0;0
BY;09377;Tirschenreuth;61997;48906;842;48064;12298;0;24391;985;1779;1146;0;0;812;0;0;0;0;0;0;554;0;0;0;0;0;0;0;0;0;0;0;0;6099;892;48014;13373;0;25827;1652;3026;1650;0;389;906;0;120;81;169;358;31;411;0;0;0;0;0;21;0;0;0
BY;09461;Bamberg, Stadt;53164;39193;823;38370;9657;0;19166;6428;2060;0;0;0;1059;0;0;0;0;0;0;0;0;0;0;0;0;0;0;0;0;0;0;0;0;424;38769;10039;0;17088;4347;3826;1652;0;549;538;0;149;70;110;208;27;105;0;0;0;0;0;61;0;0;0
BY;09462;Bayreuth, Stadt;57300;41924;600;41324;13279;0;20532;2538;2717;1367;0;0;602;0;0;289;0;0;0;0;0;0;0;0;0;0;0;0;0;0;0;0;0;390;41534;12823;0;17495;3608;4556;1537;0;477;432;0;119;164;78;160;15;50;0;0;0;0;0;20;0;0;0
BY;09463;Coburg, Stadt;32874;24325;406;23919;8551;0;11056;1939;1060;875;0;0;438;0;0;0;0;0;0;0;0;0;0;0;0;0;0;0;0;0;0;0;0;272;24053;8236;0;9638;1949;2327;1012;0;103;405;0;71;56;74;117;4;40;0;0;0;0;0;21;0;0;0
BY;09464;Hof, Stadt;36752;26564;433;26131;9443;0;13169;938;949;1095;0;0;537;0;0;0;0;0;0;0;0;0;0;0;0;0;0;0;0;0;0;0;0;390;26174;8347;0;11266;1495;2520;1203;0;288;421;0;119;165;80;175;15;68;0;0;0;0;0;12;0;0;0
BY;09471;Bamberg;111662;90007;1672;88335;18942;0;54638;5431;4415;1447;0;0;3462;0;0;0;0;0;0;0;0;0;0;0;0;0;0;0;0;0;0;0;0;1055;88952;19193;0;48677;4613;7419;2981;0;1797;2148;0;233;225;271;765;65;498;0;0;0;0;0;67;0;0;0
BY;09472;Bayreuth;85960;68689;970;67719;18694;0;39942;2121;3181;1974;0;0;1394;0;0;413;0;0;0;0;0;0;0;0;0;0;0;0;0;0;0;0;0;783;67906;19114;0;34356;3166;5484;2312;0;1191;1079;0;186;245;183;394;24;158;0;0;0;0;0;14;0;0;0
BY;09473;Coburg;71852;57035;874;56161;18937;0;28390;3198;2322;1949;0;0;1365;0;0;0;0;0;0;0;0;0;0;0;0;0;0;0;0;0;0;0;0;591;56444;19075;0;24940;2975;4678;2231;0;380;1248;0;144;94;153;362;22;91;0;0;0;0;0;51;0;0;0
BY;09474;Forchheim;86715;70374;1204;69170;17537;0;41083;4791;3325;467;0;0;1788;0;0;179;0;0;0;0;0;0;0;0;0;0;0;0;0;0;0;0;0;733;69641;16890;0;36142;4800;6083;2120;0;1301;1012;0;161;297;160;414;31;208;0;0;0;0;0;22;0;0;0
BY;09475;Hof;84329;65854;1033;64821;22835;0;34360;2147;1977;2309;0;0;1193;0;0;0;0;0;0;0;0;0;0;0;0;0;0;0;0;0;0;0;0;935;64919;20564;0;30082;3022;5373;2689;0;663;942;0;215;480;165;466;38;203;0;0;0;0;0;17;0;0;0
BY;09476;Kronach;59816;46719;1111;45608;14217;0;25906;1443;1421;1249;0;0;1372;0;0;0;0;0;0;0;0;0;0;0;0;0;0;0;0;0;0;0;0;758;45961;14380;0;22898;1544;3343;1489;0;312;1233;0;94;163;115;239;31;93;0;0;0;0;0;27;0;0;0
BY;09477;Kulmbach;62383;48738;667;48071;15018;0;26684;1719;1686;1798;0;0;1166;0;0;0;0;0;0;0;0;0;0;0;0;0;0;0;0;0;0;0;0;471;48267;15614;0;22334;2315;3697;2081;0;510;897;0;110;145;134;273;29;108;0;0;0;0;0;20;0;0;0
BY;09478;Lichtenfels;55406;43130;1230;41900;10162;0;26460;1376;1447;1063;0;0;1392;0;0;0;0;0;0;0;0;0;0;0;0;0;0;0;0;0;0;0;0;920;42210;10670;0;23225;1724;3065;1250;0;349;1200;0;96;110;115;255;29;105;0;0;0;0;0;17;0;0;0
BY;09479;Wunsiedel i.Fichtelgebirge;65562;49145;937;48208;19357;0;22259;1538;1675;1885;0;0;1494;0;0;0;0;0;0;0;0;0;0;0;0;0;0;0;0;0;0;0;0;912;48233;16998;0;20093;2484;3626;2213;0;470;1246;0;179;162;141;333;45;225;0;0;0;0;0;18;0;0;0
BY;09561;Ansbach, Stadt;30941;22522;448;22074;8306;0;9603;1928;821;742;0;0;436;0;0;238;0;0;0;0;0;0;0;0;0;0;0;0;0;0;0;0;0;300;22222;7731;0;8586;2105;1825;934;0;243;293;0;75;148;70;151;10;38;0;0;0;0;0;13;0;0;0
BY;09562;Erlangen, Stadt;73870;58263;663;57600;25073;0;24178;3798;2164;1409;0;0;575;0;0;230;0;0;173;0;0;0;0;0;0;0;0;0;0;0;0;0;0;675;57588;19450;0;21201;7553;5635;2138;0;195;478;0;180;183;100;275;66;92;0;0;0;0;0;42;0;0;0
BY;09563;Fürth, Stadt;81228;58878;973;57905;23125;0;24108;3406;2476;3191;0;0;1599;0;0;0;0;0;0;0;0;0;0;0;0;0;0;0;0;0;0;0;0;782;58096;20806;0;21131;5497;4822;3071;0;413;1204;0;238;213;143;365;36;102;0;0;0;0;0;55;0;0;0
BY;09564;Nürnberg, Stadt;338386;254954;3740;251214;99922;0;107524;15359;9659;10329;0;0;4924;0;0;1252;0;0;0;2027;0;0;0;0;218;0;0;0;0;0;0;0;0;3230;251724;87155;0;94931;25437;20732;12819;0;1562;4032;0;1137;883;570;1112;146;929;0;0;0;0;0;279;0;0;0
BY;09565;Schwabach, Stadt;28942;22393;335;22058;7647;0;9903;1930;1091;771;0;0;327;0;0;206;0;0;0;183;0;0;0;0;0;0;0;0;0;0;0;0;0;267;22126;7226;0;9070;1928;2029;954;0;162;270;0;73;147;45;117;5;93;0;0;0;0;0;7;0;0;0
BY;09571;Ansbach;139238;108607;1846;106761;29650;0;59959;5685;4667;2996;0;0;2411;0;0;1393;0;0;0;0;0;0;0;0;0;0;0;0;0;0;0;0;0;1432;107175;29192;0;51718;7805;8551;3862;0;1493;1787;0;321;937;358;768;65;255;0;0;0;0;0;63;0;0;0
BY;09572;Erlangen-Höchstadt;98785;81614;807;80807;29653;0;41434;3405;2749;1704;0;0;1224;0;0;334;0;0;304;0;0;0;0;0;0;0;0;0;0;0;0;0;0;806;80808;24583;0;36169;7170;7549;2436;0;453;1075;0;226;254;156;420;104;187;0;0;0;0;0;26;0;0;0
BY;09573;Fürth;87673;72102;1083;71019;25478;0;33895;4038;3222;2801;0;0;1585;0;0;0;0;0;0;0;0;0;0;0;0;0;0;0;0;0;0;0;0;820;71282;23519;0;29679;5502;6588;2769;0;692;1117;0;260;303;182;443;31;164;0;0;0;0;0;33;0;0;0
BY;09574;Nürnberger Land;127822;104540;1526;103014;35180;0;51845;6168;3851;3283;0;0;1891;0;0;796;0;0;0;0;0;0;0;0;0;0;0;0;0;0;0;0;0;1157;103383;35034;0;43918;8329;8358;3696;0;670;1525;0;272;534;243;499;37;230;0;0;0;0;0;38;0;0;0
BY;09575;Neustadt a.d.Aisch-Bad Windsheim;77060;59879;1064;58815;16411;0;34014;2875;2198;1921;0;0;1396;0;0;0;0;0;0;0;0;0;0;0;0;0;0;0;0;0;0;0;0;816;59063;16219;0;28838;4161;4907;2043;0;512;1053;0;173;268;153;519;37;147;0;0;0;0;0;33;0;0;0
BY;09576;Roth;95472;78697;2101;76596;25097;0;39788;3389;4117;2228;0;0;1336;0;0;641;0;0;0;0;0;0;0;0;0;0;0;0;0;0;0;0;0;1466;77231;22849;0;37865;5030;5896;2637;0;543;1003;0;216;337;201;436;35;145;0;0;0;0;0;38;0;0;0
BY;09577;Weißenburg-Gunzenhausen;72577;56406;898;55508;17373;0;30528;2238;1987;1433;0;0;1366;0;0;583;0;0;0;0;0;0;0;0;0;0;0;0;0;0;0;0;0;696;55710;16852;0;26747;3417;4058;1741;0;746;983;0;124;398;156;325;26;112;0;0;0;0;0;25;0;0;0
BY;09661;Aschaffenburg, Stadt;49859;36395;850;35545;10474;0;16954;4379;1818;1240;0;0;680;0;0;0;0;0;0;0;0;0;0;0;0;0;0;0;0;0;0;0;0;659;35736;10020;0;15428;3398;3849;1493;0;453;448;0;133;55;101;197;37;63;0;0;0;0;0;61;0;0;0
BY;09662;Schweinfurt, Stadt;39663;28274;592;27682;9557;0;12590;1512;957;2488;0;0;578;0;0;0;0;0;0;0;0;0;0;0;0;0;0;0;0;0;0;0;0;576;27698;9101;0;11023;1873;2228;2079;0;624;321;0;92;73;69;104;11;51;0;0;0;0;0;49;0;0;0
BY;09663;Würzburg, Stadt;98365;74987;1029;73958;25169;0;31269;8268;4122;2574;0;1736;322;0;0;498;0;0;0;0;0;0;0;0;0;0;0;0;0;0;0;0;0;809;74178;21134;0;28539;10648;7768;3009;0;1552;301;0;288;220;169;344;41;123;0;0;0;0;0;42;0;0;0
BY;09671;Aschaffenburg;132365;107888;2337;105551;26835;0;57003;11726;5079;2987;0;0;1921;0;0;0;0;0;0;0;0;0;0;0;0;0;0;0;0;0;0;0;0;1928;105960;27763;0;51140;7652;11034;3459;0;1721;1159;0;302;143;312;855;55;274;0;0;0;0;0;91;0;0;0
BY;09672;Bad Kissingen;86077;67838;1233;66605;14348;0;38793;5711;2812;2862;0;0;1559;0;0;520;0;0;0;0;0;0;0;0;0;0;0;0;0;0;0;0;0;959;66879;14156;0;35883;3906;6168;3185;0;1328;980;0;185;273;193;421;29;143;0;0;0;0;0;29;0;0;0
BY;09673;Rhön-Grabfeld;65823;52295;1081;51214;11819;0;31127;2579;2084;2214;0;0;1072;0;0;319;0;0;0;0;0;0;0;0;0;0;0;0;0;0;0;0;0;882;51413;10241;0;28547;2868;4786;2453;0;686;890;0;131;185;168;327;26;87;0;0;0;0;0;18;0;0;0
BY;09674;Haßberge;68682;55157;1124;54033;15718;0;28852;2249;2882;2389;0;0;1607;0;0;336;0;0;0;0;0;0;0;0;0;0;0;0;0;0;0;0;0;901;54256;13257;0;27215;2872;4934;2784;0;687;1375;0;125;145;188;446;31;148;0;0;0;0;0;49;0;0;0
BY;09675;Kitzingen;67878;53534;938;52596;15425;0;29011;2367;2518;2050;0;0;1225;0;0;0;0;0;0;0;0;0;0;0;0;0;0;0;0;0;0;0;0;701;52833;13755;0;25863;3552;4932;2002;0;808;863;0;136;180;168;394;30;131;0;0;0;0;0;19;0;0;0
BY;09676;Miltenberg;95989;76400;1543;74857;21346;0;43073;4418;3036;0;0;1357;873;0;0;287;0;0;0;0;0;0;0;0;0;0;0;0;0;0;0;467;0;1311;75089;20256;0;37701;4820;6819;2196;0;1126;812;0;189;154;232;534;60;151;0;0;0;0;0;39;0;0;0
BY;09677;Main-Spessart;101718;82022;1629;80393;23343;0;45098;4784;3067;0;0;2033;948;0;0;654;0;0;0;0;0;0;0;0;0;0;0;0;0;0;0;466;0;1274;80748;21572;0;40460;5519;6478;2710;0;1592;868;0;247;324;234;476;64;159;0;0;0;0;0;45;0;0;0
BY;09678;Schweinfurt;90704;74622;1449;73173;17955;0;41388;3918;3008;5310;0;0;1594;0;0;0;0;0;0;0;0;0;0;0;0;0;0;0;0;0;0;0;0;1171;73451;17033;0;37095;4827;6160;4097;0;1858;853;0;227;209;263;546;42;181;0;0;0;0;0;60;0;0;0
BY;09679;Würzburg;123722;103422;1597;101825;31550;0;51646;6889;4514;3162;0;2708;613;0;0;743;0;0;0;0;0;0;0;0;0;0;0;0;0;0;0;0;0;1329;102093;28098;0;46880;9053;9170;3812;0;2624;627;0;326;299;258;638;55;225;0;0;0;0;0;28;0;0;0
BY;09761;Augsburg, Stadt;182835;133940;2392;131548;37862;0;63798;15941;6416;4748;0;0;2005;0;0;0;0;0;778;0;0;0;0;0;0;0;0;0;0;0;0;0;0;2153;131787;37559;0;57756;14322;11620;5483;0;1187;1450;0;438;302;320;610;232;401;0;0;0;0;0;107;0;0;0
BY;09762;Kaufbeuren, Stadt;31886;23137;481;22656;4986;0;12763;1521;1603;765;0;0;456;0;0;0;0;0;0;0;0;0;0;0;0;0;0;0;0;0;0;475;87;317;22820;5166;0;11731;1582;2424;856;0;181;322;0;85;59;50;155;21;175;0;0;0;0;0;13;0;0;0
BY;09763;Kempten (Allgäu), Stadt;46442;33450;468;32982;8010;0;18592;2506;2098;1177;0;0;599;0;0;0;0;0;0;0;0;0;0;0;0;0;0;0;0;0;0;0;0;385;33065;8326;0;15667;2590;3587;1249;0;552;362;0;134;83;110;232;30;118;0;0;0;0;0;25;0;0;0
BY;09764;Memmingen, Stadt;29715;22200;718;21482;5309;0;11755;1643;1279;672;0;0;546;0;0;0;0;0;0;0;0;0;0;0;0;0;0;0;0;0;0;250;28;477;21723;5310;0;10671;1674;2207;695;0;208;396;0;87;155;55;179;14;64;0;0;0;0;0;8;0;0;0
BY;09771;Aichach-Friedberg;94771;77237;1382;75855;15618;0;46859;4799;4808;1918;0;0;1340;0;0;0;0;0;0;0;0;0;0;0;0;0;0;0;0;0;0;0;513;963;76274;15062;0;42521;5620;7392;2076;0;1400;770;0;179;178;160;434;53;398;0;0;0;0;0;31;0;0;0
BY;09772;Augsburg;179571;143657;2180;141477;31914;0;83817;10472;7819;3961;0;0;2642;0;0;0;0;0;99;0;0;0;0;0;0;0;0;0;0;0;0;0;753;1554;142103;32287;0;73955;10315;14766;4394;0;1466;1903;0;511;324;399;911;117;683;0;0;0;0;0;72;0;0;0
BY;09773;Dillingen a.d.Donau;71585;55211;896;54315;11921;0;31852;2686;4704;1755;0;0;1397;0;0;0;0;0;0;0;0;0;0;0;0;0;0;0;0;0;0;0;0;643;54568;11641;0;30176;2716;5281;1634;0;1199;898;0;155;110;157;350;23;211;0;0;0;0;0;17;0;0;0
BY;09774;Günzburg;89033;67187;1121;66066;14128;0;39504;3711;5048;2051;0;0;1624;0;0;0;0;0;0;0;0;0;0;0;0;0;0;0;0;0;0;0;0;720;66467;14144;0;36911;3400;6264;2114;0;1010;1158;0;231;207;222;450;50;280;0;0;0;0;0;26;0;0;0
BY;09775;Neu-Ulm;118377;91930;1625;90305;26630;0;46752;7144;4668;2892;0;0;2219;0;0;0;0;0;0;0;0;0;0;0;0;0;0;0;0;0;0;0;0;1297;90633;24680;0;41905;6957;9731;3087;0;654;1717;0;326;278;274;620;73;244;0;0;0;0;0;87;0;0;0
BY;09776;Lindau (Bodensee);57087;44777;588;44189;10628;0;25252;4165;2242;1414;0;0;488;0;0;0;0;0;0;0;0;0;0;0;0;0;0;0;0;0;0;0;0;439;44338;10521;0;21460;4246;4935;1532;0;262;335;0;178;153;115;387;30;160;0;0;0;0;0;24;0;0;0
BY;09777;Ostallgäu;100813;80250;1598;78652;14135;0;48580;5434;5856;2030;0;0;1279;0;0;0;0;0;0;0;0;0;0;0;0;0;0;0;0;0;0;1064;274;839;79411;14010;0;45864;5398;8403;2000;0;603;923;0;214;196;185;579;37;975;0;0;0;0;0;24;0;0;0
BY;09778;Unterallgäu;102593;80792;2082;78710;12820;0;51485;4621;4999;2098;0;0;1836;0;0;0;0;0;0;0;0;0;0;0;0;0;0;0;0;0;0;742;109;1236;79556;12805;0;48041;4588;7744;2113;0;803;1352;0;227;397;226;690;87;440;0;0;0;0;0;43;0;0;0
BY;09779;Donau-Ries;98600;78212;1425;76787;18557;0;46654;4877;3462;1788;0;0;1449;0;0;0;0;0;0;0;0;0;0;0;0;0;0;0;0;0;0;0;0;896;77316;18394;0;44030;4014;5641;1962;0;729;985;0;204;166;240;525;49;332;0;0;0;0;0;45;0;0;0
BY;09780;Oberallgäu;113629;91416;1184;90232;15711;0;59186;7491;4603;2116;0;0;1125;0;0;0;0;0;0;0;0;0;0;0;0;0;0;0;0;0;0;0;0;889;90527;16316;0;51748;6876;9622;2249;0;933;707;0;297;241;238;806;43;427;0;0;0;0;0;24;0;0;0
SL;10041;Stadtverband Saarbrücken;260245;201294;4427;196867;68128;59655;0;6600;6508;48292;0;0;3233;0;0;0;0;4195;0;0;0;0;0;0;223;0;0;0;0;0;0;0;33;4334;196960;64545;53068;0;14399;15206;40711;0;0;3621;0;1622;0;0;3520;0;0;0;0;0;0;0;268;0;0;0
SL;10042;Merzig-Wadern;83353;66867;2010;64857;25561;24680;0;2205;2218;7795;0;0;1014;0;0;0;0;1384;0;0;0;0;0;0;0;0;0;0;0;0;0;0;0;1917;64950;21411;22108;0;3512;4991;10265;0;0;1039;0;381;0;0;1189;0;0;0;0;0;0;0;54;0;0;0
SL;10043;Neunkirchen;114678;90452;2587;87865;37191;26837;0;2228;2803;14610;0;0;1699;0;0;0;0;2447;0;0;0;0;0;0;0;0;0;0;0;0;0;0;50;2411;88041;32461;24369;0;4314;5534;17071;0;0;1708;0;640;0;0;1880;0;0;0;0;0;0;0;64;0;0;0
SL;10044;Saarlouis;162766;130215;3541;126674;50464;44167;0;3336;5520;18385;0;0;2178;0;0;0;0;2624;0;0;0;0;0;0;0;0;0;0;0;0;0;0;0;3407;126808;41538;39559;0;6572;9882;23853;0;0;2250;0;769;0;0;2224;0;0;0;0;0;0;0;161;0;0;0
SL;10045;Saarpfalz-Kreis;120928;97420;2583;94837;36752;33373;0;2894;3398;12773;0;0;1827;0;0;0;0;3677;0;0;0;0;0;0;0;0;0;0;0;0;0;0;143;2489;94931;30871;29256;0;5906;7817;15649;0;0;1887;0;600;0;0;2853;0;0;0;0;0;0;0;92;0;0;0
SL;10046;St. Wendel;76508;63841;2192;61649;22343;25777;0;1713;1581;7654;0;0;969;0;0;0;0;1612;0;0;0;0;0;0;0;0;0;0;0;0;0;0;0;2013;61828;20375;22707;0;2786;3758;9540;0;0;954;0;325;0;0;1336;0;0;0;0;0;0;0;47;0;0;0
BE;11000;Berlin, Stadt;2438902;1887397;36129;1851268;681591;483014;0;229849;70471;321714;0;4362;33508;0;0;0;1327;0;10320;0;0;0;0;1992;296;3838;0;0;754;0;0;2844;5388;30761;1856636;637674;408715;0;254546;152157;303630;0;9947;29070;0;35119;0;8620;0;3494;0;0;0;0;2914;0;1254;7873;1623;0
BB;12051;Brandenburg an der Havel, Stadt;63725;43575;986;42589;18316;8818;0;1323;1642;11337;0;0;1153;0;0;0;0;0;0;0;0;0;0;0;0;0;0;0;0;0;0;0;0;880;42695;16946;8020;0;1903;2234;11700;0;0;1112;0;446;0;0;0;0;0;0;0;0;0;210;124;0;0;0
BB;12052;Cottbus, Stadt;87624;63049;781;62268;25132;11680;0;2122;3489;17032;0;0;1644;0;0;0;0;0;0;0;0;0;0;0;0;0;0;0;0;0;0;0;1169;592;62457;24529;10919;0;3287;3942;17113;0;0;1621;0;537;0;0;0;0;0;0;0;0;0;331;178;0;0;0
BB;12053;Frankfurt (Oder), Stadt;52865;38472;713;37759;12811;7051;0;1180;1379;14182;0;0;949;0;0;0;0;0;0;0;0;0;0;0;0;0;0;0;0;0;0;0;207;655;37817;13806;6551;0;1792;2016;11874;0;0;922;0;441;0;0;0;0;0;0;0;0;0;302;113;0;0;0
BB;12054;Potsdam, Stadt;119241;93969;1367;92602;37650;15846;0;4715;2703;28760;0;0;1470;0;0;0;0;1458;0;0;0;0;0;0;0;0;0;0;0;0;0;0;0;1252;92717;35518;14216;0;8884;5831;25243;0;0;1480;0;818;0;0;0;0;0;0;0;0;0;536;191;0;0;0
BB;12060;Barnim;147549;111039;1972;109067;40366;22003;0;3003;3838;35039;116;0;3381;0;0;0;0;0;0;0;0;0;0;0;0;0;0;0;0;0;0;0;1321;1839;109200;38498;20053;0;5702;6854;32459;0;0;3395;0;1270;0;0;0;0;0;0;0;0;0;775;194;0;0;0
BB;12061;Dahme-Spreewald;134371;103929;2127;101802;42625;24461;0;3079;4217;24025;0;0;3395;0;0;0;0;0;0;0;0;0;0;0;0;0;0;0;0;0;0;0;0;1814;102115;36986;22097;0;5030;7031;25951;0;0;3278;0;902;0;0;0;0;0;0;0;0;0;647;193;0;0;0
BB;12062;Elbe-Elster;103994;78643;1693;76950;26351;20856;0;1992;4872;19010;0;0;3869;0;0;0;0;0;0;0;0;0;0;0;0;0;0;0;0;0;0;0;0;1605;77038;24124;19460;0;2420;5737;20306;0;0;3668;0;558;0;0;0;0;0;0;0;0;0;567;198;0;0;0
BB;12063;Havelland;125835;94726;1819;92907;37324;25327;0;700;3837;21643;0;0;2689;0;0;0;0;1387;0;0;0;0;0;0;0;0;0;0;0;0;0;0;0;1695;93031;32788;20895;0;5542;7556;21710;0;0;2713;0;1038;0;0;0;0;0;0;0;0;0;612;177;0;0;0
BB;12064;Märkisch-Oderland;160013;120445;2191;118254;42378;24439;0;2918;4807;38536;328;0;3993;0;0;0;0;0;0;0;0;0;0;0;0;0;0;0;0;0;0;0;855;2076;118369;41337;22202;0;5219;7753;35558;0;0;4044;0;1230;0;0;0;0;0;0;0;0;0;777;249;0;0;0
BB;12065;Oberhavel;164628;125686;2318;123368;51527;30688;0;0;5275;28941;0;0;4204;0;0;0;0;2733;0;0;0;0;0;0;0;0;0;0;0;0;0;0;0;2011;123675;45105;26257;0;7675;9387;28474;0;0;4223;0;1369;0;0;0;0;0;0;0;0;0;963;222;0;0;0
BB;12066;Oberspreewald-Lausitz;112038;82249;1702;80547;29559;19593;0;1941;3774;21503;0;0;4177;0;0;0;0;0;0;0;0;0;0;0;0;0;0;0;0;0;0;0;0;1534;80715;26771;17882;0;2709;5405;22679;0;0;3854;0;573;0;0;0;0;0;0;0;0;0;623;219;0;0;0
BB;12067;Oder-Spree;159230;120554;2244;118310;42524;24892;0;3152;4877;37713;0;0;4730;0;0;0;0;0;0;0;0;0;0;0;0;0;0;0;0;0;0;0;422;2112;118442;41395;23075;0;5286;7901;33593;0;0;4680;0;1245;0;0;0;0;0;0;0;0;0;880;387;0;0;0
BB;12068;Ostprignitz-Ruppin;90590;63583;1204;62379;23383;13646;0;5386;2674;15572;0;0;1718;0;0;0;0;0;0;0;0;0;0;0;0;0;0;0;0;0;0;0;0;1201;62382;23217;12972;0;3308;3930;16426;0;0;1708;0;398;0;0;0;0;0;0;0;0;0;313;110;0;0;0
BB;12069;Potsdam-Mittelmark;166077;130192;2270;127922;52575;32572;0;5072;5448;28290;0;0;3107;0;0;0;0;858;0;0;0;0;0;0;0;0;0;0;0;0;0;0;0;2146;128046;46874;28184;0;8850;10790;28023;0;0;3106;0;1210;0;0;0;0;0;0;0;0;0;757;252;0;0;0
BB;12070;Prignitz;75316;55357;958;54399;21527;13695;0;1249;2441;13902;0;0;1585;0;0;0;0;0;0;0;0;0;0;0;0;0;0;0;0;0;0;0;0;887;54470;19657;12694;0;1913;3412;14645;0;0;1484;0;327;0;0;0;0;0;0;0;0;0;241;97;0;0;0
BB;12071;Spree-Neiße;115599;86032;1872;84160;29978;20467;0;1989;4639;22845;0;0;3472;0;0;0;0;0;0;0;0;0;0;0;0;0;0;0;0;0;0;0;770;1739;84293;28170;18315;0;3015;6251;23297;0;0;3428;0;991;0;0;0;0;0;0;0;0;0;600;226;0;0;0
BB;12072;Teltow-Fläming;133880;100863;2151;98712;42563;22984;0;2898;4159;22495;0;0;2850;0;0;0;0;763;0;0;0;0;0;0;0;0;0;0;0;0;0;0;0;1912;98951;36842;20801;0;5040;7495;24060;0;0;2749;0;1045;0;0;0;0;0;0;0;0;0;701;218;0;0;0
BB;12073;Uckermark;115777;82620;1645;80975;31455;19736;0;1843;2652;22286;0;0;3003;0;0;0;0;0;0;0;0;0;0;0;0;0;0;0;0;0;0;0;0;1419;81201;29126;17807;0;2678;4211;23248;0;0;2815;0;449;0;0;0;0;0;0;0;0;0;701;166;0;0;0
MV;13001;Greifswald;43292;30277;570;29707;9241;9610;0;1503;1741;6801;0;0;811;0;0;0;0;0;0;0;0;0;0;0;0;0;0;0;0;0;0;0;0;522;29755;8559;9037;0;1835;2145;6989;0;0;709;0;283;75;0;0;0;0;0;0;0;0;0;123;0;0;0
MV;13002;Neubrandenburg;57475;41739;790;40949;13952;10471;0;1172;1571;12600;0;0;1183;0;0;0;0;0;0;0;0;0;0;0;0;0;0;0;0;0;0;0;0;726;41013;13735;9781;0;1548;2306;12036;0;0;1097;0;257;119;0;0;0;0;0;0;0;0;0;134;0;0;0
MV;13003;Rostock;165436;118417;2132;116285;44633;28168;0;11915;4311;26257;0;0;0;0;0;0;0;0;0;0;0;0;0;0;1001;0;0;0;0;0;0;0;0;1628;116789;46571;25110;0;6759;6109;28220;0;0;2230;0;1046;251;0;0;0;0;0;0;0;0;0;493;0;0;0
MV;13004;Schwerin;78805;56568;1041;55527;23803;13080;0;1984;2152;12881;0;0;1306;0;0;0;0;0;0;0;0;0;0;0;0;0;0;0;0;0;0;0;321;888;55680;21457;12611;0;3404;3210;12949;0;0;1260;0;483;124;0;0;0;0;0;0;0;0;0;182;0;0;0
MV;13005;Stralsund;49381;34746;714;34032;9148;13171;0;652;890;7726;0;0;1304;0;0;0;0;0;0;0;0;0;0;0;0;0;0;0;0;0;0;0;1141;749;33997;9434;10788;0;1327;2565;7926;0;0;1391;0;282;109;0;0;0;0;0;0;0;0;0;175;0;0;0
MV;13006;Wismar;36674;25648;480;25168;11202;5449;0;772;1940;5018;0;0;787;0;0;0;0;0;0;0;0;0;0;0;0;0;0;0;0;0;0;0;0;456;25192;10544;5766;0;1274;1486;5116;0;0;709;0;167;47;0;0;0;0;0;0;0;0;0;83;0;0;0
MV;13051;Bad Doberan;98942;74340;1375;72965;25805;23377;0;2726;3236;15579;0;0;1598;0;0;151;0;0;0;0;0;0;0;0;178;0;0;0;0;0;0;0;315;1143;73197;24939;21940;0;2975;4639;15794;0;0;2080;0;446;184;0;0;0;0;0;0;0;0;0;200;0;0;0
MV;13052;Demmin;72691;50311;1184;49127;11578;18842;0;934;2277;13478;0;0;2018;0;0;0;0;0;0;0;0;0;0;0;0;0;0;0;0;0;0;0;0;1154;49157;11721;18165;0;1226;3066;12464;0;0;1983;0;269;152;0;0;0;0;0;0;0;0;0;111;0;0;0
MV;13053;Güstrow;88095;61426;1401;60025;19212;19847;0;1421;2225;14124;0;0;2244;0;0;424;0;0;0;0;0;0;0;0;0;0;0;0;0;0;0;0;528;1311;60115;17930;18893;0;2183;3718;14405;0;0;2176;0;326;351;0;0;0;0;0;0;0;0;0;133;0;0;0
MV;13054;Ludwigslust;106287;78174;1555;76619;30377;22280;0;1482;3006;15286;0;0;3203;0;0;0;0;0;0;0;0;0;0;0;0;0;0;0;0;0;0;0;985;1444;76730;27867;21453;0;2698;4571;16029;0;0;3171;0;483;282;0;0;0;0;0;0;0;0;0;176;0;0;0
MV;13055;Mecklenburg-Strelitz;70195;51128;1061;50067;15327;16027;0;1463;2861;12280;0;0;2109;0;0;0;0;0;0;0;0;0;0;0;0;0;0;0;0;0;0;0;0;1016;50112;14845;15215;0;1686;3100;12634;0;0;2069;0;330;138;0;0;0;0;0;0;0;0;0;95;0;0;0
MV;13056;Müritz;56667;40111;922;39189;12809;12314;0;1107;1704;9442;0;0;1419;0;0;165;0;0;0;0;0;0;0;0;0;0;0;0;0;0;0;0;229;850;39261;12118;11771;0;1555;2440;9460;0;0;1353;0;222;185;0;0;0;0;0;0;0;0;0;157;0;0;0
MV;13057;Nordvorpommern;94201;66128;1494;64634;16860;26889;0;1121;1963;15217;0;0;2165;0;0;0;0;0;0;0;0;0;0;0;0;0;0;0;0;0;0;0;419;1487;64641;16863;23041;0;1836;4414;15423;0;0;2276;0;451;166;0;0;0;0;0;0;0;0;0;171;0;0;0
MV;13058;Nordwestmecklenburg;97711;69527;1253;68274;25868;20196;0;1955;3338;14669;0;0;2248;0;0;0;0;0;0;0;0;0;0;0;0;0;0;0;0;0;0;0;0;1199;68328;24213;19526;0;2955;4109;14729;0;0;2132;0;344;165;0;0;0;0;0;0;0;0;0;155;0;0;0
MV;13059;Ostvorpommern;92627;65040;1357;63683;15489;24548;0;1418;3928;14264;0;0;4036;0;0;0;0;0;0;0;0;0;0;0;0;0;0;0;0;0;0;0;0;1303;63737;15139;23673;0;1657;4291;14410;0;0;3767;0;443;190;0;0;0;0;0;0;0;0;0;167;0;0;0
MV;13060;Parchim;85402;61383;1256;60127;20928;19011;0;1595;2721;13822;0;0;2050;0;0;0;0;0;0;0;0;0;0;0;0;0;0;0;0;0;0;0;0;1114;60269;19344;17905;0;2217;4015;14061;0;0;1988;0;382;191;0;0;0;0;0;0;0;0;0;166;0;0;0
MV;13061;Rügen;60107;40482;848;39634;9020;17071;0;961;1225;9907;0;0;1318;0;0;0;0;0;0;0;0;0;0;0;0;0;0;0;0;0;0;0;132;923;39559;9181;13954;0;1241;3372;9945;0;0;1366;0;283;109;0;0;0;0;0;0;0;0;0;108;0;0;0
MV;13062;Uecker-Randow;64802;45442;1273;44169;10878;15818;0;723;1751;11854;0;0;3145;0;0;0;0;0;0;0;0;0;0;0;0;0;0;0;0;0;0;0;0;1255;44187;10370;14687;0;1003;2493;12112;0;0;2990;0;269;143;0;0;0;0;0;0;0;0;0;120;0;0;0
SN;14161;Chemnitz, Stadt;207889;158095;2439;155656;44240;43711;0;5882;10781;41369;0;3093;4582;0;0;0;0;0;1998;0;0;0;0;0;0;0;0;0;0;0;0;0;0;2238;155857;41587;37904;0;8574;15284;41092;0;2641;5018;0;0;858;0;0;1063;0;0;0;1361;0;0;224;0;251;0
SN;14166;Plauen, Stadt;58265;43497;759;42738;11447;13570;0;1471;2888;10946;0;0;2020;0;0;396;0;0;0;0;0;0;0;0;0;0;0;0;0;0;0;0;0;749;42748;11922;11125;0;1922;4406;10286;0;240;1979;0;0;278;0;0;112;0;0;0;308;0;0;68;0;102;0
SN;14167;Zwickau, Stadt;84047;61127;1126;60001;16253;18735;0;1678;3201;16808;0;478;1830;0;0;470;0;0;548;0;0;0;0;0;0;0;0;0;0;0;0;0;0;1089;60038;16562;15874;0;2266;5353;16339;0;480;1891;0;0;471;0;0;312;0;0;0;309;0;0;82;0;99;0
SN;14171;Annaberg;70633;54218;1148;53070;9229;23993;0;1023;3052;10495;0;0;3578;0;0;1138;0;0;562;0;0;0;0;0;0;0;0;0;0;0;0;0;0;1198;53020;10177;19115;0;1353;5356;11253;0;240;3484;0;0;1089;0;0;347;0;0;0;383;0;0;54;0;169;0
SN;14173;Chemnitzer Land;114099;86518;1757;84761;22259;30960;0;2031;5261;19574;0;536;4140;0;0;0;0;0;0;0;0;0;0;0;0;0;0;0;0;0;0;0;0;1521;84997;21601;25838;0;3175;8264;19777;0;501;3903;0;0;756;0;0;223;0;0;0;682;0;0;102;0;175;0
SN;14177;Freiberg;121188;93810;1776;92034;18908;36647;0;2231;8795;18037;0;0;5352;0;0;0;0;0;612;0;0;0;0;0;0;0;0;0;0;523;0;929;0;1726;92084;19388;31109;0;3200;10380;19837;0;407;5287;0;0;483;0;0;578;0;0;0;1028;0;0;104;0;283;0
SN;14178;Vogtlandkreis;163465;122806;2139;120667;29753;45418;0;4213;7797;25516;0;0;5788;0;0;2182;0;0;0;0;0;0;0;0;0;0;0;0;0;0;0;0;0;2084;120722;29178;37970;0;4300;12382;27307;0;742;5578;0;0;1823;0;0;237;0;0;0;791;0;0;151;0;263;0
SN;14181;Mittlerer Erzgebirgskreis;75738;58882;1422;57460;9712;20867;0;1063;10831;10279;0;0;3772;0;0;0;0;0;235;0;0;0;0;0;0;0;0;0;0;116;0;585;0;1361;57521;10811;19464;0;1603;7787;11989;0;280;3781;0;0;869;0;0;228;0;0;0;467;0;0;78;0;164;0
SN;14182;Mittweida;110519;85012;1736;83276;19320;32576;0;1863;5698;17840;0;0;4944;0;0;0;0;0;1035;0;0;0;0;0;0;0;0;0;0;0;0;0;0;1677;83335;19056;26711;0;2658;8595;19222;0;482;4664;0;0;518;0;0;558;0;0;0;532;0;0;86;0;253;0
SN;14188;Stollberg;75924;59145;1192;57953;13418;22612;0;1263;3084;13417;0;1201;2958;0;0;0;0;0;0;0;0;0;0;0;0;0;0;0;0;0;0;0;0;1064;58081;13273;18998;0;1827;5432;13335;0;946;2886;0;0;588;0;0;139;0;0;0;485;0;0;63;0;109;0
SN;14191;Aue-Schwarzenberg;111815;85268;1612;83656;17969;29918;0;1713;5563;20016;0;0;5419;0;0;2155;0;0;903;0;0;0;0;0;0;0;0;0;0;0;0;0;0;1584;83684;18342;26392;0;2227;7554;20592;0;410;5162;0;0;1794;0;0;490;0;0;0;456;0;0;90;0;175;0
SN;14193;Zwickauer Land;109173;83462;1622;81840;19475;30329;0;1798;4696;20192;0;592;2919;0;0;1093;0;0;746;0;0;0;0;0;0;0;0;0;0;0;0;0;0;1607;81855;19774;25763;0;2573;7833;19898;0;583;3161;0;0;1139;0;0;432;0;0;0;465;0;0;90;0;144;0
SN;14262;Dresden, Stadt;398043;296384;3935;292449;85230;103671;0;17671;17377;55883;0;0;9169;0;0;0;0;0;2418;0;0;0;0;0;524;0;0;506;0;0;0;0;0;3819;292565;77661;76477;0;25037;40631;57593;0;525;9073;0;0;904;0;0;1592;0;0;0;2065;0;0;505;0;502;0
SN;14263;Görlitz, Stadt;47700;34197;711;33486;7447;12263;0;1738;2186;7479;0;0;1797;0;0;0;0;0;576;0;0;0;0;0;0;0;0;0;0;0;0;0;0;647;33550;8459;10130;0;1466;2929;7915;0;98;1643;0;0;103;0;0;309;0;0;0;389;0;0;39;0;70;0
SN;14264;Hoyerswerda, Stadt;36718;26655;484;26171;8024;6048;0;507;1860;8118;0;0;1316;0;0;0;0;0;298;0;0;0;0;0;0;0;0;0;0;0;0;0;0;489;26166;7622;5614;0;808;1909;8204;0;86;1272;0;0;60;0;0;169;0;0;0;211;0;0;125;0;86;0
SN;14272;Bautzen;126442;96886;2378;94508;16898;38198;0;2940;8863;20915;0;0;6694;0;0;0;0;0;0;0;0;0;0;0;0;0;0;0;0;0;0;0;0;2119;94767;17970;33524;0;3173;9845;21314;0;451;5976;0;0;608;0;0;316;0;0;0;1117;0;0;155;0;318;0
SN;14280;Meißen;125339;97353;1722;95631;20374;37530;0;4332;7325;18581;0;0;5613;0;0;0;0;0;1359;0;0;0;0;0;120;0;0;397;0;0;0;0;0;1763;95590;20578;32073;0;5068;10843;19283;0;240;5348;0;0;304;0;0;757;0;0;0;706;0;0;161;0;229;0
SN;14284;Niederschles. Oberlausitzkreis;81276;60977;1380;59597;12010;20811;0;1695;4005;16463;0;0;4180;0;0;0;0;0;433;0;0;0;0;0;0;0;0;0;0;0;0;0;0;1354;59623;13144;18010;0;1914;5266;15614;0;227;3862;0;0;342;0;0;315;0;0;0;669;0;0;79;0;181;0
SN;14285;Riesa-Großenhain;96632;72997;1679;71318;16545;25310;0;2337;4304;16276;0;0;5586;0;0;0;0;0;831;0;0;0;0;0;0;0;0;0;0;0;0;0;129;1645;71352;16224;21319;0;2462;6973;17069;0;234;5409;0;0;228;0;0;471;0;0;0;673;0;0;105;0;185;0
SN;14286;Löbau-Zittau;121062;90422;2173;88249;15187;34856;0;3504;5929;20896;0;0;6171;0;0;0;0;0;1706;0;0;0;0;0;0;0;0;0;0;0;0;0;0;2028;88394;16485;30020;0;3324;8480;21052;0;351;5433;0;0;597;0;0;938;0;0;0;1276;0;0;131;0;307;0
SN;14287;Sächsische Schweiz;117949;90666;1782;88884;16809;35560;0;2741;6092;18398;0;0;8062;0;0;0;0;0;1222;0;0;0;0;0;0;0;0;0;0;0;0;0;0;1723;88943;17586;30467;0;3649;9344;18090;0;198;7184;0;0;274;0;0;750;0;0;0;1028;0;0;120;0;253;0
SN;14290;Weißeritzkreis;101820;79809;1565;78244;16363;32866;0;3057;5950;14253;0;0;4904;0;0;0;0;0;851;0;0;0;0;0;0;0;0;0;0;0;0;0;0;1517;78292;16028;28287;0;3297;8840;14975;0;389;4647;0;0;285;0;0;505;0;0;0;720;0;0;110;0;209;0
SN;14292;Kamenz;125206;97777;1959;95818;22021;35500;0;2919;7174;21098;0;0;5931;0;0;0;0;0;1175;0;0;0;0;0;0;0;0;0;0;0;0;0;0;1843;95934;20512;30793;0;3426;10223;22258;0;428;5815;0;0;507;0;0;614;0;0;0;890;0;0;161;0;307;0
SN;14365;Leipzig, Stadt;399808;298178;4129;294049;100446;80573;0;16445;14641;68100;0;0;7796;0;0;0;0;0;2015;0;0;0;0;1026;0;0;0;752;0;0;0;0;2255;3849;294329;94965;72100;0;24471;23113;66267;0;659;7539;0;0;710;0;0;1484;0;0;0;1859;0;0;410;0;752;0
SN;14374;Delitzsch;102452;76202;1448;74754;20965;26757;0;1615;4024;17555;0;0;2917;0;0;0;0;0;574;0;0;0;0;0;0;0;0;0;0;0;0;0;347;1459;74743;19742;22843;0;2697;6832;18285;0;276;2850;0;0;129;0;0;344;0;0;0;482;0;0;96;0;167;0
SN;14375;Döbeln;61737;46124;982;45142;9849;17121;0;1029;2944;11205;0;0;2549;0;0;0;0;0;445;0;0;0;0;0;0;0;0;0;0;0;0;0;0;969;45155;10190;14599;0;1372;4517;11035;0;188;2483;0;0;96;0;0;201;0;0;0;284;0;0;58;0;132;0
SN;14379;Leipziger Land;124696;94759;1706;93053;28615;32076;0;2084;5082;20149;0;0;3677;0;0;0;0;0;716;0;0;0;0;0;0;0;0;0;0;0;0;0;654;1683;93076;25503;28378;0;3747;8363;21413;0;316;3587;0;0;259;0;0;468;0;0;0;691;0;0;109;0;242;0
SN;14383;Muldentalkreis;110595;83963;1517;82446;23347;29102;0;1941;4628;17701;0;0;4289;0;0;0;0;0;650;0;0;0;0;0;0;0;0;0;0;0;0;0;788;1477;82486;21031;25802;0;3368;7797;18400;0;245;4094;0;0;335;0;0;393;0;0;0;636;0;0;108;0;277;0
SN;14389;Torgau-Oschatz;81127;60343;1207;59136;14596;22728;0;1343;2858;13167;0;0;3765;0;0;0;0;0;509;0;0;0;0;0;0;0;0;0;0;0;0;0;170;1186;59157;14436;18617;0;1893;5092;14130;0;249;3692;0;0;142;0;0;296;0;0;0;387;0;0;78;0;145;0
ST;15101;Dessau, Stadt;67404;48790;855;47935;17417;12420;0;1885;2472;12063;164;0;939;0;0;0;0;0;0;0;0;0;0;0;317;0;0;0;0;0;0;0;258;808;47982;16088;10439;0;2760;4321;12757;114;155;901;0;0;0;0;0;0;0;0;0;0;0;0;255;0;0;192
ST;15151;Anhalt-Zerbst;58848;41875;847;41028;14112;11800;0;1807;2040;9644;447;0;1178;0;0;0;0;0;0;0;0;0;0;0;0;0;0;0;0;0;0;0;0;720;41155;12942;10855;0;1714;3304;10621;283;172;994;0;0;0;0;0;0;0;0;0;0;0;0;109;0;0;161
ST;15153;Bernburg;56042;38899;869;38030;14103;10419;0;762;2147;9045;61;0;1037;0;0;0;0;0;0;0;0;0;0;0;171;0;0;0;0;0;0;0;285;836;38063;12143;9335;0;1244;3607;10257;62;150;942;0;0;0;0;0;0;0;0;0;0;0;0;165;0;0;158
ST;15154;Bitterfeld;85068;60499;1406;59093;22320;16650;0;1110;3038;12855;200;0;1931;0;0;0;0;0;0;0;0;0;0;0;508;0;0;0;0;0;0;0;481;1354;59145;19205;14954;0;1846;5331;15035;173;217;1728;0;0;0;0;0;0;0;0;0;0;0;0;400;0;0;256
ST;15159;Köthen;55302;39119;1028;38091;12746;10449;0;636;1831;10129;101;0;1104;0;0;0;0;0;0;0;0;0;0;0;199;0;0;0;0;0;0;0;896;991;38128;11783;9077;0;1174;3482;10879;73;261;1036;0;0;0;0;0;0;0;0;0;0;0;0;186;0;0;177
ST;15171;Wittenberg;104038;75538;1501;74037;23560;25764;0;1484;2992;16469;982;0;1950;0;0;0;0;0;0;0;0;0;0;0;350;0;0;0;0;0;0;0;486;1481;74057;22790;20881;0;2652;6339;18058;491;280;1924;0;0;0;0;0;0;0;0;0;0;0;0;338;0;0;304
ST;15202;Halle (Saale), Stadt;196249;139806;2660;137146;49308;33968;0;4822;6784;37607;0;0;2376;0;0;0;0;0;0;0;0;0;0;0;1049;0;0;0;0;0;0;0;1232;2505;137301;46132;27974;0;9902;12328;36746;144;304;2295;0;0;0;0;0;0;0;0;0;0;0;0;848;0;0;628
ST;15256;Burgenlandkreis;114432;80054;2290;77764;23311;23084;0;1690;4915;20203;0;0;4286;0;0;275;0;0;0;0;0;0;0;0;0;0;0;0;0;0;0;0;0;2391;77663;22233;20576;0;2659;7072;20378;87;290;3848;0;0;0;0;0;0;0;0;0;0;0;0;192;0;0;328
ST;15260;Mansfelder Land;86489;59869;1526;58343;19093;16097;0;974;2740;16969;516;0;1954;0;0;0;0;0;0;0;0;0;0;0;0;0;0;0;0;0;0;0;0;1382;58487;18222;14196;0;1506;4701;17257;199;176;1828;0;0;0;0;0;0;0;0;0;0;0;0;222;0;0;180
ST;15261;Merseburg-Querfurt;111341;78338;1674;76664;25681;21658;0;1757;4091;20580;223;0;2602;0;0;72;0;0;0;0;0;0;0;0;0;0;0;0;0;0;0;0;0;1503;76835;23801;18893;0;2589;6983;21141;136;232;2473;0;0;0;0;0;0;0;0;0;0;0;0;299;0;0;288
ST;15265;Saalkreis;64481;48091;1233;46858;15524;14220;0;1187;3825;10107;90;0;1205;0;0;0;0;0;0;0;0;0;0;0;230;0;0;0;0;0;0;0;470;1232;46859;13909;12175;0;1771;5545;11630;101;155;1169;0;0;0;0;0;0;0;0;0;0;0;0;183;0;0;221
ST;15266;Sangerhausen;54375;39094;879;38215;12338;11171;0;763;2163;10181;171;0;1428;0;0;0;0;0;0;0;0;0;0;0;0;0;0;0;0;0;0;0;0;770;38324;11757;9485;0;1203;3499;10587;74;132;1339;0;0;0;0;0;0;0;0;0;0;0;0;104;0;0;144
ST;15268;Weißenfels;63008;44132;1038;43094;14142;12732;0;899;2017;11436;0;0;1733;0;0;135;0;0;0;0;0;0;0;0;0;0;0;0;0;0;0;0;0;985;43147;12778;11201;0;1299;3736;11988;43;203;1571;0;0;0;0;0;0;0;0;0;0;0;0;171;0;0;157
ST;15303;Magdeburg, Landeshauptstadt;192472;136937;3046;133891;54634;31225;0;4867;4954;35005;0;0;2333;0;0;0;0;0;0;0;0;0;0;0;873;0;0;0;0;0;0;0;0;2795;134142;50074;27803;0;8147;8550;35814;140;285;2224;0;0;0;0;0;0;0;0;0;0;0;0;606;0;0;499
ST;15352;Aschersleben-Staßfurt;81143;54718;1296;53422;19300;14021;0;809;2666;14429;215;0;1704;0;0;0;0;0;0;0;0;0;0;0;0;0;0;0;0;0;0;0;278;1084;53634;17598;12646;0;1575;4049;15333;151;367;1569;0;0;0;0;0;0;0;0;0;0;0;0;145;0;0;201
ST;15355;Bördekreis;63863;44668;1154;43514;15814;11432;0;766;3400;10420;124;0;1172;0;0;0;0;0;0;0;0;0;0;0;0;0;0;0;0;0;0;0;386;1074;43594;15040;11202;0;1251;3453;11077;78;136;1085;0;0;0;0;0;0;0;0;0;0;0;0;100;0;0;172
ST;15357;Halberstadt;64219;44531;1093;43438;13821;12455;0;1398;1900;12777;0;0;1087;0;0;0;0;0;0;0;0;0;0;0;0;0;0;0;0;0;0;0;0;928;43603;14327;11691;0;1566;2942;11670;40;122;973;0;0;0;0;0;0;0;0;0;0;0;0;100;0;0;172
ST;15358;Jerichower Land;82248;59057;1569;57488;21726;16400;0;1470;2251;13724;253;0;1664;0;0;0;0;0;0;0;0;0;0;0;0;0;0;0;0;0;0;0;0;1408;57649;19638;15382;0;2107;4079;14561;186;153;1246;0;0;0;0;0;0;0;0;0;0;0;0;105;0;0;192
ST;15362;Ohrekreis;95907;68192;1561;66631;25893;19131;0;1632;3240;14550;415;0;1770;0;0;0;0;0;0;0;0;0;0;0;0;0;0;0;0;0;0;0;0;1335;66857;22594;18193;0;2252;4946;16439;268;178;1541;0;0;0;0;0;0;0;0;0;0;0;0;197;0;0;249
ST;15363;Stendal;108664;77477;1682;75795;25954;21616;0;1740;2719;21709;372;0;1685;0;0;0;0;0;0;0;0;0;0;0;0;0;0;0;0;0;0;0;0;1466;76011;25343;19417;0;2630;4815;21391;167;177;1574;0;0;0;0;0;0;0;0;0;0;0;0;202;0;0;295
ST;15364;Quedlinburg;62833;44329;1186;43143;14373;11541;0;2354;2452;10975;0;0;1448;0;0;0;0;0;0;0;0;0;0;0;0;0;0;0;0;0;0;0;0;955;43374;14515;10419;0;1827;3600;11330;32;174;1205;0;0;0;0;0;0;0;0;0;0;0;0;101;0;0;171
ST;15367;Schönebeck;61193;42323;971;41352;15245;11384;0;768;2037;10402;432;0;846;0;0;0;0;0;0;0;0;0;0;0;0;0;0;0;0;0;0;0;238;905;41418;13463;10884;0;1259;3062;11425;135;156;761;0;0;0;0;0;0;0;0;0;0;0;0;118;0;0;155
ST;15369;Wernigerode;78506;57606;1473;56133;20100;15100;0;2297;3495;13541;0;0;1600;0;0;0;0;0;0;0;0;0;0;0;0;0;0;0;0;0;0;0;0;1156;56450;20025;14315;0;2259;3854;13936;69;187;1416;0;0;0;0;0;0;0;0;0;0;0;0;120;0;0;269
ST;15370;Altmarkkreis Salzwedel;79983;57729;1128;56601;18058;19581;0;1235;1796;14448;191;0;1292;0;0;0;0;0;0;0;0;0;0;0;0;0;0;0;0;0;0;0;0;1028;56701;18509;15670;0;1954;3557;15112;92;163;1328;0;0;0;0;0;0;0;0;0;0;0;0;146;0;0;170
TH;16051;Erfurt, Stadt;165965;125466;2451;123015;38502;33491;0;8543;4966;33965;0;0;3548;0;0;0;0;0;0;0;0;0;0;0;0;0;0;0;0;0;0;0;0;2103;123363;38362;27474;0;9200;9135;33464;0;793;2894;0;1638;0;0;0;0;0;0;0;0;0;0;403;0;0;0
TH;16052;Gera, Stadt;88281;65210;1193;64017;18306;15221;0;1934;3345;22826;0;0;2385;0;0;0;0;0;0;0;0;0;0;0;0;0;0;0;0;0;0;0;0;1063;64147;18805;13086;0;2812;4951;20941;0;291;2139;0;937;0;0;0;0;0;0;0;0;0;0;185;0;0;0
TH;16053;Jena, Stadt;84117;65811;892;64919;24879;13514;0;5377;4049;15428;0;0;1672;0;0;0;0;0;0;0;0;0;0;0;0;0;0;0;0;0;0;0;0;820;64991;22458;12349;0;7114;5488;14956;0;348;1540;0;559;0;0;0;0;0;0;0;0;0;0;179;0;0;0
TH;16054;Suhl, Stadt;36325;26603;479;26124;7939;6087;0;784;1043;9072;0;0;853;0;0;0;0;346;0;0;0;0;0;0;0;0;0;0;0;0;0;0;0;426;26177;8185;5214;0;1173;1796;8511;0;93;831;0;245;0;0;0;0;0;0;0;0;0;0;129;0;0;0
TH;16055;Weimar, Stadt;51699;39219;674;38545;12432;10752;0;3822;1613;8554;0;0;1372;0;0;0;0;0;0;0;0;0;0;0;0;0;0;0;0;0;0;0;0;545;38674;11731;9039;0;4206;3119;8544;0;385;1146;0;390;0;0;0;0;0;0;0;0;0;0;114;0;0;0
TH;16056;Eisenach, Stadt;36390;26676;455;26221;10395;6280;0;1436;879;5953;0;0;768;0;0;0;0;0;0;0;0;0;0;0;238;0;0;0;0;0;0;0;272;420;26256;8959;5682;0;1792;1746;6719;0;132;766;0;281;0;0;0;0;0;0;0;0;0;0;179;0;0;0
TH;16061;Eichsfeld;89305;69813;1418;68395;16760;33006;0;1366;3123;10100;0;0;2427;0;0;0;0;1613;0;0;0;0;0;0;0;0;0;0;0;0;0;0;0;1286;68527;16125;28911;0;2403;6650;11136;0;262;2442;0;455;0;0;0;0;0;0;0;0;0;0;143;0;0;0
TH;16062;Nordhausen;78341;58346;1068;57278;19476;15644;0;1731;3071;15052;0;0;1704;0;0;0;0;600;0;0;0;0;0;0;0;0;0;0;0;0;0;0;0;955;57391;18848;13472;0;2467;4026;16153;0;287;1594;0;385;0;0;0;0;0;0;0;0;0;0;159;0;0;0
TH;16063;Wartburgkreis;116676;88671;1810;86861;31376;24878;0;2052;4299;18807;0;0;3717;0;0;0;0;0;0;0;0;0;0;0;404;0;0;0;0;0;0;0;1328;1698;86973;27726;23219;0;3372;6483;20960;0;644;3547;0;584;0;0;0;0;0;0;0;0;0;0;438;0;0;0
TH;16064;Unstrut-Hainich-Kreis;94626;70205;1578;68627;21816;21869;0;1651;3384;16362;0;0;2526;0;0;0;0;346;0;0;0;0;0;0;147;0;0;0;0;0;0;0;526;1343;68862;20111;19309;0;2628;5669;17540;0;476;2328;0;543;0;0;0;0;0;0;0;0;0;0;258;0;0;0
TH;16065;Kyffhäuserkreis;74841;54933;1344;53589;16142;14628;0;1267;2124;17103;0;0;2325;0;0;0;0;0;0;0;0;0;0;0;0;0;0;0;0;0;0;0;0;1192;53741;16194;13317;0;1787;3546;15948;0;283;2129;0;368;0;0;0;0;0;0;0;0;0;0;169;0;0;0
TH;16066;Schmalkalden-Meiningen;117124;86640;1727;84913;26225;23813;0;3127;5010;22206;0;0;3085;0;0;0;0;1447;0;0;0;0;0;0;0;0;0;0;0;0;0;0;0;1617;85023;25127;21779;0;3586;7045;22909;0;702;2901;0;640;0;0;0;0;0;0;0;0;0;0;334;0;0;0
TH;16067;Gotha;120654;90651;1882;88769;32979;26338;0;2237;4181;18835;0;0;3724;0;0;475;0;0;0;0;0;0;0;0;0;0;0;0;0;0;0;0;0;1818;88833;27632;23581;0;3884;7010;21487;0;667;3287;0;922;0;0;0;0;0;0;0;0;0;0;363;0;0;0
TH;16068;Sömmerda;65005;48653;1149;47504;12857;16288;0;1360;2753;12293;0;0;1953;0;0;0;0;0;0;0;0;0;0;0;0;0;0;0;0;0;0;0;0;1107;47546;12732;13285;0;1831;4127;12717;0;441;1818;0;440;0;0;0;0;0;0;0;0;0;0;155;0;0;0
TH;16069;Hildburghausen;60076;44790;914;43876;12882;11933;0;1070;2055;13475;0;0;1842;0;0;0;0;619;0;0;0;0;0;0;0;0;0;0;0;0;0;0;0;811;43979;13674;11383;0;1390;3227;11653;0;461;1730;0;270;0;0;0;0;0;0;0;0;0;0;191;0;0;0
TH;16070;Ilm-Kreis;98209;75200;1737;73463;27405;20777;0;1934;3417;15926;0;0;3394;0;0;610;0;0;0;0;0;0;0;0;0;0;0;0;0;0;0;0;0;1607;73593;22387;19385;0;3286;5389;18633;0;429;3009;0;723;0;0;0;0;0;0;0;0;0;0;352;0;0;0
TH;16071;Weimarer Land;73268;56083;1264;54819;17009;17307;0;1952;2941;12839;0;0;2771;0;0;0;0;0;0;0;0;0;0;0;0;0;0;0;0;0;0;0;0;1059;55024;15688;14968;0;2651;4826;13063;0;613;2435;0;584;0;0;0;0;0;0;0;0;0;0;196;0;0;0
TH;16072;Sonneberg;55264;40333;880;39453;12049;9664;0;1068;2128;11063;0;0;2101;0;0;0;0;0;0;0;0;0;0;0;358;0;0;0;0;0;0;0;1022;732;39601;11816;9699;0;1248;2519;11528;0;295;1799;0;292;0;0;0;0;0;0;0;0;0;0;405;0;0;0
TH;16073;Saalfeld-Rudolstadt;106052;80266;1536;78730;24615;20857;0;2114;3819;20208;0;0;4031;0;0;0;0;0;0;0;0;0;0;0;280;0;0;0;0;0;0;0;2806;1383;78883;23261;19220;0;3083;6043;21632;0;504;3933;0;806;0;0;0;0;0;0;0;0;0;0;401;0;0;0
TH;16074;Saale-Holzland-Kreis;76132;59451;1163;58288;16323;17247;0;1844;3576;16826;0;0;2472;0;0;0;0;0;0;0;0;0;0;0;0;0;0;0;0;0;0;0;0;1066;58385;16721;14795;0;2470;4927;15989;0;493;2251;0;568;0;0;0;0;0;0;0;0;0;0;171;0;0;0
TH;16075;Saale-Orla-Kreis;78642;60487;1198;59289;16897;16297;0;1505;2903;14828;0;0;2388;0;0;0;0;0;0;0;0;0;0;0;168;0;0;0;0;0;0;0;4303;1111;59376;17153;15403;0;2170;4716;16246;0;455;2432;0;518;0;0;0;0;0;0;0;0;0;0;283;0;0;0
TH;16076;Greiz;99427;77216;1654;75562;22468;24647;0;2194;4136;18828;0;0;3289;0;0;0;0;0;0;0;0;0;0;0;0;0;0;0;0;0;0;0;0;1517;75699;20635;20532;0;3154;7089;19727;0;444;3095;0;774;0;0;0;0;0;0;0;0;0;0;249;0;0;0
TH;16077;Altenburger Land;91336;67106;1505;65601;20118;20067;0;1467;3153;17679;0;0;3117;0;0;0;0;0;0;0;0;0;0;0;0;0;0;0;0;0;0;0;0;1373;65733;18448;17333;0;2269;5482;17884;0;468;2942;0;695;0;0;0;0;0;0;0;0;0;0;212;0;0;0
